store,brand,model,cpu,gpu,ram,storage,screen,price,condition,link,link_is_product
PCandParts,Acer,Aspire 14 Ai A14 52M 72FH,Intel Ultra 7,Integrated Intel Arc,16GB,1TB SSD,,919,New,https://pcandparts.com/product/acer-aspire-14-ai-a14-52m-72fh-ultra-7-16gb-1tb-ssd-arc-14-touch-win11-tax-included/,1
PCandParts,Acer,Aspire 14 Ai A14 52MT 94H5,Intel Ultra 9,Integrated Intel Arc,32GB,1TB SSD,,1199,New,https://pcandparts.com/product/acer-aspire-14-ai-a14-52mt-94h5-ultra-9-32gb-1tb-ssd-arc-14-touch-win11-tax-included/,1
PCandParts,Acer,Nitro 5 ANV15 52 70SQ,Intel Core 7,RTX 4050,16GB,512GB SSD,,975,New,https://pcandparts.com/product/acer-nitro-5-anv15-52-70sq-core-7-16gb-512gb-ssd-rtx-4050-15-6-win11-tax-included/,1
PCandParts,Acer,Nitro 5 ANV15 52 778V,Intel Core i7,RTX 5050,16GB,512GB SSD,,1179,New,https://pcandparts.com/product/acer-nitro-5-anv15-52-778v-i7-16gb-512gb-ssd-rtx-5050-15-6-win11-tax-included/,1
PCandParts,Acer,Nitro Lite NL16 71G 790D,Intel Core i7,RTX 3050,16GB,512GB SSD,,975,New,https://pcandparts.com/product/acer-nitro-lite-nl16-71g-790d-i7-16gb-512gb-ssd-rtx-3050-16-win11-tax-included/,1
PCandParts,Acer,Nitro V 16S ANV16S 71 97BE,Intel Core 9,RTX 5070,16GB,1TB SSD,,1518,New,https://pcandparts.com/product/acer-nitro-v-16s-anv16s-71-97be-core-9-16gb-1tb-ssd-rtx-5070-16-tax-included/,1
PCandParts,Acer,Nitro V15 ANV15 52 90DS,Intel Core i9,RTX 5060,16GB,512GB SSD,,1399,New,https://pcandparts.com/product/acer-nitro-v15-anv15-52-90ds-i9-16gb-512gb-ssd-rtx-5060-15-6-tax-included/,1
PCandParts,Acer,Nitro V15 ANV15 A31 R7H1,AMD Ryzen 7,RTX 5060,16GB,1TB SSD,,1149,New,https://pcandparts.com/product/acer-nitro-v15-anv15-a31-r7h1-ryzen-7-16gb-1tb-ssd-rtx-5060-15-6-tax-included/,1
PCandParts,Acer,Nitro V16 ANV16 72 7809,Intel Core 7,RTX 5060,32GB,512GB SSD,,1365,New,https://pcandparts.com/product/acer-nitro-v16-anv16-72-7809-core-7-32gb-512gb-ssd-rtx-5060-16-win11-tax-included/,1
PCandParts,Acer,Veriton VS2720G,Intel Core i7,Integrated,8GB,512GB SSD,,799,New,https://pcandparts.com/product/acer-veriton-vs2720g-i7-14th-gen-8gb-512gb-ssd-tax-included/,1
PCandParts,ASUS,Rog Flow Z13 GZ302,AMD Ryzen AI Max+,,64GB,1TB SSD,,2547,New,https://pcandparts.com/product/asus-rog-flow-z13-gz302-ryzen-ai-max-64gb-1tb-ssd-13-4-oled-win11-tax-included/,1
PCandParts,ASUS,Rog Strix G16 G614PR,AMD Ryzen 9,RTX 5070 Ti,16GB,1TB SSD,,2128,New,https://pcandparts.com/product/asus-rog-strix-g16-g614pr-ryzen-9-16gb-1tb-ssd-rtx-5070ti-16-win11-tax-included/,1
PCandParts,ASUS,Rog Strix G18 G1815LP,Intel Ultra 9,RTX 5070,32GB,2TB SSD,,2595,New,https://pcandparts.com/product/asus-rog-strix-g18-g1815lp-ultra-9-32gb-2tb-ssd-rtx-5070-18-win11-tax-included/,1
PCandParts,ASUS,Rog Strix G18,Intel Ultra 9,RTX 5070 Ti,32GB,2TB SSD,,2729,New,https://pcandparts.com/product/asus-rog-strix-g18-ultra-9-32gb-2tb-ssd-rtx-5070ti-18-win11-tax-included/,1
PCandParts,ASUS,Rog Zephyrus G14 GA403,AMD Ryzen 9,RTX 5080,32GB,2TB SSD,,3033,New,https://pcandparts.com/product/asus-rog-zephyrus-g14-ga403-ryzen-9-32gb-2tb-ssd-rtx-5080-14-oled-win11-tax-included/,1
PCandParts,ASUS,Tuf A16 FA608UH R7165W,AMD Ryzen 7,RTX 5050,16GB,512GB SSD,,1219,New,https://pcandparts.com/product/asus-tuf-a16-fa608uh-r7165w-ryzen-7-16gb-512gb-ssd-rtx-5050-16-win11-tax-included/,1
PCandParts,ASUS,Vivobook 16 F1605VA WS96,Intel Core i9,Integrated,16GB,1TB SSD,,943,New,https://pcandparts.com/product/asus-vivobook-16-f1605va-ws96-i9-16gb-1tb-ssd-16-win11-tax-included/,1
PCandParts,ASUS,Vivobook 18 M1807HA,AMD Ryzen 7,Integrated AMD Radeon,32GB,1TB SSD,,1219,New,https://pcandparts.com/product/asus-vivobook-18-m1807ha-ryzen-7-32gb-1tb-ssd-18-radeon-win11-tax-included/,1
PCandParts,ASUS,Vivobook TP3407SA DS74T,Intel Ultra 7,Integrated Intel Arc,16GB,1TB SSD,,1049,New,https://pcandparts.com/product/asus-vivobook-tp3407sa-ds74t-ultra-7-16gb-1tb-ssd-14-touch-arc-win11-tax-included/,1
PCandParts,ASUS,Vivobook X1404VAP V14 C58256 Blue,Intel Core 5,Integrated,8GB,256GB SSD,,539,New,https://pcandparts.com/product/asus-vivobook-x1404vap-v14-c58256-blue-core-5-8gb-ram-256gb-ssd-14-win11-tax-included/,1
PCandParts,Dell,15 DC15250,Intel Core i5,Integrated,8GB,512GB SSD,,609,New,https://pcandparts.com/product/dell-15-dc15250-i5-8gb-512gb-ssd-15-6-touch-win11-tax-included-2/,1
PCandParts,Dell,16 DC16250,Intel Core 7,Integrated,16GB,1TB SSD,,969,New,https://pcandparts.com/product/dell-16-dc16250-core-7-16gb-1tb-ssd-16-touch-win11-tax-included/,1
PCandParts,Dell,16 DC16250,Intel Ultra 9,Integrated Intel Arc,32GB,1TB SSD,,1455,New,https://pcandparts.com/product/dell-16-dc16250-ultra-9-32gb-1tb-ssd-16-touch-arc-win11-tax-included/,1
PCandParts,Dell,Alienware Aurora 16 LAC16251,Intel Core 9,RTX 5070,32GB,2TB SSD,,2275,New,https://pcandparts.com/product/dell-alienware-aurora-16-lac16251-core-9-32gb-2tb-ssd-rtx-5070-16-win11-tax-included/,1
PCandParts,Dell,Gaming G15 G5530 7527BLK Pus,Intel Core i7,RTX 4050,8GB,1TB SSD,,1109,New,https://pcandparts.com/product/dell-gaming-g15-g5530-7527blk-pus-i7-8gb-1tb-ssd-rtx-4050-15-6-win11-tax-included/,1
PCandParts,Dell,Inspiron 14 I7441 SX10838BLU Pus,Snapdragon,Integrated Adreno,16GB,512GB SSD,,826,New,https://pcandparts.com/product/dell-inspiron-14-i7441-sx10838blu-pus-snapdragon-16gb-512gb-ssd-14-touch-win11-tax-included/,1
PCandParts,Dell,Inspiron 16 I5640 7609BLU Pu,Intel Core 7,Integrated,32GB,1TB SSD,,1125,New,https://pcandparts.com/product/dell-inspiron-16-i5640-7609blu-pu-core-7-32gb-1tb-ssd-16-touch-win11-tax-included/,1
PCandParts,Dell,Latitude 5450,Intel Ultra 5,Integrated,16GB,512GB SSD,,1099,New,https://pcandparts.com/product/dell-latitude-5450-ultra-5-16gb-512gb-ssd-14-touch-win11-tax-included/,1
PCandParts,Dell,Latitude 5540 210 Bfzv,Intel Core i7,Integrated,16GB,512GB SSD,,1211,New,https://pcandparts.com/product/dell-latitude-5540-210-bfzv-i7-i7-16gb-512gb-ssd-14/,1
PCandParts,Dell,Latitude 5540 210 Bgbj,Intel Core i5,Integrated,8GB,512GB SSD,,567,New,https://pcandparts.com/product/dell-latitude-5540-210-bgbj-i5-i5-8gb-512gb-ssd-15-6/,1
PCandParts,Dell,Latitude 5540 210 Bgbj,Intel Core i7,Integrated,16GB,512GB SSD,,1222,New,https://pcandparts.com/product/dell-latitude-5540-210-bgbj-i7-i7-16gb-512gb-ssd-15-6/,1
PCandParts,Extreme,Gaming Luxury Pcii Rgb,AMD Ryzen 7,RTX 5070,32GB,1TB SSD,,2189,New,https://pcandparts.com/product/extreme-gaming-luxury-pcii-rgb-ryzen-7-1tb-ssd-32gb-rtx-5070-b850/,1
PCandParts,Gigabyte,A16,Intel Core i7,RTX 5050,16GB,1TB SSD,,1178,New,https://pcandparts.com/product/gigabyte-a16-i7-16gb-1tb-ssd-rtx-5050-16-win11-tax-included/,1
PCandParts,HP,15 FD0133WM 15 FD1031WM,Intel Core i3,Integrated,8GB,256GB SSD,,449,New,https://pcandparts.com/product/hp-15-fd0133wm-15-fd1031wm-i3-8gb-256gb-ssd-15-6-win11-tax-included/,1
PCandParts,HP,15 FD0143NE,Intel Core i7,GeForce MX570,8GB,512GB SSD,,655,New,https://pcandparts.com/product/hp-15-fd0143ne-i7-8gb-512gb-ssd-15-6-mx570-tax-included/,1
PCandParts,HP,15 FD0250WM,Intel Core i5,Integrated,8GB,512GB SSD,,559,New,https://pcandparts.com/product/hp-15-fd0250wm-i5-8gb-512gb-ssd-15-6-win11-tax-included-2/,1
PCandParts,HP,15 FD0371NIA,Intel Core i7,GeForce MX570,8GB,512GB SSD,,664,New,https://pcandparts.com/product/hp-15-fd0371nia-i7-8gb-512gb-ssd-mx570-15-6-tax-included/,1
PCandParts,HP,15 FD1899NR,Intel Core 7,Integrated,16GB,512GB SSD,,714,New,https://pcandparts.com/product/hp-15-fd1899nr-core-7-16gb-512gb-ssd-15-6-win11-tax-included/,1
PCandParts,HP,15 FD2002NE,Intel Ultra 7,Integrated,16GB,512GB SSD,,867,New,https://pcandparts.com/product/hp-15-fd2002ne-ultra-7-16gb-512gb-ssd-15-6-tax-included/,1
PCandParts,HP,15 FD2003NE,Intel Ultra 5,Integrated,16GB,512GB SSD,,699,New,https://pcandparts.com/product/hp-15-fd2003ne-ultra-5-16gb-512gb-ssd-15-6-tax-included/,1
PCandParts,HP,17 CN4071CL,Intel Core 7,Integrated,16GB,512GB SSD,,799,New,https://pcandparts.com/product/hp-17-cn4071cl-core-7-16gb-ram-512gb-ssd-17-3-win11-tax-included/,1
PCandParts,HP,250 G10,Intel Core i5,Integrated,8GB,512GB SSD,,569,New,https://pcandparts.com/product/hp-250-g10-i5-8gb-512gb-ssd-15-6-tax-included/,1
PCandParts,HP,Elitebook 660 G11,Intel Ultra 7,Integrated,16GB,512GB SSD,,1169,New,https://pcandparts.com/product/hp-elitebook-660-g11-ultra-7-16gb-512gb-ssd-16-tax-included/,1
PCandParts,HP,Elitebook 840 G11,Intel Ultra 5,Integrated,16GB,256GB SSD,,983,New,https://pcandparts.com/product/hp-elitebook-840-g11-ultra-5-16gb-256gb-ssd-14-touch-win11-tax-included/,1
PCandParts,HP,15 FD0127DX,Intel Core i7,Integrated,16GB,512GB SSD,,779,New,https://pcandparts.com/product/hp-laptop-15-fd0127dx-i7-16gb-512gb-ssd-15-6-touch-win11-tax-included/,1
PCandParts,HP,Gaming Omen 16 AM0005NE,Intel Core i9,RTX 5070,16GB,1TB SSD,,1878,New,https://pcandparts.com/product/hp-laptop-gaming-omen-16-am0005ne-i9-16gb-1tb-ssd-rtx-5070-16-tax-included/,1
PCandParts,HP,Victus 15 FA2000NE,Intel Core 7,RTX 5050,8GB,512GB SSD,,1186,New,https://pcandparts.com/product/hp-laptop-victus-15-fa2000ne-core-7-8gb-512gb-ssd-rtx-5050-15-6/,1
PCandParts,HP,Victus 15 FA2013DX,Intel Core i5,RTX 3050,8GB,512GB SSD,,985,New,https://pcandparts.com/product/hp-laptop-victus-15-fa2013dx-i5-8gb-512gb-ssd-rtx-3050-15-6-win11-tax-included/,1
PCandParts,HP,Victus 15 FB3001NR,AMD Ryzen AI 7,RTX 5060,16GB,1TB SSD,,1323,New,https://pcandparts.com/product/hp-laptop-victus-15-fb3001nr-ryzen-ai-7-16gb-1tb-ssd-rtx-5060-15-6-win11-tax-included/,1
PCandParts,HP,Victus 15 FB3025NE,AMD Ryzen 7,RTX 3050,16GB,512GB SSD,,952,New,https://pcandparts.com/product/hp-laptop-victus-15-fb3025ne-ryzen-7-16gb-512gb-ssd-rtx-3050-15-6-tax-included/,1
PCandParts,HP,Omen 16,Intel Ultra 7,RTX 5070,16GB,512GB SSD,,1499,New,https://pcandparts.com/product/hp-omen-16-ultra-7-16gb-512gb-ssd-16-rtx-5070/,1
PCandParts,HP,Omen 17,AMD Ryzen 7,RTX 5060,32GB,1TB SSD,,1499,New,https://pcandparts.com/product/hp-omen-17-ryzen-7-32gb-1tb-ssd-17-rtx-5060-tax-included/,1
PCandParts,HP,Omnibook 3 16 BU0170WM,Intel Ultra 7,Integrated,16GB,1TB SSD,,909,New,https://pcandparts.com/product/hp-omnibook-3-16-bu0170wm-laptop-ultra-7-16gb-1tb-ssd-16-win11-tax-included/,1
PCandParts,HP,Omnibook 3 16 BU0305DX,Intel Ultra 5,Integrated,8GB,512GB SSD,,685,New,https://pcandparts.com/product/hp-omnibook-3-16-bu0305dx-ultra-5-8gb-512gb-16-touch-win11-tax-included/,1
PCandParts,HP,Omnibook 3 16 CD0070WM,Intel Ultra 7,Integrated,16GB,1TB SSD,,1025,New,https://pcandparts.com/product/hp-omnibook-3-16-cd0070wm-laptop-ultra-7-16gb-1tb-ssd-16-touch-win11-tax-included/,1
PCandParts,HP,Omnibook 5 16 AF1017WM,Intel Ultra 7,Integrated,16GB,1TB SSD,,959,New,https://pcandparts.com/product/hp-omnibook-5-16-af1017wm-ultra-7-16gb-1tb-ssd-16-touch-win11-tax-included/,1
PCandParts,HP,Omnibook 5 16 AG1075CL,AMD Ryzen 7,Integrated AMD Radeon,32GB,1TB SSD,,1169,New,https://pcandparts.com/product/hp-omnibook-5-16-ag1075cl-ryzen-7-32gb-1tb-ssd-16-touch-radeon-win11-tax-included/,1
PCandParts,HP,Omnibook 5 16 CD0107ST,Intel Ultra 7,Integrated,16GB,512GB SSD,,899,New,https://pcandparts.com/product/hp-omnibook-5-16-cd0107st-laptop-ultra-7-16gb-512gb-ssd-16-win11-tax-included/,1
PCandParts,HP,Omnibook X Flip 14 FM0013DX,Intel Ultra 5,Integrated Intel Arc,16GB,512GB SSD,,879,New,https://pcandparts.com/product/hp-omnibook-x-flip-14-fm0013dx-ultra-5-16gb-512gb-ssd-14-touch-arc-win11-tax-included/,1
PCandParts,HP,Omnibook X Flip 16 AS0023DX,Intel Ultra 7,Integrated,16GB,1TB SSD,,948,New,https://pcandparts.com/product/hp-omnibook-x-flip-16-as0023dx-ultra-7-16gb-1tb-ssd-16-touch-win11-tax-included/,1
PCandParts,HP,Omnibook X Flip 16 AS0043DX,Intel Ultra 9,Integrated Intel Arc,32GB,1TB SSD,,1489,New,https://pcandparts.com/product/hp-omnibook-x-flip-16-as0043dx-ultra-9-32gb-1tb-ssd-16-touch-arc-win11-tax-included/,1
PCandParts,HP,Omnibook X Flip 16 AS0053,Intel Ultra 9,Integrated Intel Arc,32GB,1TB SSD,,1829,New,https://pcandparts.com/product/hp-omnibook-x-flip-16-as0053-ultra-9-32gb-1tb-ssd-16-touch-arc-win11-tax-included/,1
PCandParts,HP,Probook 4 G1I,Intel Ultra 7,Integrated,16GB,512GB SSD,,1044,New,https://pcandparts.com/product/hp-probook-4-g1i-ultra-7-16gb-512gb-ssd-14-tax-included-2/,1
PCandParts,HP,Probook 4 G1I,Intel Ultra 7,Integrated,16GB,512GB SSD,,973,New,https://pcandparts.com/product/hp-probook-4-g1i-ultra-7-16gb-512gb-ssd-16-tax-included-2/,1
PCandParts,HP,Probook 4 G1I,Intel Ultra 7,Integrated,16GB,512GB SSD,,986,New,https://pcandparts.com/product/hp-probook-4-g1i-ultra-7-16gb-512gb-ssd-16-tax-included/,1
PCandParts,HP,Prodesk 400 G7,Intel Core i5-10500,Integrated,,,,625,New,https://pcandparts.com/product/hp-prodesk-400-g7-i5-10500/,1
PCandParts,HP,Hyperx Omen 15,Intel Ultra 9,RTX 5060,16GB,1TB SSD,,1685,New,https://pcandparts.com/product/hyperx-omen-15-gaming-laptop-ultra-9-16gb-1tb-ssd-rtx-5060-win11-tax-included/,1
PCandParts,HP,Hyperx Omen 15,Intel Ultra 9,RTX 5070,32GB,1TB SSD,,2589,New,https://pcandparts.com/product/hyperx-omen-15-gaming-laptop-ultra-9-32gb-1tb-ssd-rtx-5070-win11-tax-included/,1
PCandParts,Lenovo,Ideapad 1I 83B40008US,Intel Core i5,Integrated,16GB,256GB SSD,,565,New,https://pcandparts.com/product/lenovo-ideapad-1i-83b40008us-i5-16gb-ram-256gb-ssd-15-6-win11-tax-included/,1
PCandParts,Lenovo,Ideapad 3 81W1014GAX,AMD Ryzen 3,Integrated AMD Radeon,4GB,1TB HDD,,317,New,https://pcandparts.com/product/lenovo-ideapad-3-81w1014gax-ryzen-3-4gb-1tb-hdd-15-6-2/,1
PCandParts,Lenovo,Ideapad 5 83UL0004US 2 In 1,Intel Ultra 7,Integrated,16GB,1TB SSD,,1249,New,https://pcandparts.com/product/lenovo-ideapad-5-83ul0004us-2-in-1-ultra-7-16gb-1tb-ssd-15-3-touch-win11-tax-included/,1
PCandParts,Lenovo,Ideapad Slim 3 82X700HRAX,Intel Core i3,Integrated,8GB,256GB SSD,,447,New,https://pcandparts.com/product/lenovo-ideapad-slim-3-82x700hrax-i3-8gb-256gb-ssd-15-6-tax-included/,1
PCandParts,Lenovo,Ideapad Slim 3 82X700HUUS,Intel Core i7,Integrated,16GB,1TB SSD,,805,New,https://pcandparts.com/product/lenovo-ideapad-slim-3-82x700huus-i7-16gb-1tb-ssd-15-6-touch-win11tax-included/,1
PCandParts,Lenovo,Ideapad Slim 3 83K100C1DP,Intel Core i5,Integrated,16GB,512GB SSD,,607,New,https://pcandparts.com/product/lenovo-ideapad-slim-3-83k100c1dp-i5-16gb-512gb-ssd-15-3-tax-included/,1
PCandParts,Lenovo,Ideapad Slim 3 83K100E7DP,Intel Core i7,Integrated,16GB,512GB SSD,,732,New,https://pcandparts.com/product/lenovo-ideapad-slim-3-83k100e7dp-i7-16gb-512gb-ssd-15-3-tax-included/,1
PCandParts,Lenovo,Ideapad Slim 3 83K100YTFU,Intel Core i7,Integrated,16GB,512GB SSD,,696,New,https://pcandparts.com/product/lenovo-ideapad-slim-3-83k100ytfu-i7-16gb-512gb-ssd-15-3-tax-included/,1
PCandParts,Lenovo,Ideapad Slim 3 83UR0042DP,Intel Ultra 7,Integrated,16GB,512GB SSD,,815,New,https://pcandparts.com/product/lenovo-ideapad-slim-3-83ur0042dp-ultra-7-16gb-512gb-ssd-15-3-tax-included/,1
PCandParts,Lenovo,Legion 5 15IAX10 83LY00MUPS,Intel Core i7,RTX 5060,16GB,1TB SSD,,1511,New,https://pcandparts.com/product/lenovo-legion-5-15iax10-83ly00mups-i7-16gb-1tb-ssd-rtx-5060-15-3-tax-included/,1
PCandParts,Lenovo,Legion Pro 7 83F50012US,Intel Ultra 9,RTX 5080,32GB,1TB SSD,,3285,New,https://pcandparts.com/product/lenovo-legion-pro-7-83f50012us-ultra-9-32gb-1tb-ssd-rtx-5080-16-oled-win11-tax-included/,1
PCandParts,Lenovo,Legion Pro 7 83F5008NAX,Intel Ultra 9,RTX 5070 Ti,32GB,2TB SSD,,3173,New,https://pcandparts.com/product/lenovo-legion-pro-7-83f5008nax-ultra-9-32gb-2tb-ssd-rtx-5070ti-16-win11-tax-included/,1
PCandParts,Lenovo,Loq 15IRX9 83DV01BCAX,Intel Core i5,RTX 3050,16GB,512GB SSD,,999,New,https://pcandparts.com/product/lenovo-loq-15irx9-83dv01bcax-i5-16gb-512gb-ssd-rtx-3050-15-6-tax-included/,1
PCandParts,Lenovo,Loq 17IRX10 83JH00BTAX,Intel Core i7,RTX 5060,16GB,512GB SSD,,1460,New,https://pcandparts.com/product/lenovo-loq-17irx10-83jh00btax-i7-16gb-512gb-ssd-rtx-5060-17-3-tax-included/,1
PCandParts,Lenovo,Loq 83DV0072PS,Intel Core i7,RTX 3050,16GB,512GB SSD,,1082,New,https://pcandparts.com/product/lenovo-loq-83dv0072ps-i7-16gb-512gb-ssd-rtx-3050-15-6-tax-included/,1
PCandParts,Lenovo,Loq 83DV00UQPS,Intel Core i5,RTX 3050,24GB,512GB SSD,,1045,New,https://pcandparts.com/product/lenovo-loq-83dv00uqps-i5-24gb-512gb-ssd-rtx-3050-15-6-tax-included-2/,1
PCandParts,Lenovo,Loq 83DV01HPSA,Intel Core i7,RTX 4050,16GB,512GB SSD,,1185,New,https://pcandparts.com/product/lenovo-loq-83dv01hpsa-i7-16gb-512gb-ssd-rtx-4050-15-6-tax-included/,1
PCandParts,Lenovo,Loq 83DV01HRPS,Intel Core i7,RTX 4050,16GB,512GB SSD,,1159,New,https://pcandparts.com/product/lenovo-loq-83dv01hrps-i7-16gb-512gb-ssd-rtx-4050-15-6-tax-included/,1
PCandParts,Lenovo,Loq 83JE00XVUE,Intel Core i7,RTX 5060,16GB,512GB SSD,,1408,New,https://pcandparts.com/product/lenovo-loq-83je00xvue-i7-16gb-512gb-ssd-rtx-5060-15-6-tax-included/,1
PCandParts,Lenovo,Loq 83JE0114AX,Intel Core i7,RTX 5050,16GB,512GB SSD,,1304,New,https://pcandparts.com/product/lenovo-loq-83je0114ax-i7-16gb-512gb-ssd-rtx-5050-15-6-tax-included/,1
PCandParts,Lenovo,Loq 83JG003EPB,AMD Ryzen 7,RTX 5050,16GB,512GB SSD,,1195,New,https://pcandparts.com/product/lenovo-loq-83jg003epb-ryzen-7-16gb-512gb-ssd-rtx-5050-15-6-win11-tax-included/,1
PCandParts,Lenovo,Loq 83LK003TPS,Intel Core i7,RTX 4050,16GB,512GB SSD,,1027,New,https://pcandparts.com/product/lenovo-loq-83lk003tps-i7-16gb-512gb-ssd-rtx-4050-15-6-tax-included/,1
PCandParts,Lenovo,Loq 83LK00CVUS,Intel Core i5,RTX 3050,16GB,512GB SSD,,892,New,https://pcandparts.com/product/lenovo-loq-83lk00cvus-i5-16gb-512gb-ssd-rtx-3050-15-6-win11tax-included/,1
PCandParts,Lenovo,Loq E 83S00000US,AMD Ryzen 7,RTX 4050,16GB,512GB SSD,,1029,New,https://pcandparts.com/product/lenovo-loq-e-83s00000us-ryzen-7-16gb-512gb-ssd-rtx-4050-win11-tax-included/,1
PCandParts,Lenovo,Loq E 83SC007WFE,Intel Core i7,RTX 4050,16GB,512GB SSD,,1237,New,https://pcandparts.com/product/lenovo-loq-e-83sc007wfe-i7-16gb-512gb-ssd-rtx-4050-tax-included/,1
PCandParts,Lenovo,Loq E 83VA000XPB,AMD Ryzen 7,RTX 5060,16GB,512GB SSD,,1289,New,https://pcandparts.com/product/lenovo-loq-e-83va000xpb-ryzen-7-16gb-512gb-ssd-rtx-5060-tax-included/,1
PCandParts,Lenovo,Loq E 83VA001PUS,AMD Ryzen 7,RTX 5050,16GB,512GB SSD,,1339,New,https://pcandparts.com/product/lenovo-loq-e-83va001pus-ryzen-7-16gb-512gb-ssd-rtx-5050-win11-tax-included/,1
PCandParts,Lenovo,Neo 30S,Intel Core i3,Integrated,8GB,512GB SSD,,515,New,https://pcandparts.com/product/lenovo-neo-30s-i3-8gb-512gb-ssd/,1
PCandParts,Lenovo,Neo 50T,Intel Core i3,Integrated,8GB,512GB SSD,,575,New,https://pcandparts.com/product/lenovo-neo-50t-i3-8gb-512gb-ssd-tax-included-3/,1
PCandParts,Lenovo,Neo 50T,Intel Core i5,Integrated,8GB,512GB SSD,,725,New,https://pcandparts.com/product/lenovo-neo-50t-i5-8gb-512gb-ssd-tax-included/,1
PCandParts,Lenovo,Neo 50T,Intel Core i7,Integrated,8GB,512GB SSD,,939,New,https://pcandparts.com/product/lenovo-neo-50t-i7-8gb-512gb-ssd-tax-included/,1
PCandParts,Lenovo,Neo 50T,Intel Ultra 3,Integrated,8GB,512GB SSD,,609,New,https://pcandparts.com/product/lenovo-neo-50t-ultra-3-8gb-512gb-ssd-tax-included/,1
PCandParts,Lenovo,Neo 50T,Intel Ultra 5,Integrated,8GB,512GB SSD,,695,New,https://pcandparts.com/product/lenovo-neo-50t-ultra-5-8gb-512gb-ssd/,1
PCandParts,Lenovo,Neo 50T,Intel Ultra 7,Integrated,16GB,512GB SSD,,1145,New,https://pcandparts.com/product/lenovo-neo-50t-ultra-7-16gb-512gb-ssd-tax-included/,1
PCandParts,Lenovo,Neo M70T 12U60046GP,Intel Core i7,Integrated,8GB,512GB SSD,,875,New,https://pcandparts.com/product/lenovo-neo-m70t-12u60046gp-i7-8gb-512gb-ssd-tax-included/,1
PCandParts,Lenovo,Neo M70T 12YH000PGP,Intel Ultra 7,Integrated,16GB,512GB SSD,,1125,New,https://pcandparts.com/product/lenovo-neo-m70t-12yh000pgp-ultra-7-16gb-512gb-ssd-tax-included/,1
PCandParts,Lenovo,Thinkbook 16,Intel Ultra 7,Integrated Intel Arc,16GB,512GB SSD,,959,New,https://pcandparts.com/product/lenovo-thinkbook-16-ultra-7-16gb-512gb-ssd-arc-16-tax-included/,1
PCandParts,Lenovo,Thinkcenter Neo 50Q,Intel Ultra 7,Integrated Intel Arc,16GB,512GB SSD,,949,New,https://pcandparts.com/product/lenovo-thinkcenter-neo-50q-ultra-7-16gb-512gb-ssd-arc/,1
PCandParts,Lenovo,Thinkpad E14 21SYS6D300,Intel Ultra 7,Integrated,16GB,512GB SSD,,1129,New,https://pcandparts.com/product/lenovo-thinkpad-e14-21sys6d300-ultra-7-16gb-512gb-ssd-14-tax-included/,1
PCandParts,Lenovo,Thinkpad E16 21SSS72200,Intel Ultra 7,Integrated Intel Arc,16GB,512GB SSD,,1145,New,https://pcandparts.com/product/lenovo-thinkpad-e16-21sss72200-ultra-7-16gb-512gb-ssd-16-arc-tax-included/,1
PCandParts,Lenovo,Thinkpad X9 14 21QA008NUS,Intel Ultra 7,Integrated Intel Arc,32GB,512GB SSD,,1897,New,https://pcandparts.com/product/lenovo-thinkpad-x9-14-21qa008nus-ultra-7-32gb-512gb-ssd-14-oled-touch-arc-win11-tax-included/,1
PCandParts,Lenovo,V14 G4 Iru 83A000G8US,Intel Core i7,Integrated,16GB,512GB SSD,,711,New,https://pcandparts.com/product/lenovo-v14-g4-iru-83a000g8us-i7-16gb-512gb-ssd-14-win11-tax-included/,1
PCandParts,Lenovo,V15 G4 Amn 82YU00YYRM,AMD Ryzen 5,Integrated AMD Radeon,8GB,512GB SSD,,499,New,https://pcandparts.com/product/lenovo-v15-g4-amn-82yu00yyrm-ryzen-5-8gb-512gb-ssd-radeon-15-6-tax-included/,1
PCandParts,Lenovo,V15 G5 Irl 83GW0076GP,Intel Core i3,Integrated,8GB,256GB SSD,,468,New,https://pcandparts.com/product/lenovo-v15-g5-irl-83gw0076gp-i3-8gb-256gb-ssd-15-6-tax-included/,1
PCandParts,Lenovo,V15 G5 Irl 83HF00E6IG,Intel Core i5,Integrated,8GB,512GB SSD,,569,New,https://pcandparts.com/product/lenovo-v15-g5-irl-83hf00e6ig-i5-8gb-512gb-ssd-15-6-tax-included/,1
PCandParts,Lenovo,Yoga Slim 9 83CX0005US,Intel Ultra 7,Integrated,32GB,1TB SSD,,1833,New,https://pcandparts.com/product/lenovo-yoga-slim-9-83cx0005us-ultra-7-32gb-1tb-ssd-14-4k-oled-touch-win11-tax-included/,1
PCandParts,MSI,Crosshair 16 Hx E14WGK 038US,Intel Core i9,RTX 5070,16GB,512GB SSD,,1699,New,https://pcandparts.com/product/msi-crosshair-16-hx-e14wgk-038us-i9-16gb-512gb-ssd-rtx-5070-16-win11-tax-included/,1
PCandParts,MSI,Cyborg 15 A13UC,Intel Core i7,RTX 3050,16GB,512GB SSD,,1003,New,https://pcandparts.com/product/msi-cyborg-15-a13uc-i7-16gb-512gb-ssd-rtx-3050-15-6-tax-included/,1
PCandParts,MSI,Cyborg 15 B13WEKG,Intel Core i7,RTX 5050,16GB,1TB SSD,,1239,New,https://pcandparts.com/product/msi-cyborg-15-b13wekg-i7-16gb-1tb-ssd-rtx-5050-15-6-win11-tax-included/,1
PCandParts,MSI,Cyborg 15 B13WFKG,Intel Core i7,RTX 5060,16GB,1TB SSD,,1349,New,https://pcandparts.com/product/msi-cyborg-15-b13wfkg-i7-16gb-1tb-ssd-rtx-5060-15-6-win11-tax-included/,1
PCandParts,MSI,Cyborg 15 B2RW,Intel Core 7,RTX 5070,16GB,1TB SSD,,1445,New,https://pcandparts.com/product/msi-cyborg-15-b2rw-core-7-16gb-1tb-ssd-rtx-5070-15-6-win11-tax-included/,1
PCandParts,MSI,Cyborg 15 B2RWFKG,Intel Core 9,RTX 5060,16GB,512GB SSD,,1445,New,https://pcandparts.com/product/msi-cyborg-15-b2rwfkg-core-9-16gb-512gb-ssd-rtx-5060-15-6-win11-tax-included/,1
PCandParts,MSI,Katana 15 Hx B14WGK 293US,Intel Core i7,RTX 5070,16GB,1TB SSD,,1575,New,https://pcandparts.com/product/msi-katana-15-hx-b14wgk-293us-i7-16gb-1tb-ssd-rtx-5070-15-6-win11-tax-included/,1
PCandParts,MSI,Katana 15HX B14WFK,Intel Core i7,RTX 5070,16GB,1TB SSD,,1619,New,https://pcandparts.com/product/msi-katana-15hx-b14wfk-i7-16gb-1tb-ssd-rtx-5070-15-6-tax-included/,1
PCandParts,MSI,Katana 15HX B14WFK,Intel Core i9,RTX 5060,16GB,1TB SSD,,1495,New,https://pcandparts.com/product/msi-katana-15hx-b14wfk-i9-16gb-1tb-ssd-rtx-5060-15-6-tax-included/,1
PCandParts,MSI,Katana 15HX B14WGK,Intel Core i9,RTX 5070,16GB,1TB SSD,,1655,New,https://pcandparts.com/product/msi-katana-15hx-b14wgk-i9-16gb-1tb-ssd-rtx-5070-15-6-tax-included/,1
PCandParts,MSI,Raider 18 Hx Ai A2XWIG,Intel Ultra 9,RTX 5080,32GB,1TB SSD,,2994,New,https://pcandparts.com/product/msi-raider-18-hx-ai-a2xwig-ultra-9-32gb-1tb-ssd-rtx-5080-18-win11-tax-included/,1
PCandParts,MSI,Vector 16 Ai 16 A8WHG,AMD Ryzen 9,RTX 5070,16GB,1TB SSD,,1975,New,https://pcandparts.com/product/msi-vector-16-ai-16-a8whg-ryzen-9-16gb-ram-1tb-ssd-rtx-5070-16-win11-tax-included/,1
PCandParts,MSI,Vector 16 Hx Ai,Intel Ultra 7,RTX 5070 Ti,16GB,1TB SSD,,1919,New,https://pcandparts.com/product/msi-vector-16-hx-ai-ultra-7-16gb-1tb-ssd-rtx-5070ti-16-win11-tax-included/,1
Ayoub Computers,Apple,Macbook Air 13 6,Apple M5,Apple GPU,16GB,1TB SSD,,1599,New,https://ayoubcomputers.com/apple-macbook-air-13-6-m5-chip-10-core-cpu-10-core-gpu-16gb-ram-1tb-ssd/,1
Ayoub Computers,Apple,Macbook Air 13 6,Apple M5,Apple GPU,24GB,1TB SSD,,1775,New,https://ayoubcomputers.com/apple-macbook-air-13-6-m5-chip-10-core-cpu-10-core-gpu-24gb-ram-1tb-ssd-sky-blue-mdhk4/,1
Ayoub Computers,Apple,Macbook Air,Apple M5,Apple GPU,16GB,512GB SSD,"13""",1479,New,https://ayoubcomputers.com/apple-macbook-air-13-inch-m5-10-core-cpu-8-core-gpu-16gb-ram-512gb-ssd/,1
Ayoub Computers,Apple,Macbook Air 13,Apple M5,Apple GPU,24GB,4GB SSD,,1899,New,https://ayoubcomputers.com/apple-macbook-air-13-laptop-m5-chip-10-core-cpu-ram-24gb-ssd-1tb-10-core-gpu/,1
Ayoub Computers,Apple,Macbook Air 15 3,Apple M5,Apple GPU,16GB,1TB SSD,,1599,New,https://ayoubcomputers.com/apple-macbook-air-15-3-m5-chip-10-core-cpu-10-core-gpu-16gb-ram-1tb-ssd/,1
Ayoub Computers,Apple,Macbook Air 15 3,Apple M5,Apple GPU,16GB,512GB SSD,,1599,New,https://ayoubcomputers.com/apple-macbook-air-15-3-m5-chip-10-core-cpu-10-core-gpu-16gb-ram-512gb-ssd/,1
Ayoub Computers,Apple,Macbook Air 15 3,Apple M5,Apple GPU,24GB,1TB SSD,,2149,New,https://ayoubcomputers.com/apple-macbook-air-15-3-m5-chip-10-core-cpu-10-core-gpu-24gb-ram-1tb-ssd/,1
Ayoub Computers,Apple,Macbook Pro,Apple M5,Apple GPU,24GB,1TB SSD,"14""",2349,New,https://ayoubcomputers.com/apple-macbook-pro-14-inch-m5-10-core-cpu-10-core-gpu-laptop-24gb-ram-1tb-ssd/,1
Ayoub Computers,Apple,Macbook Pro,Apple M5 Pro,Apple GPU,24GB,1TB SSD,"14""",2449,New,https://ayoubcomputers.com/apple-macbook-pro-14-inch-m5-pro-15-core-cpu-16-core-gpu-24gb-ram-1tb-ssd/,1
Ayoub Computers,Apple,Macbook Pro 14,Apple M5,Apple GPU,16GB,6GB SSD,,1749,New,https://ayoubcomputers.com/apple-macbook-pro-14-laptop-apple-m5-chip-ram-16gb-ssd-512gb-black-z1kh000c1/,1
Ayoub Computers,Apple,Macbook Pro 14,Apple M5,Apple GPU,16GB,1TB SSD,,1899,New,https://ayoubcomputers.com/apple-macbook-pro-14-m5-chip-10-core-cpu-10-core-gpu-16gb-ram-1tb-ssd/,1
Ayoub Computers,Apple,Macbook Pro 14,Apple M5,Apple GPU,32GB,1TB SSD,,2499,New,https://ayoubcomputers.com/apple-macbook-pro-14-m5-chip-10-core-cpu-10-core-gpu-32gb-ram-1tb-ssd/,1
Ayoub Computers,Apple,Macbook Pro 14 M5 Max Chip 18,Apple M5 Max,Apple GPU,36GB,2TB SSD,,3650,New,https://ayoubcomputers.com/apple-macbook-pro-14-m5-max-chip-18-core-cpu-32-core-gpu-36gb-ram-2tb-ssd/,1
Ayoub Computers,Apple,Macbook Pro 14 M5 Pro Chip 18,Apple M5 Pro,Apple GPU,24GB,2TB SSD,,2749,New,https://ayoubcomputers.com/apple-macbook-pro-14-m5-pro-chip-18-core-cpu-20-core-gpu-24gb-ram-2tb-ssd-silver-mgdp4-gcd9/,1
Ayoub Computers,Apple,Macbook Pro 14 M5 Pro Chip 18,Apple M5 Pro,Apple GPU,24GB,2TB SSD,,2799,New,https://ayoubcomputers.com/apple-macbook-pro-14-m5-pro-chip-18-core-cpu-20-core-gpu-24gb-ram-2tb-ssd/,1
Ayoub Computers,Apple,Macbook Pro 16 2 M5 Max 18,Apple M5 Max,Apple GPU,36GB,2TB SSD,,3749,New,https://ayoubcomputers.com/apple-macbook-pro-16-2-m5-max-18-core-cpu-32-core-gpu-36gb-ram-2tb-ssd-silver-mge74/,1
Ayoub Computers,Apple,Macbook Pro 16 M5 Max Chip 18,Apple M5 Max,Apple GPU,48GB,2TB SSD,,4499,New,https://ayoubcomputers.com/apple-macbook-pro-16-m5-max-chip-18-core-cpu-40-core-gpu-48gb-ram-2tb-ssd/,1
Ayoub Computers,Apple,Macbook Pro 16 M5 Pro Chip 18,Apple M5 Pro,Apple GPU,24GB,1TB SSD,,2749,New,https://ayoubcomputers.com/apple-macbook-pro-16-m5-pro-chip-18-core-cpu-20-core-gpu-24gb-ram-1tb-ssd/,1
Ayoub Computers,Apple,Macbook Pro 16 M5 Pro Chip 18,Apple M5 Pro,Apple GPU,48GB,1TB SSD,,3449,New,https://ayoubcomputers.com/apple-macbook-pro-16-m5-pro-chip-18-core-cpu-20-core-gpu-48gb-ram-1tb-ssd/,1
Ayoub Computers,Appostars,15 6 Pos System,Intel Core i5,Integrated,4GB,128GB SSD,,285,New,https://ayoubcomputers.com/appostars-15-6-pos-system-intel-core-i5-4th-gen-4gb-128gb-ssd-ap-a4/,1
Ayoub Computers,Appostars,15 6 Pos System,Intel Core i5,Integrated,8GB,128GB SSD,,349,New,https://ayoubcomputers.com/appostars-15-6-pos-system-intel-core-i5-8gb-128gb-ssd-ap-t3/,1
Ayoub Computers,Appostars,15 6 Pos System,Intel Core i5,Integrated,8GB,256GB SSD,,410,New,https://ayoubcomputers.com/appostars-15-6-pos-system-intel-core-i5-8gb-256gb-ssd-ap-t3-g6/,1
Ayoub Computers,Appostars,15 Pos System,Intel Core i5,Integrated,8GB,128GB SSD,,470,New,https://ayoubcomputers.com/appostars-15-pos-system-intel-core-i5-5th-gen-8gb-128gb-ssd-ap-a3/,1
Ayoub Computers,Appostars,Ap A6 G6 256 18 5 Touch Pos System,Intel Core i5,Integrated,8GB,256GB SSD,,575,New,https://ayoubcomputers.com/appostars-ap-a6-g6-256-18-5-touch-pos-system-core-i5-6th-gen-8gb-ram-256gb-ssd/,1
Ayoub Computers,Appostars,Ap A6 G8 256 18 5 Touch Pos System,Intel Core i5,Integrated,8GB,256GB SSD,,635,New,https://ayoubcomputers.com/appostars-ap-a6-g8-256-18-5-touch-pos-system-core-i5-8th-gen-8gb-ram-256gb-ssd/,1
Ayoub Computers,ASUS,Rog Strix G16,AMD Ryzen 9 9955hx,RTX 5070 Ti 12GB,16GB,1TB SSD,,2199,New,https://ayoubcomputers.com/asus-rog-strix-g16-gaming-laptop-16-wuxga-ips-165hz-amd-ryzen-9-9955hx-16gb-ram-1tb-ssd-nvidia-geforce-rtx-5070-ti-12gb-g614fr-rv008/,1
Ayoub Computers,ASUS,Tuf Gaming 15 6 FA607NUQ RL014,AMD Ryzen 7 170,RTX 4050,16GB,512GB SSD,,1049,New,https://ayoubcomputers.com/asus-tuf-gaming-15-6-fa607nuq-rl014-laptop-ryzen-7-170-16gb-ram-512gb-ssd-rtx-4050-fa607nuq-rl014/,1
Ayoub Computers,ASUS,Vivobook 15 15 6 Fhd,Intel Core i7-1355U,Integrated,8GB,8GB SSD,,599,New,https://ayoubcomputers.com/asus-vivobook-15-15-6-fhd-laptop-intel-core-i7-1355u-ram-8gb-ssd-512gb-intel-iris-xe-x1504va-nj379/,1
Ayoub Computers,Belkin,Soundform Flow Noise Cancelling Earbuds White AUC006BTWH,,,,,,,New,https://ayoubcomputers.com/belkin-soundform-flow-noise-cancelling-earbuds-white-auc006btwh/,1
Ayoub Computers,Dell,16 Plus 2 In 1,Intel Ultra 7 256v,Integrated Intel Arc,16GB,1TB SSD,,1099,New,https://ayoubcomputers.com/dell-16-plus-2-in-1-laptop-16-touchscreen-core-ultra-7-256v-16gb-ram-1tb-ssd-intel-arc-graphics-ldb06250-7144blu-pus/,1
Ayoub Computers,Gsan,Core,Intel Core i3,Integrated,4GB,,,300,New,https://ayoubcomputers.com/gsan-core-i3-3rd-4gb-128ssd-11-touch-screen-gs-x4/,1
Ayoub Computers,HP,15 6 Fhd,AMD Ryzen 7 4700u,Integrated AMD Radeon,8GB,1TB SSD,,570,New,https://ayoubcomputers.com/hp-15-6-fhd-amd-ryzen-7-4700u-8gb-ddr4-ram-1tb-storage-radeon-rx-7jn03av/,1
Ayoub Computers,HP,15 FC0196NIA,,,,512GB SSD,,499,New,https://ayoubcomputers.com/hp-15-fc0196nia-amd-r5-7520u-8-512gb-ssd-15-6-laptop/,1
Ayoub Computers,HP,15 6 Full Hd Ips Display,AMD Ryzen 7 7730u,Integrated AMD Radeon,16GB,512GB SSD,,649,New,https://ayoubcomputers.com/hp-laptop-15-6-full-hd-ips-display-amd-ryzen-7-7730u-16gb-ram-512gb-ssd-amd-radeon-graphics-15-fc0057wm/,1
Ayoub Computers,HP,Omen 16 16,Intel Ultra 9 285h,RTX 5070,16GB,1TB SSD,,1650,New,https://ayoubcomputers.com/hp-omen-16-16-gaming-laptop-intel-core-ultra-9-285h-16gb-ram-1tb-ssd-nvidia-geforce-rtx-5070-16-an0119nr/,1
Ayoub Computers,HP,Omen 16,Intel Ultra 7 356h,RTX 5060,16GB,512GB SSD,,1499,New,https://ayoubcomputers.com/hp-omen-16-gaming-laptop-core-ultra-7-356h-16gb-ram-512gb-ssd-rtx-5060-16-16-am2013dx/,1
Ayoub Computers,HP,Omen 16 Slim,Intel Ultra 9 285h,RTX 5060 8GB,16GB,512GB SSD,,1599,New,https://ayoubcomputers.com/hp-omen-16-slim-gaming-laptop-core-ultra-9-285h-rtx-5060-8gb-16gb-ram-512gb-nvme-16-16-an0000ne/,1
Ayoub Computers,HP,Omen Max 16 AK0023DX,AMD Ryzen AI 9 375,RTX 5070 Ti 12GB,32GB,2GB SSD,,1999,Refurbished,https://ayoubcomputers.com/hp-omen-max-16-ak0023dx-gaming-laptop-16-wqxga-240hz-ips-amd-ryzen-ai-9-hx-375-ram-32gb-ssd-1tb-nvidia-geforce-rtx-5070-ti-12gb-16-ak0023dx-refurbished/,1
Ayoub Computers,HP,Omnibook 3 16 Touchscreen,Intel Ultra 7 255u,Integrated,16GB,512GB SSD,,799,New,https://ayoubcomputers.com/hp-omnibook-3-16-touchscreen-laptop-core-ultra-7-255u-16gb-ram-512gb-ssd-mica-silver-16-bu0007dx/,1
Ayoub Computers,HP,Omnibook X Flip 14,Intel Ultra 7,Integrated,16GB,1TB SSD,,1099,New,https://ayoubcomputers.com/hp-omnibook-x-flip-14-core-ultra-7-series-3-16gb-ram-1tb-ssd-14-2k-oled-touchscreen-2-in-1-laptop-meteor-silver-14-kb0023dx/,1
Ayoub Computers,HP,Omnibook X Flip 14,Intel Ultra 7 355,Integrated,24GB,512GB SSD,,1149,New,https://ayoubcomputers.com/hp-omnibook-x-flip-14-laptop-14-2k-ips-touchscreen-intel-core-ultra-7-355-24gb-ram-512gb-ssd-intel-graphics-14-kp0023dx/,1
Ayoub Computers,HP,Omnibook X Flip 16 CC0033DX 2 In 1,AMD Ryzen 9 465,Integrated AMD Radeon,32GB,2GB SSD,,1499,New,https://ayoubcomputers.com/hp-omnibook-x-flip-16-cc0033dx-2-in-1-laptop-16-ryzen-9-465-ram-32gb-ssd-512gb/,1
Ayoub Computers,HP,Victus 15 FA2013DX,Intel Core i5-13420H,RTX 3050 6GB,8GB,8GB SSD,,799,New,https://ayoubcomputers.com/hp-victus-15-fa2013dx-gaming-laptop-15-6-fhd-ips-144hz-intel-core-i5-13420h-ram-8gb-ssd-512gb-nvidia-geforce-rtx-3050-6gb-15-fa2013dx/,1
Ayoub Computers,HP,Victus 15,Intel Core i7-13620H,RTX 5060,16GB,6GB SSD,,1249,New,https://ayoubcomputers.com/hp-victus-15-gaming-laptop-intel-core-i7-13620h-ram-16-gb-ssd-512-gb-nvidia-geforce-rtx-5060-15-6-fhd-144-hz-15-fa2787nr/,1
Ayoub Computers,Lego,Flower Bouquet 10280,,,,,,,New,https://ayoubcomputers.com/lego-flower-bouquet-10280/,1
Ayoub Computers,Lenovo,Ideapad Slim 3 15 3 Wuxga Ips,AMD Ryzen 7 170,Integrated AMD Radeon,16GB,512GB SSD,,699,New,https://ayoubcomputers.com/lenovo-ideapad-slim-3-15-3-wuxga-ips-laptop-amd-ryzen-7-170-16gb-ram-512gb-ssd-amd-radeon-graphics-83k700tuus/,1
Ayoub Computers,Lenovo,Ideapad Slim 3 15IRH10 15 3,Intel Core i5-13420H,Integrated,8GB,512GB SSD,,530,New,https://ayoubcomputers.com/lenovo-ideapad-slim-3-15irh10-15-3-laptop-intel-core-i5-13420h-8gb-ddr5-ram-512gb-ssd-wuxga-83k100e9ax/,1
Ayoub Computers,Lenovo,Ideapad Slim 3 15IRH10 15 6,Intel Core i7-13620H,Integrated,16GB,6GB SSD,,699,New,https://ayoubcomputers.com/lenovo-ideapad-slim-3-15irh10-15-6-laptop-intel-core-i7-13620h-ram-16gb-ssd-512gb-intel-graphics-83k100e7dp/,1
Ayoub Computers,Lenovo,Legion 5 15IRX10 15 1 Oled,Intel Core i9-14900HX,RTX 5070 8GB,16GB,1TB SSD,,1950,New,https://ayoubcomputers.com/lenovo-legion-5-15irx10-15-1-oled-gaming-laptop-i9-14900hx-16gb-ram-1tb-ssd-rtx-5070-8gb-83ly00dkdp/,1
Ayoub Computers,Lenovo,Legion Pro 7 16,Intel Ultra 9 275hx,RTX 5090,64GB,1TB SSD,,4400,New,https://ayoubcomputers.com/lenovo-legion-pro-7-16-gaming-laptop-core-ultra-9-275hx-64gb-ram-1tb-ssd-rtx-5090-eclipse-black-83f500fbin/,1
Ayoub Computers,Lenovo,Thinkbook 16 G8 Ial 16,Intel Ultra 7 155h,Integrated Intel Arc,16GB,6GB SSD,,999,New,https://ayoubcomputers.com/lenovo-thinkbook-16-g8-ial-16-laptop-intel-core-ultra-7-155h-ram-16gb-ssd-512gb-intel-arc-140t-21sk0030gq/,1
Ayoub Computers,Lenovo,Thinkpad E14 Gen 8 14 Wuxga,Intel Ultra 7 355,Integrated,16GB,512GB SSD,,1159,New,https://ayoubcomputers.com/lenovo-thinkpad-e14-gen-8-14-wuxga-intel-core-ultra-7-355-16gb-ram-512gb-ssd-21y6002ngp/,1
Ayoub Computers,Lenovo,Thinkpad E14 Gen 8 14 Wuxga,Intel Ultra 7 355,Integrated,16GB,512GB SSD,,1159,New,https://ayoubcomputers.com/lenovo-thinkpad-e14-gen-8-14-wuxga-intel-core-ultra-7-355-16gb-ram-512gb-ssd-21y6002ngq/,1
Ayoub Computers,Lenovo,Thinkpad E16 Gen 3 16,Intel Ultra 7 256v,Integrated,16GB,512GB SSD,,1099,New,https://ayoubcomputers.com/lenovo-thinkpad-e16-gen-3-16-laptop-intel-core-ultra-7-256v-16gb-ram-512gb-ssd-22b0s03200/,1
Ayoub Computers,Lenovo,Thinkpad E16 Gen 4 16 Wuxga,Intel Ultra 7 355,Integrated,16GB,512GB SSD,,1199,New,https://ayoubcomputers.com/lenovo-thinkpad-e16-gen-4-16-wuxga-intel-core-ultra-7-355-16gb-ram-512gb-ssd-21yc0030gp/,1
Ayoub Computers,Lenovo,Thinkpad E16 Gen 4 16 Wuxga,Intel Ultra 7 355,Integrated,16GB,512GB SSD,,1159,New,https://ayoubcomputers.com/lenovo-thinkpad-e16-gen-4-16-wuxga-intel-core-ultra-7-355-16gb-ram-512gb-ssd-21yc0030gq/,1
Ayoub Computers,Lenovo,Thinkpad E16 Gen 4 16 Wuxga,Intel Ultra 7 355,Integrated,16GB,512GB SSD,,1159,New,https://ayoubcomputers.com/lenovo-thinkpad-e16-gen-4-16-wuxga-intel-core-ultra-7-355-16gb-ram-512gb-ssd-21yc0030gr/,1
Ayoub Computers,Lenovo,Thinkpad T14 Gen 7,Intel Ultra 7 355,Integrated,16GB,512GB SSD,,1599,New,https://ayoubcomputers.com/lenovo-thinkpad-t14-gen-7-core-ultra-7-355-16gb-512gb-ssd-14-laptop-21wn0049gr/,1
Ayoub Computers,Lenovo,Thinkpad X9 Aura Edition,Intel Ultra 7 268v,Integrated Intel Arc,32GB,1TB SSD,,1599,New,https://ayoubcomputers.com/lenovo-thinkpad-x9-aura-edition-laptop-14-core-ultra-7-268v-32gb-ram-1tb-ssd-integrated-intel-arc-graphics-140v-21qa0006us/,1
Ayoub Computers,Lenovo,V15 G5 Irl 15 6,Intel Core i7-13620H,Integrated,16GB,6GB SSD,,699,New,https://ayoubcomputers.com/lenovo-v15-g5-irl-15-6-laptop-intel-core-i7-13620h-ram-16gb-ssd-512gb-intel-graphics-83hf00jgus/,1
Ayoub Computers,Lenovo,Yoga 7I 2 In 1 16 Wuxga Touch,Intel Ultra 7 256v,Integrated,16GB,512GB SSD,,949,New,https://ayoubcomputers.com/lenovo-yoga-7i-2-in-1-16-wuxga-touch-laptop-core-ultra-7-256v-16gb-ram-512gb-ssd-83jt0047us/,1
Ayoub Computers,MSI,B13WFKG 612XRO Cyborg 15,Intel Core i7-13620H,RTX 5060,,512GB SSD,,1149,New,https://ayoubcomputers.com/msi-b13wfkg-612xro-cyborg-15-i7-13620h-16-512gb-ssd-rtx-5060-15-6-laptop/,1
Ayoub Computers,MSI,Cyborg 15,Intel Core 7 240h,RTX 5060,16GB,512GB SSD,,1249,New,https://ayoubcomputers.com/msi-cyborg-15-gaming-laptop-15-6-intel-core-7-240h-16gb-ram-512gb-ssd-rtx-5060-b2rwfkg-071us/,1
Ayoub Computers,MSI,Cyborg 15,Intel Core 7 240h,RTX 5070,16GB,1TB SSD,,1349,New,https://ayoubcomputers.com/msi-cyborg-15-gaming-laptop-core-7-240h-16gb-ram-1tb-ssd-rtx-5070-15-6-translucent-black-b2rwgkg-409/,1
Ayoub Computers,MSI,Cyborg,Intel Core i5-13420,RTX 4050,16GB,512GB SSD,,870,New,https://ayoubcomputers.com/msi-cyborg-gaming-laptop-15-6-core-i5-13420-16gb-ram-512gb-ssd-rtx-4050-144hz-9s7-15k111-2243/,1
Ayoub Computers,MSI,GF65 Thin 10UE 213 15 6,Intel Core i5-10500H,RTX 3060,8GB,8GB SSD,,777,New,https://ayoubcomputers.com/msi-gf65-thin-10ue-213-15-6-laptop-intel-core-i5-10500h-ram-8gb-ssd-512gb-rtx3060-gf65213/,1
Ayoub Computers,MSI,Katana 15 Hx 15 6,Intel Core i7-14650HX,RTX 5050 8GB,16GB,512GB SSD,,1149,New,https://ayoubcomputers.com/msi-katana-15-hx-15-6-gaming-laptop-intel-core-i7-14650hx-16gb-ram-512gb-ssd-nvidia-geforce-rtx-5050-8gb-b14wek-001us/,1
Ayoub Computers,MSI,Katana 15 Hx 15 6 Qhd 165HZ B14WFK,Intel Core i9-14900HX,RTX 5060 8GB,16GB,6GB SSD,,1449,New,https://ayoubcomputers.com/msi-katana-15-hx-15-6-qhd-165hz-b14wfk-gaming-laptop-intel-core-i9-14900hx-ram-16gb-ssd-512gb-nvidia-geforce-rtx-5060-8gb-gddr7/,1
Ayoub Computers,MSI,Katana 15 Hx B14WGK,Intel Core i9-14900HX,RTX 5070,16GB,1TB SSD,,1570,New,https://ayoubcomputers.com/msi-katana-15-hx-b14wgk-gaming-laptop-15-6-core-i9-14900hx-16gb-ram-1tb-ssd-rtx-5070-b14wgk-404xlb/,1
Ayoub Computers,MSI,Modern 15 F1MG 15 6,Intel Core 5 120u,Integrated,8GB,512GB SSD,,525,New,https://ayoubcomputers.com/msi-modern-15-f1mg-15-6-laptop-intel-core-5-120u-8gb-ram-512gb-ssd-9s7-15s112-1021/,1
Ayoub Computers,Samsung,Galaxy Book 6 16,Intel Ultra 7 355,Integrated,16GB,512GB SSD,,1100,New,https://ayoubcomputers.com/samsung-galaxy-book-6-16-laptop-intel-core-ultra-7-355-16gb-ram-512gb-ssd-np760xjg-kg2us/,1
Mediatech,Apple,Macbook Air,,Apple GPU,16GB,,"13""",,New,https://mediatechlb.com/product/apple-macbook-air-13%e2%80%b3m3-16gb-ram-512-ssd-mxcr3ll-a-laptop-in-lebanon/,1
Mediatech,ASUS,Rog Strix G17 G713PV WS94,AMD Ryzen 9 7845hx,RTX 4060,16GB,1TB SSD,,1350,New,https://mediatechlb.com/product/asus-rog-strix-g17-g713pv-ws94-ryzen-9-7845hx-16gb-1tb-ssd-17-3-qhd-rtx-4060-8g-in-lebanon/,1
Mediatech,ASUS,Rog Strix Scar 17 Gaming 3Yw,Intel Core i9,RTX 3080 Ti 16GB,32GB,1TB SSD,"17.3""",,New,https://mediatechlb.com/product/asus-rog-strix-scar-17-gaming-3yw-core-i9-12th-32gb-1tb-ssd-nvme-17-3%e2%80%b3-fhd-nvidia-rtx-3080-ti-16gb/,1
Mediatech,ASUS,Vivobook 15,Intel Core i9-13900H,Integrated,16GB,1TB SSD,,,New,https://mediatechlb.com/product/asus-vivobook-15-laptop-f1502vaintel-core-i9-13900h-processor-16gb-ddr4-1tb-m-2-nvme-intel-iris-x%e1%b5%89/,1
Mediatech,ASUS,Vivobook 17 S712UA IS79 5700U 17 3 R7 5700U,,,16GB,1TB SSD,,600,New,https://mediatechlb.com/product/asus-vivobook-17-s712ua-is79-5700u-17-3-r7-5700u-16gb-1tb-ssd-laptop-lebanon/,1
Mediatech,Dell,Latitude 5410 14,Intel Core i5-10210U,Integrated,8GB,256GB SSD,,,New,https://mediatechlb.com/product/dell-latitude-5410-14-laptop-core-i5-10210u-10th-gen-quad-core-4-core-8gb-ram-256gb-ssd-win-11-pro-in-lebanon-business-laptop/,1
Mediatech,Dell,Xps 9640 Price Lebanon,,,,,,1999,New,https://mediatechlb.com/product/dell-xps-9640-price-lebanon/,1
Mediatech,HP,Victus 16,Intel Core i7-13700H,RTX 4070 8GB,64GB,1TB SSD,,,New,https://mediatechlb.com/product/hp-victus-16-intel-i7-13700h-64gb-1tb-ssd-16-1-fhd-144hz-rtx4070-8gb-w11-copy/,1
Mediatech,Lenovo,Loq,Intel Core i5,RTX 2050,16GB,,"15.6""",,New,https://mediatechlb.com/product/lenovo-loq-gaming-i5-13th-16gb-512-ssd-15-6%e2%80%b3-fhd-rtx-2050-4g/,1
Mediatech,Lenovo,Thinkpad E14 Gen 4 14 Fhd,Intel Core i5,Integrated,8GB,8GB SSD,,,New,https://mediatechlb.com/product/lenovo-thinkpad-e14-gen-4-14-fhd-laptop-intel-core-i5-1135g7-ram-8gb-ssd-256gb-intel-iris-xe-business-laptop-lebanon/,1
Mediatech,Lenovo,Thinkpad T14S G2 20XF00AEUS,AMD Ryzen 5,Integrated AMD Radeon,8GB,256GB SSD,"14""",,New,https://mediatechlb.com/product/lenovo-thinkpad-t14s-g2-20xf00aeus-14-inch-ryzen-5-pro-8gb-ram-256gb-ssd-amd-radeon-graphics-laptop-in-lebanon/,1
Mediatech,Lenovo,Thinkpad X1 Titanium G1 X360,Intel Core i7,,16GB,512GB SSD,,875,New,https://mediatechlb.com/product/lenovo-thinkpad-x1-titanium-g1-x360-core-i7-1165g7-16gb-512gb-nvme-13-5-qhd-touch-win10-pro-titanium-rotational-pen/,1
Mediatech,Lenovo,Thinkpad X1 Yoga G6 X360CORE,Intel Core i5-1145U,Integrated,16GB,512GB SSD,,850,New,https://mediatechlb.com/product/lenovo-thinkpad-x1-yoga-g6-x360core-i5-1145u-16gb-512gb-nvme-14-wuxga-touchscreen-win11p-grey-rotational-pen/,1
Mediatech,MSI,GE76 Raider 17 3 Inch,Intel Core i9-12900H,RTX 3060 6GB,16GB,1TB SSD,"17.3""",,New,https://mediatechlb.com/product/msi-ge76-raider-17-3-inch-core-i9-12900h-16gb-ram-1tb-ssd-rtx-3060-6gb/,1
Mojitech,Acer,Aspire 5 A515 58P 53SD,,,,,,,New,https://mojitech.net/shop/brands/acer-brands/acer-aspire-5-a515-58p-53sd/,1
Mojitech,Acer,Aspire 5 Nx Kgzem 00A,,,,,,,New,https://mojitech.net/shop/brands/acer-brands/acer-aspire-5-nx-kgzem-00a/,1
Mojitech,Acer,Aspire 7,Intel Core i5-13420H,RTX 3050 16GB,,512GB SSD,,,New,https://mojitech.net/shop/brands/acer-brands/acer-aspire-7-core-i5-13420h-rtx-3050-16gb-512gb-nvme-15-6/,1
Mojitech,Acer,Nitro 5 ANV15 51 73R8,,,,,,,New,https://mojitech.net/shop/brands/acer-brands/acer-nitro-5-anv15-51-73r8/,1
Mojitech,Acer,Nitro 5 ANV15 51 75VW,,,,,,,New,https://mojitech.net/shop/brands/acer-brands/acer-nitro-5-anv15-51-75vw/,1
Mojitech,Acer,Nitro 5 ANV15 Nh QN8SA 004,,,,,,,New,https://mojitech.net/shop/brands/acer-brands/acer-nitro-5-anv15-nh-qn8sa-004/,1
Mojitech,Acer,Nitro V 15 ANV15 51 71PD Nh Qncem 002,,,,,,,New,https://mojitech.net/shop/brands/acer-brands/acer-nitro-v-15-anv15-51-71pd-nh-qncem-002/,1
Mojitech,Acer,Predator Helios 18 PH18 72 924C,,,,,,2899,New,https://mojitech.net/shop/brands/acer-brands/acer-predator-helios-18-ph18-72-924c/,1
Mojitech,Acer,Predator Helios 18 PH18 72 93VM,,,,,,,New,https://mojitech.net/shop/brands/acer-brands/acer-predator-helios-18-ph18-72-93vm/,1
Mojitech,Acer,Predator Helios 18,Intel Ultra 9,RTX 5080 32GB,,1TB SSD,,3544,New,https://mojitech.net/shop/brands/acer-brands/acer-predator-helios-18-ultra-9-rtx-5080-32gb-1tb/,1
Mojitech,Acer,Predator Helios 300 Nh QC1EM 005,,,,,,,New,https://mojitech.net/shop/brands/acer-brands/acer-predator-helios-300-nh-qc1em-005/,1
Mojitech,Acer,Predator Helios 300 Nh QC2EM 006,,,,,,,New,https://mojitech.net/shop/brands/acer-brands/acer-predator-helios-300-nh-qc2em-006/,1
Mojitech,Acer,Predator Helios Neo 14,,RTX 4070,,,,1324,New,https://mojitech.net/shop/brands/acer-brands/acer-predator-helios-neo-14-laptop-rtx-4070/,1
Mojitech,Acer,Predator Helios Neo 16 PHN16 72 97SH 2,,,,,,,New,https://mojitech.net/shop/brands/acer-brands/acer-predator-helios-neo-16-phn16-72-97sh-2/,1
Mojitech,Acer,Predator Helios Neo 16S Ai PHN16S 71 9871,Intel Ultra 9,RTX 5070 Ti,,,,,New,https://mojitech.net/shop/brands/acer-brands/acer-predator-helios-neo-16s-ai-phn16s-71-9871-ultra-9-rtx-5070-ti/,1
Mojitech,Acer,Predator Helios Neo 16S AIPHN16S 71 91AW,,,,,,1799,New,https://mojitech.net/shop/brands/acer-brands/acer-predator-helios-neo-16s-aiphn16s-71-91aw/,1
Mojitech,Acer,Predator Helios Neo 16S PHN16 73 95NT,,,,,,2358,New,https://mojitech.net/shop/brands/acer-brands/acer-predator-helios-neo-16s-phn16-73-95nt/,1
Mojitech,Acer,Predator Helios Neo 16S,Intel Ultra 9 275hx,RTX 5070 Ti 12GB,32GB,1TB SSD,,2039,New,https://mojitech.net/shop/brands/acer-brands/acer-predator-helios-neo-16s-ultra-9-275hx-rtx-5070ti-12-gb-32gb-ddr5-1tb-ssd-16-1-year-warranty/,1
Mojitech,Acer,Predator Helios Neo 16S,Intel Ultra 9 275hx,RTX 5070 Ti 32GB,,1TB SSD,,,New,https://mojitech.net/shop/brands/acer-brands/acer-predator-helios-neo-16s-ultra-9-275hx-rtx-5070ti-32gb-1tb-nvme-16/,1
Mojitech,Acer,Predator Helios Neo 18 PHN18 72 92Y3,,,,,,2077,New,https://mojitech.net/shop/brands/acer-brands/acer-predator-helios-neo-18-phn18-72-92y3/,1
Mojitech,Acer,Predator Triton 14 PT14 51 78B4 Nh Qlnaa 001,,,,,,,New,https://mojitech.net/shop/brands/acer-brands/acer-predator-triton-14-pt14-51-78b4-nh-qlnaa-001/,1
Mojitech,Acer,Predator Triton Neo 16 PTN16 51 932N,,,,,,,New,https://mojitech.net/shop/brands/acer-brands/acer-predator-triton-neo-16-ptn16-51-932n/,1
Mojitech,Acer,Swift Go 16 Ai,AMD Ryzen AI 9,Integrated AMD Radeon,,,,1339,New,https://mojitech.net/shop/brands/acer-brands/acer-swift-go-16-ai-ryzen-ai-9/,1
Mojitech,Aspire,Go 15 AG15 51P 510U,,,,,,484,New,https://mojitech.net/shop/brands/acer-brands/aspire-go-15-ag15-51p-510u-laptop/,1
Mojitech,Apple,Ipad Air 11 M3,,,128GB,128GB SSD,,,New,https://mojitech.net/shop/brands/apple-brands/apple-ipad-air-11-m3-128gb/,1
Mojitech,Apple,Ipad Pro M4,,,,512GB SSD,"11""",1214,New,https://mojitech.net/shop/brands/apple-brands/apple-ipad-pro-m4-11-inch-512gb-tablet/,1
Mojitech,Apple,Ipad Pro M4,,,,256GB SSD,"13""",1209,New,https://mojitech.net/shop/brands/apple-brands/apple-ipad-pro-m4-13-inch-256gb/,1
Mojitech,Apple,Ipad Pro M5,,,,256GB SSD,"13""",1384,New,https://mojitech.net/shop/brands/apple-brands/apple-ipad-pro-m5-13-inch-256gb-cellular/,1
Mojitech,Apple,Ipad Pro M5,,,,512GB SSD,,1314,New,https://mojitech.net/shop/brands/apple-brands/apple-ipad-pro-m5-512gb-11/,1
Mojitech,Apple,M5,Apple M5,Integrated,16GB,512GB SSD,"13.6""",1455,New,https://mojitech.net/shop/brands/apple-brands/apple-m5-16gb-512gb-13-6-inch/,1
Mojitech,Apple,Macbook Air 13 M5,,Apple GPU,,,,,New,https://mojitech.net/shop/brands/apple-brands/apple-macbook-air-13-m5/,1
Mojitech,Apple,Macbook Air 15 M5 10CORE 10GPU,Apple M5,Apple GPU,,,,1475,New,https://mojitech.net/shop/brands/apple-brands/apple-macbook-air-15-m5-10core-10gpu/,1
Mojitech,Apple,Macbook Air 15 M5,,Apple GPU,,,,,New,https://mojitech.net/shop/brands/apple-brands/apple-macbook-air-15-m5/,1
Mojitech,Apple,Macbook Air M4,,Apple GPU,16GB,512GB SSD,,1385,New,https://mojitech.net/shop/brands/apple-brands/apple-macbook-air-m4-16gb-512gb-15/,1
Mojitech,Apple,Macbook Air M5,,Apple GPU,24GB,1TB SSD,"15""",,New,https://mojitech.net/shop/brands/apple-brands/apple-macbook-air-m5-15-inch-24gb-1tb/,1
Mojitech,Apple,Macbook Air M5,,Apple GPU,16GB,1TB SSD,,1590,New,https://mojitech.net/shop/brands/apple-brands/apple-macbook-air-m5-16gb-1tb-midnight/,1
Mojitech,Apple,Macbook Air M5,,Apple GPU,16GB,1TB SSD,,1580,New,https://mojitech.net/shop/brands/apple-brands/apple-macbook-air-m5-16gb-1tb-silver/,1
Mojitech,Apple,Macbook Air M5,,Apple GPU,16GB,1TB SSD,,1580,New,https://mojitech.net/shop/brands/apple-brands/apple-macbook-air-m5-16gb-1tb-sky-blue/,1
Mojitech,Apple,Macbook Air M5,,Apple GPU,16GB,1TB SSD,,1580,New,https://mojitech.net/shop/brands/apple-brands/apple-macbook-air-m5-16gb-1tb-starlight/,1
Mojitech,Apple,Macbook Air M5,,Apple GPU,16GB,512GB SSD,,1505,New,https://mojitech.net/shop/brands/apple-brands/apple-macbook-air-m5-16gb-512gb-midnight/,1
Mojitech,Apple,Macbook Air M5,,Apple GPU,16GB,512GB SSD,,1505,New,https://mojitech.net/shop/brands/apple-brands/apple-macbook-air-m5-16gb-512gb-silver/,1
Mojitech,Apple,Macbook Air M5,,Apple GPU,16GB,512GB SSD,,1505,New,https://mojitech.net/shop/brands/apple-brands/apple-macbook-air-m5-16gb-512gb-sky-blue/,1
Mojitech,Apple,Macbook Air M5,,Apple GPU,16GB,512GB SSD,,1495,New,https://mojitech.net/shop/brands/apple-brands/apple-macbook-air-m5-16gb-512gb-starlight/,1
Mojitech,Apple,Macbook Air M5,,Apple GPU,24GB,1TB SSD,,,New,https://mojitech.net/shop/brands/apple-brands/apple-macbook-air-m5-24gb-1tb-midnight/,1
Mojitech,Apple,Macbook Air M5,,Apple GPU,24GB,1TB SSD,,,New,https://mojitech.net/shop/brands/apple-brands/apple-macbook-air-m5-24gb-1tb-silver/,1
Mojitech,Apple,Macbook Air MC6T4,,Apple GPU,,,,,New,https://mojitech.net/shop/brands/apple-brands/apple-macbook-air-mc6t4/,1
Mojitech,Apple,Macbook Air MC6U4,,Apple GPU,,,,,New,https://mojitech.net/shop/brands/apple-brands/apple-macbook-air-mc6u4/,1
Mojitech,Apple,Macbook Air MDH84LL A Silver,,Apple GPU,,1TB SSD,"13""",1605,New,https://mojitech.net/shop/brands/apple-brands/apple-macbook-air-mdh84ll-a-silver-13-inch-1tb/,1
Mojitech,Apple,Macbook Air MDHC4LL A Starlight,,Apple GPU,,1TB SSD,"13""",1605,New,https://mojitech.net/shop/brands/apple-brands/apple-macbook-air-mdhc4ll-a-starlight-13-inch-1tb/,1
Mojitech,Apple,Macbook Air MDHF4LL A Midnight,,Apple GPU,,1TB SSD,"13""",1605,New,https://mojitech.net/shop/brands/apple-brands/apple-macbook-air-mdhf4ll-a-midnight-13-inch-1tb/,1
Mojitech,Apple,Macbook Air MDHJ4LL A Sky Blue,,Apple GPU,,1TB SSD,"13""",1605,New,https://mojitech.net/shop/brands/apple-brands/apple-macbook-air-mdhj4ll-a-sky-blue-13-inch-1tb/,1
Mojitech,Apple,Macbook Air MDV94LL A Silver,,Apple GPU,,512GB SSD,,1585,New,https://mojitech.net/shop/brands/apple-brands/apple-macbook-air-mdv94ll-a-silver-512gb/,1
Mojitech,Apple,Macbook Air MDVA4LL A Silver,,Apple GPU,16GB,1TB SSD,,1855,New,https://mojitech.net/shop/brands/apple-brands/apple-macbook-air-mdva4ll-a-silver-16gb-1tb/,1
Mojitech,Apple,Macbook Air MDVC4LL A M5 Silver,,Apple GPU,,1TB SSD,,2130,New,https://mojitech.net/shop/brands/apple-brands/apple-macbook-air-mdvc4ll-a-m5-silver-1tb/,1
Mojitech,Apple,Macbook Air MDVD4LL A M5 Starlight,,Apple GPU,,512GB SSD,,1585,New,https://mojitech.net/shop/brands/apple-brands/apple-macbook-air-mdvd4ll-a-m5-starlight-512gb/,1
Mojitech,Apple,Macbook Air MDVF4LL A M5 Starlight,,Apple GPU,,1TB SSD,,2130,New,https://mojitech.net/shop/brands/apple-brands/apple-macbook-air-mdvf4ll-a-m5-starlight-1tb/,1
Mojitech,Apple,Macbook Air MDVH4LL A Midnight,,Apple GPU,,512GB SSD,,1585,New,https://mojitech.net/shop/brands/apple-brands/apple-macbook-air-mdvh4ll-a-midnight-512gb/,1
Mojitech,Apple,Macbook Air MDVK4LL A Midnight,,Apple GPU,16GB,1TB SSD,,1855,New,https://mojitech.net/shop/brands/apple-brands/apple-macbook-air-mdvk4ll-a-midnight-16gb-1tb/,1
Mojitech,Apple,Macbook Air MDVQ4LL A Sky Blue,,Apple GPU,,512GB SSD,,1585,New,https://mojitech.net/shop/brands/apple-brands/apple-macbook-air-mdvq4ll-a-sky-blue-512gb/,1
Mojitech,Apple,Macbook Air MDVT4LL A M5 Sky Blue,,Apple GPU,16GB,,,1855,New,https://mojitech.net/shop/brands/apple-brands/apple-macbook-air-mdvt4ll-a-m5-sky-blue-16gb/,1
Mojitech,Apple,Macbook Air MDVU4LL A Sky Blue,,Apple GPU,24GB,1TB SSD,,2130,New,https://mojitech.net/shop/brands/apple-brands/apple-macbook-air-mdvu4ll-a-sky-blue-24gb-1tb/,1
Mojitech,Apple,Macbook Air MW0W3,,Apple GPU,,,,,New,https://mojitech.net/shop/brands/apple-brands/apple-macbook-air-mw0w3/,1
Mojitech,Apple,Macbook Air MW0Y3,,Apple GPU,,,,,New,https://mojitech.net/shop/brands/apple-brands/apple-macbook-air-mw0y3/,1
Mojitech,Apple,Macbook Air MW103,,Apple GPU,,,,,New,https://mojitech.net/shop/brands/apple-brands/apple-macbook-air-mw103/,1
Mojitech,Apple,Macbook Air MW123,,Apple GPU,,,,,New,https://mojitech.net/shop/brands/apple-brands/apple-macbook-air-mw123/,1
Mojitech,Apple,Macbook Air MW133,,Apple GPU,,,,,New,https://mojitech.net/shop/brands/apple-brands/apple-macbook-air-mw133/,1
Mojitech,Apple,Macbook Air MW2V3,,Apple GPU,,,,,New,https://mojitech.net/shop/brands/apple-brands/apple-macbook-air-mw2v3/,1
Mojitech,Apple,Macbook Pro 14 M5 10CORE 10GPU,Apple M5,Apple GPU,,,,2155,New,https://mojitech.net/shop/brands/apple-brands/apple-macbook-pro-14-m5-10core-10gpu/,1
Mojitech,Apple,Macbook Pro 14 M5 10CORE 16GPU,Apple M5,Apple GPU,,,,2455,New,https://mojitech.net/shop/brands/apple-brands/apple-macbook-pro-14-m5-10core-16gpu/,1
Mojitech,Apple,Macbook Pro 14 M5,,Apple GPU,,,,2495,New,https://mojitech.net/shop/brands/apple-brands/apple-macbook-pro-14-m5/,1
Mojitech,Apple,Macbook Pro 16 M5 Max,,Apple GPU,,,,4755,New,https://mojitech.net/shop/brands/apple-brands/apple-macbook-pro-16-m5-max/,1
Mojitech,Apple,Macbook Pro M5,,Apple GPU,16GB,1TB SSD,"14""",1955,New,https://mojitech.net/shop/brands/apple-brands/apple-macbook-pro-m5-14-inch-16gb-1tb/,1
Mojitech,Apple,Macbook Pro M5,,Apple GPU,48GB,1TB SSD,"14""",3530,New,https://mojitech.net/shop/brands/apple-brands/apple-macbook-pro-m5-14-inch-48gb-1tb/,1
Mojitech,Apple,Macbook Pro M5 Max,,Apple GPU,36GB,2TB SSD,"16""",4030,New,https://mojitech.net/shop/brands/apple-brands/apple-macbook-pro-m5-max-16-inch-36gb-2tb/,1
Mojitech,Apple,Macbook Pro M5 Pro,,Apple GPU,24GB,2TB SSD,"14""",3015,New,https://mojitech.net/shop/brands/apple-brands/apple-macbook-pro-m5-pro-14-inch-24gb-2tb/,1
Mojitech,Apple,Macbook Pro M5 Pro 15,Apple M5 Pro,Apple GPU,24GB,2TB SSD,,2755,New,https://mojitech.net/shop/brands/apple-brands/apple-macbook-pro-m5-pro-15-core-24gb-2tb/,1
Mojitech,Apple,Macbook Pro M5 Pro,,Apple GPU,24GB,1TB SSD,,2915,New,https://mojitech.net/shop/brands/apple-brands/apple-macbook-pro-m5-pro-24gb-1tb/,1
Mojitech,Apple,Macbook Pro MCX04,,Apple GPU,,,,,New,https://mojitech.net/shop/brands/apple-brands/apple-macbook-pro-mcx04/,1
Mojitech,Apple,Macbook Pro MDE04 M5 10,Apple M5,Apple GPU,16GB,512GB SSD,,,New,https://mojitech.net/shop/brands/apple-brands/apple-macbook-pro-mde04-m5-10-core-16gb-512gb-ssd-14-tax-included/,1
Mojitech,Apple,Macbook Pro MW2U3,,Apple GPU,,,,,New,https://mojitech.net/shop/brands/apple-brands/apple-macbook-pro-mw2u3/,1
Mojitech,Apple,Macbook Pro MW2W3,,Apple GPU,,,,,New,https://mojitech.net/shop/brands/apple-brands/apple-macbook-pro-mw2w3/,1
Mojitech,Apple,Macbook Pro MX2H3 M4 Pro 12,Apple M4 Pro,Apple GPU,24GB,512GB SSD,,1999,New,https://mojitech.net/shop/brands/apple-brands/apple-macbook-pro-mx2h3-m4-pro-12-core-24gb-512gb-ssd/,1
Mojitech,Apple,Macbook Pro MX2J3,,Apple GPU,,,,,New,https://mojitech.net/shop/brands/apple-brands/apple-macbook-pro-mx2j3/,1
Mojitech,Apple,Macbook Pro MX2K3,,Apple GPU,,,,2969,New,https://mojitech.net/shop/brands/apple-brands/apple-macbook-pro-mx2k3/,1
Mojitech,Apple,Macbook Pro MX2Y3,,Apple GPU,,,,2709,New,https://mojitech.net/shop/brands/apple-brands/apple-macbook-pro-mx2y3/,1
Mojitech,Apple,Watch,Intel Ultra 3,,,,,700,New,https://mojitech.net/shop/brands/apple-brands/apple-watch-ultra-3-49mm-titanium-smartwatch/,1
Mojitech,Ipad,Air M3 Wifi,,,,256GB SSD,,864,New,https://mojitech.net/shop/brands/apple-brands/ipad-air-m3-wifi-256gb/,1
Mojitech,Apple,Macbook Air M5,,Apple GPU,24GB,512GB SSD,"14""",1769,New,https://mojitech.net/shop/brands/apple-brands/macbook-air-m5-24gb-512gb-14-inch/,1
Mojitech,Apple,Macbook Air MRXP3,,Apple GPU,,,,,New,https://mojitech.net/shop/brands/apple-brands/macbook-air-mrxp3/,1
Mojitech,Apple,Macbook Pro M4 Max 16,,Apple GPU,128GB,4TB SSD,,,New,https://mojitech.net/shop/brands/apple-brands/macbook-pro-m4-max-16-4tb-128gb/,1
Mojitech,Apple,Macbook Pro M5 18,Apple M5,Apple GPU,64GB,2TB SSD,"16""",,New,https://mojitech.net/shop/brands/apple-brands/macbook-pro-m5-18-core-40-core-gpu-64gb-2tb-16-inch/,1
Mojitech,Apple,Macbook Pro M5 Max,,Apple GPU,36GB,2TB SSD,"14""",3915,New,https://mojitech.net/shop/brands/apple-brands/macbook-pro-m5-max-14-inch-36gb-2tb-mgdu4ll-a/,1
Mojitech,Appostars,15 6 Pos System,Intel Core i5,Integrated,4GB,128GB SSD,,284,New,https://mojitech.net/shop/brands/appostars/appostars-15-6-pos-system-intel-core-i5-4th-gen-4gb-128gb-ssd-ap-a4/,1
Mojitech,ASUS,Expertbook B3 Flip B3402FVA,Intel Core i7-1355U,Integrated,16GB,512GB SSD,"14"" touch",737,New,https://mojitech.net/shop/brands/asus-brands/asus-expertbook-b3-flip-b3402fva-i716512b3d-core-i7-1355u-16gb-512gb-ssd-14%e2%80%b3-1-year-warranty/,1
Mojitech,ASUS,Rog Flow Z13 GZ302EA RU056W,,,,,,2314,New,https://mojitech.net/shop/brands/asus-brands/asus-rog-flow-z13-gz302ea-ru056w/,1
Mojitech,ASUS,Rog Strix 18 G815LR S9227,,,,,,3095,New,https://mojitech.net/shop/brands/asus-brands/asus-rog-strix-18-g815lr-s9227/,1
Mojitech,ASUS,Rog Strix G16 90NR0IC3 M002K0,,,,,,2599,New,https://mojitech.net/shop/brands/asus-brands/asus-rog-strix-g16-90nr0ic3-m002k0/,1
Mojitech,ASUS,Rog Strix G16 90NR0L91 M000H0,,,,,,,New,https://mojitech.net/shop/brands/asus-brands/asus-rog-strix-g16-90nr0l91-m000h0/,1
Mojitech,ASUS,Rog Strix G16 90NR0LR2 M00EA0,,,,,,2399,New,https://mojitech.net/shop/brands/asus-brands/asus-rog-strix-g16-90nr0lr2-m00ea0/,1
Mojitech,ASUS,Rog Strix G16 90NR0NK7 M00AH0,,,,,,1998,New,https://mojitech.net/shop/brands/asus-brands/asus-rog-strix-g16-90nr0nk7-m00ah0/,1
Mojitech,ASUS,Rog Strix G16 G614FR RV008,,,,,,1989,New,https://mojitech.net/shop/brands/asus-brands/asus-rog-strix-g16-g614fr-rv008/,1
Mojitech,ASUS,Rog Strix G16 G614FR S5184,,,,,,1979,New,https://mojitech.net/shop/brands/asus-brands/asus-rog-strix-g16-g614fr-s5184/,1
Mojitech,ASUS,Rog Strix G16 G614JI SS74,,,,,,,New,https://mojitech.net/shop/brands/asus-brands/asus-rog-strix-g16-g614ji-ss74/,1
Mojitech,ASUS,Rog Strix G16 G614JIR N3152W,,,,,,,New,https://mojitech.net/shop/brands/asus-brands/asus-rog-strix-g16-g614jir-n3152w/,1
Mojitech,ASUS,Rog Strix G16 G614JIR N3160,,,,,,,New,https://mojitech.net/shop/brands/asus-brands/asus-rog-strix-g16-g614jir-n3160/,1
Mojitech,ASUS,Rog Strix G16 G614JU N3186,,,,,,1222,New,https://mojitech.net/shop/brands/asus-brands/asus-rog-strix-g16-g614ju-n3186/,1
Mojitech,ASUS,Rog Strix G16 G614JYR N4109W,,,,,,,New,https://mojitech.net/shop/brands/asus-brands/asus-rog-strix-g16-g614jyr-n4109w/,1
Mojitech,ASUS,Rog Strix G16 G614JZR MB96,,,,,,,New,https://mojitech.net/shop/brands/asus-brands/asus-rog-strix-g16-g614jzr-mb96/,1
Mojitech,ASUS,Rog Strix G16 G614PP,,RTX 5070,,,,1900,New,https://mojitech.net/shop/brands/asus-brands/asus-rog-strix-g16-g614pp-rtx-5070/,1
Mojitech,ASUS,Rog Strix G16 G614PR G16R9X7,,,,,,,New,https://mojitech.net/shop/brands/asus-brands/asus-rog-strix-g16-g614pr-g16r9x7/,1
Mojitech,ASUS,Rog Strix G16 G614PR,,RTX 5070 Ti,,,,2039,New,https://mojitech.net/shop/brands/asus-brands/asus-rog-strix-g16-g614pr-rtx-5070ti/,1
Mojitech,ASUS,Rog Strix G16 G614PR RV070,,,,,,2099,New,https://mojitech.net/shop/brands/asus-brands/asus-rog-strix-g16-g614pr-rv070/,1
Mojitech,ASUS,Rog Strix G16 G615JH N3101,,,,,,,New,https://mojitech.net/shop/brands/asus-brands/asus-rog-strix-g16-g615jh-n3101/,1
Mojitech,ASUS,Rog Strix G16 G615JM RV012,,,,,,,New,https://mojitech.net/shop/brands/asus-brands/asus-rog-strix-g16-g615jm-rv012/,1
Mojitech,ASUS,Rog Strix G16 G615LM RV172 90NR0LJ2 M00730,,,,,,1845,New,https://mojitech.net/shop/brands/asus-brands/asus-rog-strix-g16-g615lm-rv172-90nr0lj2-m00730/,1
Mojitech,ASUS,Rog Strix G16 G615LR S5328,,,,,,2639,New,https://mojitech.net/shop/brands/asus-brands/asus-rog-strix-g16-g615lr-s5328/,1
Mojitech,ASUS,Rog Strix G16 G615LW S5153,,,,,,3495,New,https://mojitech.net/shop/brands/asus-brands/asus-rog-strix-g16-g615lw-s5153/,1
Mojitech,ASUS,Rog Strix G16,,RTX 5070 Ti 32GB,,2TB SSD,,2399,New,https://mojitech.net/shop/brands/asus-brands/asus-rog-strix-g16-rtx-5070ti-32gb-2tb/,1
Mojitech,ASUS,Rog Strix G16,AMD Ryzen 9 9955hx,RTX 5060 16GB,,1TB SSD,,1700,New,https://mojitech.net/shop/brands/asus-brands/asus-rog-strix-g16-ryzen-9-9955hx-rtx-5060-16gb-1tb-nvme-16/,1
Mojitech,ASUS,Rog Strix G16,AMD Ryzen 9,RTX 5070 Ti 32GB,32GB,,,2739,New,https://mojitech.net/shop/brands/asus-brands/asus-rog-strix-g16-ryzen-9-rtx-5070-ti-32gb/,1
Mojitech,ASUS,Rog Strix G16,Intel Ultra 9 275hx,RTX 5070 32GB,,1TB SSD,,,New,https://mojitech.net/shop/brands/asus-brands/asus-rog-strix-g16-ultra-9-275hx-rtx-5070-32gb-1tb-nvme-16-tax-included/,1
Mojitech,ASUS,Rog Strix G16,Intel Ultra 9 275hx,RTX 5080 16GB,,1TB SSD,,2759,New,https://mojitech.net/shop/brands/asus-brands/asus-rog-strix-g16-ultra-9-275hx-rtx-5080-16gb-1tb-nvme-16/,1
Mojitech,ASUS,Rog Strix G18 90NR0ID6 M003Z0,,,,,,2181,New,https://mojitech.net/shop/brands/asus-brands/asus-rog-strix-g18-90nr0id6-m003z0/,1
Mojitech,ASUS,Rog Strix G18 G814JIR N6027,,,,,,2090,New,https://mojitech.net/shop/brands/asus-brands/asus-rog-strix-g18-g814jir-n6027/,1
Mojitech,ASUS,Rog Strix G18 G814JIR N6061,,,,,,,New,https://mojitech.net/shop/brands/asus-brands/asus-rog-strix-g18-g814jir-n6061/,1
Mojitech,ASUS,Rog Strix G18 G814JIR N6207,,,,,,,New,https://mojitech.net/shop/brands/asus-brands/asus-rog-strix-g18-g814jir-n6207/,1
Mojitech,ASUS,Rog Strix G18 G814JIR XS96,,,,,,2229,New,https://mojitech.net/shop/brands/asus-brands/asus-rog-strix-g18-g814jir-xs96/,1
Mojitech,ASUS,Rog Strix G18 G814JZR N6058,,,,,,,New,https://mojitech.net/shop/brands/asus-brands/asus-rog-strix-g18-g814jzr-n6058/,1
Mojitech,ASUS,Rog Strix G18 G815LM IS96,,,,,,2124,New,https://mojitech.net/shop/brands/asus-brands/asus-rog-strix-g18-g815lm-is96/,1
Mojitech,ASUS,Rog Strix G18,,,,,,2648,New,https://mojitech.net/shop/brands/asus-brands/asus-rog-strix-g18-laptop/,1
Mojitech,ASUS,Rog Strix G18,Intel Ultra 9 275hx,RTX 5070 32GB,,1TB SSD,,2225,New,https://mojitech.net/shop/brands/asus-brands/asus-rog-strix-g18-ultra-9-275hx-rtx-5070-32gb-1tb-nvme-18/,1
Mojitech,ASUS,Rog Strix G18,Intel Ultra 9,RTX 5070 Ti 16GB,16GB,,,2689,New,https://mojitech.net/shop/brands/asus-brands/asus-rog-strix-g18-ultra-9-rtx-5070-ti-16gb/,1
Mojitech,ASUS,Rog Strix G614JI N3169 90NR0D41 M00X20,,,,,,1595,New,https://mojitech.net/shop/brands/asus-brands/asus-rog-strix-g614ji-n3169-90nr0d41-m00x20/,1
Mojitech,ASUS,Rog Strix G614JIR N3103 90NR0IG5 M004H0,,,,,,,New,https://mojitech.net/shop/brands/asus-brands/asus-rog-strix-g614jir-n3103-90nr0ig5-m004h0/,1
Mojitech,ASUS,Rog Strix G614JU N3129 90NR0CC1 M00ZK0,,,,,,,New,https://mojitech.net/shop/brands/asus-brands/asus-rog-strix-g614ju-n3129-90nr0cc1-m00zk0/,1
Mojitech,ASUS,Rog Strix G614JU N3252,,,,,,,New,https://mojitech.net/shop/brands/asus-brands/asus-rog-strix-g614ju-n3252/,1
Mojitech,ASUS,Rog Strix G814JIR N6136 90NR0ID6 M00400,,,,,,2045,New,https://mojitech.net/shop/brands/asus-brands/asus-rog-strix-g814jir-n6136-90nr0id6-m00400/,1
Mojitech,ASUS,Rog Strix G814JZR G18,,,,,,,New,https://mojitech.net/shop/brands/asus-brands/asus-rog-strix-g814jzr-g18/,1
Mojitech,ASUS,Rog Strix G834JZR N6056 90NR0IN2 M002B0,,,,,,,New,https://mojitech.net/shop/brands/asus-brands/asus-rog-strix-g834jzr-n6056-90nr0in2-m002b0/,1
Mojitech,ASUS,Rog Strix Scar 18 G834JYR N6060,,,,,,3750,New,https://mojitech.net/shop/brands/asus-brands/asus-rog-strix-scar-18-g834jyr-n6060/,1
Mojitech,ASUS,Rog Strix Scar 18 G834JYR N6403,,,,,,3900,New,https://mojitech.net/shop/brands/asus-brands/asus-rog-strix-scar-18-g834jyr-n6403/,1
Mojitech,ASUS,Rog Zephyrus G16 GU603VI G16,Intel Core i7-4070,,,,,,New,https://mojitech.net/shop/brands/asus-brands/asus-rog-zephyrus-g16-gu603vi-g16-i74070/,1
Mojitech,ASUS,Rog Zephyrus G16 GU605MY,,,,,,3099,New,https://mojitech.net/shop/brands/asus-brands/asus-rog-zephyrus-g16-gu605my/,1
Mojitech,ASUS,Rog Zephyrus G16,,,,,,,New,https://mojitech.net/shop/brands/asus-brands/asus-rog-zephyrus-g16/,1
Mojitech,ASUS,Tuf A15 FA506NCG HN199W,AMD Ryzen 7,RTX 3050,,,,875,New,https://mojitech.net/shop/brands/asus-brands/asus-tuf-a15-fa506ncg-hn199w-ryzen-7-rtx-3050/,1
Mojitech,ASUS,Tuf A15 FA506NF HN004,,,,,,,New,https://mojitech.net/shop/brands/asus-brands/asus-tuf-a15-fa506nf-hn004/,1
Mojitech,ASUS,Tuf A15 FA507NUR LP104,,,,,,1139,New,https://mojitech.net/shop/brands/asus-brands/asus-tuf-a15-fa507nur-lp104/,1
Mojitech,ASUS,Tuf A15 FA507NUR LP106,,,,,,,New,https://mojitech.net/shop/brands/asus-brands/asus-tuf-a15-fa507nur-lp106/,1
Mojitech,ASUS,Tuf A15 FA507NUR LP129,,,,,,,New,https://mojitech.net/shop/brands/asus-brands/asus-tuf-a15-fa507nur-lp129/,1
Mojitech,ASUS,Tuf A15 FA507XI EH94,,,,,,,New,https://mojitech.net/shop/brands/asus-brands/asus-tuf-a15-fa507xi-eh94/,1
Mojitech,ASUS,Tuf F15 FX608JMR F16I75060,,,,,,,New,https://mojitech.net/shop/brands/asus-brands/asus-tuf-f15-fx608jmr-f16i75060/,1
Mojitech,ASUS,Tuf F16 FX608JH RTX5050,,RTX 5050,,,,,New,https://mojitech.net/shop/brands/asus-brands/asus-tuf-f16-fx608jh-rtx5050/,1
Mojitech,ASUS,Tuf Gaming A15 FA506NCR HN129,,,,,,,New,https://mojitech.net/shop/brands/asus-brands/asus-tuf-gaming-a15-fa506ncr-hn129/,1
Mojitech,ASUS,Tuf Gaming A15 FA506NF HN005W,,,,,,,New,https://mojitech.net/shop/brands/asus-brands/asus-tuf-gaming-a15-fa506nf-hn005w/,1
Mojitech,ASUS,Tuf Gaming A16 FA608UP A16 R95070,,,,,,1740,New,https://mojitech.net/shop/brands/asus-brands/asus-tuf-gaming-a16-fa608up-a16-r95070/,1
Mojitech,ASUS,Tuf Gaming A17 FA707XU MS94,,,,,,1375,New,https://mojitech.net/shop/brands/asus-brands/asus-tuf-gaming-a17-fa707xu-ms94/,1
Mojitech,ASUS,Tuf Gaming F15 90NR0FH7 M006D0,,,,,,,New,https://mojitech.net/shop/brands/asus-brands/asus-tuf-gaming-f15-90nr0fh7-m006d0/,1
Mojitech,ASUS,Tuf Gaming F15 FX507VI LP066W,,,,,,,New,https://mojitech.net/shop/brands/asus-brands/asus-tuf-gaming-f15-fx507vi-lp066w/,1
Mojitech,ASUS,Tuf Gaming F15 FX507VI LP071,,,,,,,New,https://mojitech.net/shop/brands/asus-brands/asus-tuf-gaming-f15-fx507vi-lp071/,1
Mojitech,ASUS,Tuf Gaming F16 FX608JM RV015,,,,,,,New,https://mojitech.net/shop/brands/asus-brands/asus-tuf-gaming-f16-fx608jm-rv015/,1
Mojitech,ASUS,Vivobook 14 X1404VAP,Intel Core 5,Integrated,,,,528,New,https://mojitech.net/shop/brands/asus-brands/asus-vivobook-14-x1404vap-core-5-fhd-laptop/,1
Mojitech,ASUS,Vivobook 14 X1404ZA,Intel Core i3-8128,Integrated,,,,,New,https://mojitech.net/shop/brands/asus-brands/asus-vivobook-14-x1404za-i38128/,1
Mojitech,ASUS,Vivobook 16 F1605VA,Intel Core i7,Integrated,,,,,New,https://mojitech.net/shop/brands/asus-brands/asus-vivobook-16-f1605va-core-i7-16-fhd/,1
Mojitech,ASUS,Vivobook 16 F1605VA,Intel Core i9,Integrated,16GB,,,944,New,https://mojitech.net/shop/brands/asus-brands/asus-vivobook-16-f1605va-laptop-core-i9-16gb/,1
Mojitech,ASUS,Vivobook 16X F1605VA AB74,,,,,,,New,https://mojitech.net/shop/brands/asus-brands/asus-vivobook-16x-f1605va-ab74/,1
Mojitech,ASUS,Vivobook 16X K3605VU AS96,,,,,,,New,https://mojitech.net/shop/brands/asus-brands/asus-vivobook-16x-k3605vu-as96/,1
Mojitech,ASUS,Vivobook 16X K3605VU NB76,,,,,,,New,https://mojitech.net/shop/brands/asus-brands/asus-vivobook-16x-k3605vu-nb76/,1
Mojitech,ASUS,Vivobook 16X K3605VU PL419,,,,,,,New,https://mojitech.net/shop/brands/asus-brands/asus-vivobook-16x-k3605vu-pl419/,1
Mojitech,ASUS,Vivobook 16X K3605VU WS96,,,,,,1145,New,https://mojitech.net/shop/brands/asus-brands/asus-vivobook-16x-k3605vu-ws96/,1
Mojitech,ASUS,Vivobook 18 M1807,AMD Ryzen 7,Integrated AMD Radeon,,,,1026,New,https://mojitech.net/shop/brands/asus-brands/asus-vivobook-18-m1807-ryzen-7/,1
Mojitech,ASUS,Vivobook 18 M1807HA MS78,AMD Ryzen 7 260,Integrated AMD Radeon,,,,1174,New,https://mojitech.net/shop/brands/asus-brands/asus-vivobook-18-m1807ha-ms78-ryzen-7-260/,1
Mojitech,ASUS,Vivobook,Intel Core 5 120u,Integrated,,,,529,New,https://mojitech.net/shop/brands/asus-brands/asus-vivobook-core-5-120u-laptop/,1
Mojitech,ASUS,Vivobook Pro 15 N6506MU MA029,,,,,,,New,https://mojitech.net/shop/brands/asus-brands/asus-vivobook-pro-15-n6506mu-ma029/,1
Mojitech,ASUS,Vivobook Pro 15 Q533MJ U73050,,,,,,,New,https://mojitech.net/shop/brands/asus-brands/asus-vivobook-pro-15-q533mj-u73050/,1
Mojitech,ASUS,Vivobook Pro 15 Q543MJ U93050,,,,,,,New,https://mojitech.net/shop/brands/asus-brands/asus-vivobook-pro-15-q543mj-u93050/,1
Mojitech,ASUS,Vivobook Pro 16 K6604JI NB96,,,,,,,New,https://mojitech.net/shop/brands/asus-brands/asus-vivobook-pro-16-k6604ji-nb96/,1
Mojitech,ASUS,Vivobook S 14 Q423SA U5512,,,,,,,New,https://mojitech.net/shop/brands/asus-brands/asus-vivobook-s-14-q423sa-u5512/,1
Mojitech,ASUS,Vivobook S 15 K5504VN DS96,,,,,,,New,https://mojitech.net/shop/brands/asus-brands/asus-vivobook-s-15-k5504vn-ds96/,1
Mojitech,ASUS,Vivobook S14 TN3402YA LZ007W,,,,,,734,New,https://mojitech.net/shop/brands/asus-brands/asus-vivobook-s14-tn3402ya-lz007w/,1
Mojitech,ASUS,Vivobook X1404,,,,,,,New,https://mojitech.net/shop/brands/asus-brands/asus-vivobook-x1404-laptop/,1
Mojitech,ASUS,Vivobook X1404VA,Intel Core i5,Integrated,,,,,New,https://mojitech.net/shop/brands/asus-brands/asus-vivobook-x1404va-core-i5-14-fhd/,1
Mojitech,ASUS,Vivobook X1404VA,Intel Core i7,Integrated,,,,,New,https://mojitech.net/shop/brands/asus-brands/asus-vivobook-x1404va-core-i7-14-fhd/,1
Mojitech,ASUS,Zenbook 14 Flip UP3404VA OLED007W,,,,,,1025,New,https://mojitech.net/shop/brands/asus-brands/asus-zenbook-14-flip-up3404va-oled007w/,1
Mojitech,ASUS,Zenbook 14 Q425MA U71TB,,,,,,,New,https://mojitech.net/shop/brands/asus-brands/asus-zenbook-14-q425ma-u71tb/,1
Mojitech,ASUS,Zenbook 14 UM3405GA,AMD Ryzen AI 9,Integrated AMD Radeon,,,,1285,New,https://mojitech.net/shop/brands/asus-brands/asus-zenbook-14-um3405ga-ryzen-ai-9-oled/,1
Mojitech,ASUS,Zenbook 14 UM3406KA,AMD Ryzen AI 7,Integrated AMD Radeon,,,,1539,New,https://mojitech.net/shop/brands/asus-brands/asus-zenbook-14-um3406ka-ryzen-ai-7/,1
Mojitech,ASUS,Zenbook 14 UX3402VA DS74,,,,,,898,New,https://mojitech.net/shop/brands/asus-brands/asus-zenbook-14-ux3402va-ds74/,1
Mojitech,ASUS,Zenbook 14 UX3405CA,Intel Ultra 7,Integrated,,,,1339,New,https://mojitech.net/shop/brands/asus-brands/asus-zenbook-14-ux3405ca-core-ultra-7/,1
Mojitech,ASUS,Zenbook 14 UX3405CA U7,,,,,,1090,New,https://mojitech.net/shop/brands/asus-brands/asus-zenbook-14-ux3405ca-u7/,1
Mojitech,ASUS,Zenbook 14 UX3405MA Oled,,,,,,,New,https://mojitech.net/shop/brands/asus-brands/asus-zenbook-14-ux3405ma-oled/,1
Mojitech,ASUS,Zenbook 14 UX3405MA PZ193W,,,,,,,New,https://mojitech.net/shop/brands/asus-brands/asus-zenbook-14-ux3405ma-pz193w/,1
Mojitech,ASUS,Zenbook 14X Oled Q415MA U5512,,,,,,615,New,https://mojitech.net/shop/brands/asus-brands/asus-zenbook-14x-oled-q415ma-u5512/,1
Mojitech,ASUS,Zenbook 14X Oled UX3404VC BB99T,,,,,,,New,https://mojitech.net/shop/brands/asus-brands/asus-zenbook-14x-oled-ux3404vc-bb99t/,1
Mojitech,ASUS,Zenbook 14X Q420VA Evo I7512,,,,,,,New,https://mojitech.net/shop/brands/asus-brands/asus-zenbook-14x-q420va-evo-i7512/,1
Mojitech,ASUS,Zenbook Duo,Intel Ultra 9 285h,Integrated,32GB,2TB SSD,,,New,https://mojitech.net/shop/brands/asus-brands/asus-zenbook-duo-core-ultra-9-285h-32gb-2tb-nvme-14/,1
Mojitech,ASUS,Zenbook Duo UX8406CA,,,,,,2139,New,https://mojitech.net/shop/brands/asus-brands/asus-zenbook-duo-ux8406ca-laptop/,1
Mojitech,ASUS,Zenbook Duo UX8406MA Oled,,,,,,,New,https://mojitech.net/shop/brands/asus-brands/asus-zenbook-duo-ux8406ma-oled/,1
Mojitech,ASUS,Zenbook Duo UX8406MA PZ044W,,,,,,,New,https://mojitech.net/shop/brands/asus-brands/asus-zenbook-duo-ux8406ma-pz044w/,1
Mojitech,ASUS,Zenbook Pro 16 UX6601ZW DB76,,,,,,,New,https://mojitech.net/shop/brands/asus-brands/asus-zenbook-pro-16-ux6601zw-db76/,1
Mojitech,ASUS,Zenbook Pro Duo UX8402VU AS96T,,,,,,,New,https://mojitech.net/shop/brands/asus-brands/asus-zenbook-pro-duo-ux8402vu-as96t/,1
Mojitech,ASUS,Zenbook Pro Duo UX8406CA PS99T,,,,,,,New,https://mojitech.net/shop/brands/asus-brands/asus-zenbook-pro-duo-ux8406ca-ps99t/,1
Mojitech,ASUS,Zenbook Pro Duo UX8406MA PS99T,,,,,,,New,https://mojitech.net/shop/brands/asus-brands/asus-zenbook-pro-duo-ux8406ma-ps99t/,1
Mojitech,ASUS,Zenbook S 16 UM5606WA S16 R3651TB,,,,,,,New,https://mojitech.net/shop/brands/asus-brands/asus-zenbook-s-16-um5606wa-s16-r3651tb/,1
Mojitech,ASUS,Zenbook S13 UX5304MA Oled,,,,,,,New,https://mojitech.net/shop/brands/asus-brands/asus-zenbook-s13-ux5304ma-oled/,1
Mojitech,ASUS,Zenbook S14 UX5406AA,,,,,,,New,https://mojitech.net/shop/brands/asus-brands/asus-zenbook-s14-ux5406aa-laptop/,1
Mojitech,ASUS,Zenbook UX3405CA ULTRA9 Oled 14,Intel Ultra 9,Integrated,,,,1745,New,https://mojitech.net/shop/brands/asus-brands/asus-zenbook-ux3405ca-ultra9-oled-14/,1
Mojitech,ASUS,ZENBOOK14 UM3402YA WS74T,,,,,,,New,https://mojitech.net/shop/brands/asus-brands/asus-zenbook14-um3402ya-ws74t/,1
Mojitech,Zenbook,A14 Copilot Plus 14 Pc,,,,,,849,New,https://mojitech.net/shop/brands/asus-brands/zenbook-a14-copilot-plus-14-pc/,1
Mojitech,Dell,Alienware M16 R2 AWM16 7025BLK Pus 2,,,,,,,New,https://mojitech.net/shop/brands/dell-brands/dell-alienware-m16-r2-awm16-7025blk-pus-2/,1
Mojitech,Dell,Alienware M16 R2 AWM16 7025BLK Pus,,,,,,1549,New,https://mojitech.net/shop/brands/dell-brands/dell-alienware-m16-r2-awm16-7025blk-pus/,1
Mojitech,Dell,Alienware M16 R2 AWM16R 9487BLK P,,,,,,,New,https://mojitech.net/shop/brands/dell-brands/dell-alienware-m16-r2-awm16r-9487blk-p/,1
Mojitech,Dell,Alienware M16 R2,,,,,,1689,New,https://mojitech.net/shop/brands/dell-brands/dell-alienware-m16-r2/,1
Mojitech,Dell,Alienware M18 R2 AWM18R 9583BLK P,,,,,,,New,https://mojitech.net/shop/brands/dell-brands/dell-alienware-m18-r2-awm18r-9583blk-p/,1
Mojitech,Dell,Alienware M18 R2 Gaming INS0170059 R0023109 Sa,,,,,,,New,https://mojitech.net/shop/brands/dell-brands/dell-alienware-m18-r2-gaming-ins0170059-r0023109-sa/,1
Mojitech,Dell,Alienware M18 R2 Gaming USEASHBTSM18R2HCTZ,,,,,,,New,https://mojitech.net/shop/brands/dell-brands/dell-alienware-m18-r2-gaming-useashbtsm18r2hctz/,1
Mojitech,Dell,Alienware X14 R2 AWX14 R2,,,,,,,New,https://mojitech.net/shop/brands/dell-brands/dell-alienware-x14-r2-awx14-r2/,1
Mojitech,Dell,Inspiron 15 5535,,,,,,575,New,https://mojitech.net/shop/brands/dell-brands/dell-inspiron-15-5535/,1
Mojitech,Dell,Inspiron 7430 7374 I7430 7374SLV Pus Lebanon,,,,,,,New,https://mojitech.net/shop/brands/dell-brands/dell-inspiron-7430-7374-i7430-7374slv-pus-lebanon/,1
Mojitech,Dell,Latitude 13 7350,Intel Ultra 7 164u,Integrated,32GB,1TB SSD,,1289,New,https://mojitech.net/shop/brands/dell-brands/dell-latitude-13-7350-ultra-7-164u-32gb-1tb-tablet/,1
Mojitech,Dell,Latitude 3420,Intel Core i5,Integrated,8GB,,,675,New,https://mojitech.net/shop/brands/dell-brands/dell-latitude-3420-core-i5-14-8gb/,1
Mojitech,Dell,Latitude 3420,Intel Core i7,Integrated,8GB,,,660,New,https://mojitech.net/shop/brands/dell-brands/dell-latitude-3420-core-i7-14-8gb/,1
Mojitech,Dell,Latitude 5320 2 In 1,Intel Core i7,Integrated,,,,539,New,https://mojitech.net/shop/brands/dell-brands/dell-latitude-5320-2-in-1-core-i7-1185g7-touch-laptop/,1
Mojitech,Dell,Latitude 5431,Intel Core i5-1250P,Integrated,,,,,New,https://mojitech.net/shop/brands/dell-brands/dell-latitude-5431-core-i5-1250p-touch-laptop/,1
Mojitech,Dell,Latitude 5440 210 Bfzv,Intel Core i7,Integrated,,,,1214,New,https://mojitech.net/shop/brands/dell-brands/dell-latitude-5440-210-bfzv-i7/,1
Mojitech,Dell,Latitude 5440 210 Bgbj,Intel Core i7,Integrated,,,,1224,New,https://mojitech.net/shop/brands/dell-brands/dell-latitude-5440-210-bgbj-i7/,1
Mojitech,Dell,Latitude 5540,Intel Core i5,Integrated,,512GB SSD,,649,New,https://mojitech.net/shop/brands/dell-brands/dell-latitude-5540-laptop-core-i5-512gb-nvme/,1
Mojitech,Dell,Latitude 5550,Intel Ultra 7 155u,Integrated,16GB,512GB SSD,,,New,https://mojitech.net/shop/brands/dell-brands/dell-latitude-5550-ultra-7-155u-16gb-512gb-nvme-15-6/,1
Mojitech,Dell,Latitude 7350 2 In 1,Intel Ultra 5 134u,Integrated,,,,739,New,https://mojitech.net/shop/brands/dell-brands/dell-latitude-7350-2-in-1-ultra-5-134u-touch/,1
Mojitech,Dell,Latitude 7350,Intel Ultra 7 164u,Integrated,32GB,,,,New,https://mojitech.net/shop/brands/dell-brands/dell-latitude-7350-ultra-7-164u-32gb-tablet/,1
Mojitech,Dell,Latitude 7450,,,,,,1199,New,https://mojitech.net/shop/brands/dell-brands/dell-latitude-7450-laptop/,1
Mojitech,Dell,Plus LD15260 7140BLK Pus,Intel Ultra 7 255u,Integrated,,,,,New,https://mojitech.net/shop/brands/dell-brands/dell-plus-ld15260-7140blk-pus-ultra-7-255u-laptop/,1
Mojitech,Dell,Vostro 3510 210 Azzu,Intel Core i3,Integrated,,,,309,New,https://mojitech.net/shop/brands/dell-brands/dell-vostro-3510-210-azzu-i3/,1
Mojitech,Dell,Vostro 3510,Intel Core i7,Integrated,8GB,,,580,New,https://mojitech.net/shop/brands/dell-brands/dell-vostro-3510-core-i7-15-6-8gb/,1
Mojitech,Dell,Vostro 3910 210 Bcud,Intel Core i5,Integrated,,,,,New,https://mojitech.net/shop/brands/dell-brands/dell-vostro-3910-210-bcud-i5/,1
Mojitech,Dell,Vostro 3910 Dt 210 Bcud,Intel Core i3,Integrated,,,,,New,https://mojitech.net/shop/brands/dell-brands/dell-vostro-3910-dt-210-bcud-i3/,1
Mojitech,Dell,Inspiron 14 7374SLV,Intel Core i7-1355U,Integrated,16GB,1TB SSD,,859,New,https://mojitech.net/shop/brands/dell-inspiron-14-7374slv-core-i7-1355u-16gb-1tb-nvme-14-1-year-warranty-tax-included/,1
Mojitech,HP,15 FD0061NE,Intel Core i7-1355U,Integrated,8GB,512GB SSD,,630,New,https://mojitech.net/shop/brands/hp-brands/hp-15-fd0061ne-core-i7-1355u-8gb-512gb-nvme-15-6/,1
Mojitech,HP,15 FD0357NR,Intel Core i7-1355U,Integrated,,,,638,New,https://mojitech.net/shop/brands/hp-brands/hp-15-fd0357nr-laptop-core-i7-1355u-touch/,1
Mojitech,HP,15S FQ5020NIA,Intel Core i7-1255U,Integrated,,,,606,New,https://mojitech.net/shop/brands/hp-brands/hp-15s-fq5020nia-laptop-core-i7-1255u/,1
Mojitech,HP,250 G10,Intel Core i3-1315U,Integrated,8GB,512GB SSD,,435,New,https://mojitech.net/shop/brands/hp-brands/hp-250-g10-core-i3-1315u-8gb-512gb-15-6/,1
Mojitech,HP,250 G10,Intel Core i5,Integrated,,512GB SSD,,535,New,https://mojitech.net/shop/brands/hp-brands/hp-250-g10-laptop-core-i5-512gb-nvme-ssd/,1
Mojitech,HP,Elitebook 1040 G11,,,,,,,New,https://mojitech.net/shop/brands/hp-brands/hp-elitebook-1040-g11/,1
Mojitech,HP,Elitebook 6 G1I AV3Z0AV,,,,,,,New,https://mojitech.net/shop/brands/hp-brands/hp-elitebook-6-g1i-av3z0av/,1
Mojitech,HP,Elitebook 640 G10 8A571EA,,,,,,,New,https://mojitech.net/shop/brands/hp-brands/hp-elitebook-640-g10-8a571ea/,1
Mojitech,HP,Elitebook 640 G10 8A602EA,,,,,,852,New,https://mojitech.net/shop/brands/hp-brands/hp-elitebook-640-g10-8a602ea/,1
Mojitech,HP,Elitebook 640 G10 B59W8U8ABA,,,,,,799,New,https://mojitech.net/shop/brands/hp-brands/hp-elitebook-640-g10-b59w8u8aba/,1
Mojitech,HP,Elitebook 8 G1I AP6K2AV,,,,,,1280,New,https://mojitech.net/shop/brands/hp-brands/hp-elitebook-8-g1i-ap6k2av/,1
Mojitech,HP,Elitebook 8 G1I,Intel Ultra 7 255u,Integrated,16GB,512GB SSD,,,New,https://mojitech.net/shop/brands/hp-brands/hp-elitebook-8-g1i-ultra-7-255u-16gb-512gb-laptop/,1
Mojitech,HP,Elitebook 835 G11 B47RQU8ABA,,,,,,935,New,https://mojitech.net/shop/brands/hp-brands/hp-elitebook-835-g11-b47rqu8aba/,1
Mojitech,HP,Elitebook 845 G11,,,,,,,New,https://mojitech.net/shop/brands/hp-brands/hp-elitebook-845-g11/,1
Mojitech,HP,Elitebook 845 G9 734U2UPABA,,,,,,788,New,https://mojitech.net/shop/brands/hp-brands/hp-elitebook-845-g9-734u2upaba/,1
Mojitech,HP,Elitebook X Flip G1I 14,,,,,,,New,https://mojitech.net/shop/brands/hp-brands/hp-elitebook-x-flip-g1i-14-notebook/,1
Mojitech,HP,Elitebook X G1,Intel Ultra 7,Integrated,,,,,New,https://mojitech.net/shop/brands/hp-brands/hp-elitebook-x-g1-ultra-7-laptop/,1
Mojitech,HP,Elitebook X G1 ULTRA7 14 Touch,Intel Ultra 7,Integrated,,,,,New,https://mojitech.net/shop/brands/hp-brands/hp-elitebook-x-g1-ultra7-14-touch/,1
Mojitech,HP,Hyperx Omen CJ9F1AV 1,Intel Ultra 9,RTX 5060,,,,1699,New,https://mojitech.net/shop/brands/hp-brands/hp-hyperx-omen-cj9f1av-1-ultra-9-rtx-5060-laptop/,1
Mojitech,HP,Omen 14 FB1216NW,Intel Ultra 9 285h,RTX 5070 32GB,,1TB SSD,,,New,https://mojitech.net/shop/brands/hp-brands/hp-omen-14-fb1216nw-ultra-9-285h-rtx-5070-32gb-1tb-nvme-14/,1
Mojitech,HP,Omen 16 912K7AV,,,,,,,New,https://mojitech.net/shop/brands/hp-brands/hp-omen-16-912k7av/,1
Mojitech,HP,Omen 16 AM0000NE,Intel Core i9-14900HX,RTX 5060 16GB,,512GB SSD,,,New,https://mojitech.net/shop/brands/hp-brands/hp-omen-16-am0000ne-i9-14900hx-rtx-5060-16gb-512gb-laptop/,1
Mojitech,HP,Omen 16 AM0073DX,,RTX 5060,,,,,New,https://mojitech.net/shop/brands/hp-brands/hp-omen-16-am0073dx-rtx-5060/,1
Mojitech,HP,Omen 16,AMD Ryzen 9 8940hx,RTX 5060 32GB,,1TB SSD,,,New,https://mojitech.net/shop/brands/hp-brands/hp-omen-16-amd-ryzen-9-8940hx-rtx-5060-32gb-1tb-nvme-16/,1
Mojitech,HP,Omen 16 AP0097NR B96S8UAABA,,,,,,1940,New,https://mojitech.net/shop/brands/hp-brands/hp-omen-16-ap0097nr-b96s8uaaba/,1
Mojitech,HP,Omen 16,Intel Ultra 7,RTX 5060,,,,,New,https://mojitech.net/shop/brands/hp-brands/hp-omen-16-core-ultra-7-rtx-5060/,1
Mojitech,HP,Omen 16,Intel Core i9-14800HX,RTX 5070,,,,1868,New,https://mojitech.net/shop/brands/hp-brands/hp-omen-16-i9-14800hx-rtx-5070/,1
Mojitech,HP,Omen 16 U0000NE 822Y0EA,,,,,,,New,https://mojitech.net/shop/brands/hp-brands/hp-omen-16-u0000ne-822y0ea/,1
Mojitech,HP,Omen 17 DB1006NR,,,,,,1945,New,https://mojitech.net/shop/brands/hp-brands/hp-omen-17-db1006nr-gaming-laptop/,1
Mojitech,HP,Omen 17T CK100 6M0U7AV 3,,,,,,,New,https://mojitech.net/shop/brands/hp-brands/hp-omen-17t-ck100-6m0u7av-3/,1
Mojitech,HP,Omen 17T CM200 70W93AV,,,,,,,New,https://mojitech.net/shop/brands/hp-brands/hp-omen-17t-cm200-70w93av/,1
Mojitech,HP,Omen Transcend 16T U000 765R3A,,,,,,,New,https://mojitech.net/shop/brands/hp-brands/hp-omen-transcend-16t-u000-765r3a/,1
Mojitech,HP,Pavilion 15 EH1070 364K5UAABA,,,,,,529,New,https://mojitech.net/shop/brands/hp-brands/hp-pavilion-15-eh1070-364k5uaaba/,1
Mojitech,HP,Pavilion 16 AF000,,,,,,749,New,https://mojitech.net/shop/brands/hp-brands/hp-pavilion-16-af000/,1
Mojitech,HP,Pavilion 16 AF0945NR A3SP2UA,,,,,,,New,https://mojitech.net/shop/brands/hp-brands/hp-pavilion-16-af0945nr-a3sp2ua/,1
Mojitech,HP,Pavilion X360 14 EK0000NE 6G7R5EA,,,,,,1024,New,https://mojitech.net/shop/brands/hp-brands/hp-pavilion-x360-14-ek0000ne-6g7r5ea/,1
Mojitech,HP,Probook 440 G10,Intel Core i7-1355U,Integrated,8GB,512GB SSD,,799,New,https://mojitech.net/shop/brands/hp-brands/hp-probook-440-g10-core-i7-1355u-8gb-512gb-nvme-14/,1
Mojitech,HP,Probook 450 G10 85D06EA,,,,,,,New,https://mojitech.net/shop/brands/hp-brands/hp-probook-450-g10-85d06ea/,1
Mojitech,HP,Probook 450 G9 6S7E5EA,,,,,,658,New,https://mojitech.net/shop/brands/hp-brands/hp-probook-450-g9-6s7e5ea/,1
Mojitech,HP,Probook 455 G7 7JN03AV,AMD Ryzen 7 4700u,Integrated AMD Radeon,,,,539,New,https://mojitech.net/shop/brands/hp-brands/hp-probook-455-g7-7jn03av-laptop-ryzen-7-4700u/,1
Mojitech,HP,Spectre 14 EF2000NE 7Q756EA,,,,,,,New,https://mojitech.net/shop/brands/hp-brands/hp-spectre-14-ef2000ne-7q756ea/,1
Mojitech,HP,Spectre 14 EF2013DX,,,,,,1070,New,https://mojitech.net/shop/brands/hp-brands/hp-spectre-14-ef2013dx/,1
Mojitech,HP,Spectre 14 EU0013DX,,,,,,,New,https://mojitech.net/shop/brands/hp-brands/hp-spectre-14-eu0013dx/,1
Mojitech,HP,Spectre 16T AA000 7M3K8AV,,,,,,,New,https://mojitech.net/shop/brands/hp-brands/hp-spectre-16t-aa000-7m3k8av/,1
Mojitech,HP,Spectre 16T AA000 7M3L6AV 01,,,,,,,New,https://mojitech.net/shop/brands/hp-brands/hp-spectre-16t-aa000-7m3l6av-01/,1
Mojitech,HP,Spectre X360 14 EU0013 2 In 1,,,,,,,New,https://mojitech.net/shop/brands/hp-brands/hp-spectre-x360-14-eu0013-2-in-1/,1
Mojitech,HP,Spectre X360 14T EU000 7K635AV 01,,,,,,,New,https://mojitech.net/shop/brands/hp-brands/hp-spectre-x360-14t-eu000-7k635av-01/,1
Mojitech,HP,Spectre X360 16 Convertible,Intel Core i7,RTX 3050,,,,1464,New,https://mojitech.net/shop/brands/hp-brands/hp-spectre-x360-16-convertible-laptop-i7-rtx-3050/,1
Mojitech,HP,Victus 15 2787NR,Intel Core i7-13620H,RTX 5060 16GB,,512GB SSD,,,New,https://mojitech.net/shop/brands/hp-brands/hp-victus-15-2787nr-core-i7-13620h-rtx-5060-16gb-512gb-15-6/,1
Mojitech,HP,Victus 15,Intel Core 5 210h,RTX 4050,,,,,New,https://mojitech.net/shop/brands/hp-brands/hp-victus-15-core-5-210h-rtx-4050/,1
Mojitech,HP,Victus 15 FA1033NE 801U3EA,,,,,,1003,New,https://mojitech.net/shop/brands/hp-brands/hp-victus-15-fa1033ne-801u3ea/,1
Mojitech,HP,Victus 15 FA1082WM,,,,,,,New,https://mojitech.net/shop/brands/hp-brands/hp-victus-15-fa1082wm/,1
Mojitech,HP,Victus 15 FA1097NE 86J65EA,,,,,,1099,New,https://mojitech.net/shop/brands/hp-brands/hp-victus-15-fa1097ne-86j65ea/,1
Mojitech,HP,Victus 15 FA1163DX,,,,,,,New,https://mojitech.net/shop/brands/hp-brands/hp-victus-15-fa1163dx/,1
Mojitech,HP,Victus 15 FA2000NE,Intel Core 7 240h,RTX 5050 16GB,,512GB SSD,,1184,New,https://mojitech.net/shop/brands/hp-brands/hp-victus-15-fa2000ne-core-7-240h-rtx-5050-16gb-512gb-laptop/,1
Mojitech,HP,Victus 15 FA2021NIA,Intel Core i7,RTX 3050,,,,999,New,https://mojitech.net/shop/brands/hp-brands/hp-victus-15-fa2021nia-laptop-i7-rtx-3050/,1
Mojitech,HP,Victus 15 FA2082WM,Intel Core i5-13420H,RTX 4050,16GB,512GB SSD,,959,New,https://mojitech.net/shop/brands/hp-brands/hp-victus-15-fa2082wm-core-i5-13420h-rtx-4050-512gb-nvme-16gb-15-6-tax-included/,1
Mojitech,HP,Victus 15 FA2093,,RTX 5060,,,,,New,https://mojitech.net/shop/brands/hp-brands/hp-victus-15-fa2093-rtx-5060/,1
Mojitech,HP,Victus 15 FA2093DX,Intel Core i7-13620H,RTX 5060,16GB,1TB SSD,,,New,https://mojitech.net/shop/brands/hp-brands/hp-victus-15-fa2093dx-core-i7-13620h-rtx-5060-1tb-nvme-16gb-15-6-tax-included/,1
Mojitech,HP,Victus 15 FA2787NR,,,,,,1249,New,https://mojitech.net/shop/brands/hp-brands/hp-victus-15-fa2787nr-laptop/,1
Mojitech,HP,Victus 15 FB2082 A14MNUAABA,,,,,,,New,https://mojitech.net/shop/brands/hp-brands/hp-victus-15-fb2082-a14mnuaaba/,1
Mojitech,HP,Victus 15 FB2082WM,,,,,,,New,https://mojitech.net/shop/brands/hp-brands/hp-victus-15-fb2082wm/,1
Mojitech,HP,Victus 15 FB3024NE,AMD Ryzen 7,RTX 3050,,,,957,New,https://mojitech.net/shop/brands/hp-brands/hp-victus-15-fb3024ne-ryzen-7-rtx-3050/,1
Mojitech,HP,Victus 15 FB3025NE,AMD Ryzen 7,RTX 3050,,,,949,New,https://mojitech.net/shop/brands/hp-brands/hp-victus-15-fb3025ne-ryzen-7-rtx-3050/,1
Mojitech,HP,Victus 15 FB3093 BM4X8UAR Aba,,,,,,,New,https://mojitech.net/shop/brands/hp-brands/hp-victus-15-fb3093-bm4x8uar-aba/,1
Mojitech,HP,Victus 15 FB3093DX RYZEN7 RTX4050,AMD Ryzen 7,RTX 4050,,,,1099,New,https://mojitech.net/shop/brands/hp-brands/hp-victus-15-fb3093dx-ryzen7-rtx4050/,1
Mojitech,HP,Victus 15 FD3093DX,,,,,,,New,https://mojitech.net/shop/brands/hp-brands/hp-victus-15-fd3093dx/,1
Mojitech,HP,Zbook Firefly 14 G10 8B762UAABA,,,,,,,New,https://mojitech.net/shop/brands/hp-brands/hp-zbook-firefly-14-g10-8b762uaaba/,1
Mojitech,HP,Zbook Firefly 14 G10 B50TMU8ABA,,,,,,1250,New,https://mojitech.net/shop/brands/hp-brands/hp-zbook-firefly-14-g10-b50tmu8aba/,1
Mojitech,HP,Zbook Firefly 14 G8 38K74UTABA,,,,,,698,New,https://mojitech.net/shop/brands/hp-brands/hp-zbook-firefly-14-g8-38k74utaba/,1
Mojitech,HP,Zbook Firefly 16 G10 B54KDU8ABA,,,,,,1213,New,https://mojitech.net/shop/brands/hp-brands/hp-zbook-firefly-16-g10-b54kdu8aba/,1
Mojitech,HP,Zbook Firefly 16 G11,,,,,,,New,https://mojitech.net/shop/brands/hp-brands/hp-zbook-firefly-16-g11/,1
Mojitech,HP,Zbook Power G10 B23DRU8ABA,,,,,,1825,New,https://mojitech.net/shop/brands/hp-brands/hp-zbook-power-g10-b23dru8aba/,1
Mojitech,HP,Zbook Power G10 B54MLU8ABA,,,,,,1745,New,https://mojitech.net/shop/brands/hp-brands/hp-zbook-power-g10-b54mlu8aba/,1
Mojitech,HP,Zbook,AMD Ryzen AI Max+ 390,Integrated AMD Radeon,64GB,4TB SSD,,4049,New,https://mojitech.net/shop/brands/hp-brands/hp-zbook-ryzen-ai-max-pro-390-64gb-ram-4tb-ssd-14-amd-radeon-8050s/,1
Mojitech,HP,Zbook,AMD Ryzen AI Max+ 390,Integrated AMD Radeon,64GB,,,3989,New,https://mojitech.net/shop/brands/hp-brands/hp-zbook-ultra-g1-ryzen-ai-max-pro-390-64gb/,1
Mojitech,HP,Zbook X G1,Intel Ultra 7 265h,Integrated,,,,1989,New,https://mojitech.net/shop/brands/hp-brands/hp-zbook-x-g1-ultra-7-265h-rtx-pro-1000/,1
Mojitech,HP,Victus,,,,,,1169,New,https://mojitech.net/shop/brands/hp-brands/victus-gaming-laptop-16-r0002ne-822w2ea/,1
Mojitech,ASUS,Rog Strix G18 G815JPR IS96,,,,,,2289,New,https://mojitech.net/shop/brands/lenovo-brands/asus-rog-strix-g18-g815jpr-is96/,1
Mojitech,HP,Probook 4 G1I,Intel Ultra 5 120u,Integrated,,,,,New,https://mojitech.net/shop/brands/lenovo-brands/hp-probook-4-g1i-ultra-5-120u-16/,1
Mojitech,Lenovo,Ideapad 1 15IAU7 82QD00DGFE,,,,,,540,New,https://mojitech.net/shop/brands/lenovo-brands/ideapad-1-15iau7-82qd00dgfe/,1
Mojitech,Lenovo,Ideapad 3 15IAU7 82RK00G0UE,,,,,,534,New,https://mojitech.net/shop/brands/lenovo-brands/ideapad-3-15iau7-82rk00g0ue/,1
Mojitech,Lenovo,Ideapad 5 15IAL7 82SF000MUS,,,,,,,New,https://mojitech.net/shop/brands/lenovo-brands/ideapad-5-15ial7-82sf000mus/,1
Mojitech,Lenovo,Ideapad Duet 3 10IGL5 82AT003TED,,,,,,278,New,https://mojitech.net/shop/brands/lenovo-brands/ideapad-duet-3-10igl5-82at003ted/,1
Mojitech,Lenovo,Ideapad Slim 3 15IAH8 83ER007SDP,,,,,,,New,https://mojitech.net/shop/brands/lenovo-brands/ideapad-slim-3-15iah8-83er007sdp/,1
Mojitech,Lenovo,Ideapad Slim 3 15IAH8 83ER00BKIN,,,,,,,New,https://mojitech.net/shop/brands/lenovo-brands/ideapad-slim-3-15iah8-83er00bkin/,1
Mojitech,Lenovo,Ideapad Slim 3 15IRU8 82X7008HDP,,,,,,,New,https://mojitech.net/shop/brands/lenovo-brands/ideapad-slim-3-15iru8-82x7008hdp/,1
Mojitech,Lenovo,Ideapad Yoga Slim 7X 14Q8X9,,,,,,,New,https://mojitech.net/shop/brands/lenovo-brands/ideapad-yoga-slim-7x-14q8x9-laptop/,1
Mojitech,Lenovo,Legion 5 Pro 16ACH6H 82JQ00ERED,,,,,,,New,https://mojitech.net/shop/brands/lenovo-brands/legion-5-pro-16ach6h-82jq00ered/,1
Mojitech,Lenovo,Legion 5 Pro 16ARH7H 82RG007NED,,,,,,,New,https://mojitech.net/shop/brands/lenovo-brands/legion-5-pro-16arh7h-82rg007ned/,1
Mojitech,Lenovo,Legion 7 16ACHG6 82N600D4ED,,,,,,,New,https://mojitech.net/shop/brands/lenovo-brands/legion-7-16achg6-82n600d4ed/,1
Mojitech,Lenovo,Legion Pro 5 16IRX8 82WK008HUS,,,,,,1640,New,https://mojitech.net/shop/brands/lenovo-brands/legion-pro-5-16irx8-82wk008hus/,1
Mojitech,Lenovo,Legion Pro 5 16IRX9 83DF00APUS,,,,,,,New,https://mojitech.net/shop/brands/lenovo-brands/legion-pro-5-16irx9-83df00apus/,1
Mojitech,Lenovo,Legion Pro 7I Gen 10 83F5CTO1WW,,,,,,4065,New,https://mojitech.net/shop/brands/lenovo-brands/legion-pro-7i-gen-10-83f5cto1ww/,1
Mojitech,Lenovo,Legion Pro 7I Gen 10,Intel Ultra 9 275hx,RTX 5090 32GB,,1TB SSD,,3769,New,https://mojitech.net/shop/brands/lenovo-brands/legion-pro-7i-gen-10-ultra-9-275hx-rtx-5090-32gb-1tb-16/,1
Mojitech,Lenovo,Legion S7 15ACH6 82K800DJED,,,,,,1099,New,https://mojitech.net/shop/brands/lenovo-brands/legion-s7-15ach6-82k800djed/,1
Mojitech,Lenovo,Flex 5 82HU00ASAX,AMD Ryzen 3 5300u,Integrated AMD Radeon,4GB,256GB SSD,,573,New,https://mojitech.net/shop/brands/lenovo-brands/lenovo-flex-5-82hu00asax-ryzen-3-5300u-4gb-256gb/,1
Mojitech,Lenovo,Ideapad 1 15ALC7 82R400DTUS,,,,,,,New,https://mojitech.net/shop/brands/lenovo-brands/lenovo-ideapad-1-15alc7-82r400dtus/,1
Mojitech,Lenovo,Ideapad 1 15IAU7 82QD00BQAD,,,,,,321,New,https://mojitech.net/shop/brands/lenovo-brands/lenovo-ideapad-1-15iau7-82qd00bqad/,1
Mojitech,Lenovo,Ideapad 1 15IAU7 82QD00DHUS,,,,,,,New,https://mojitech.net/shop/brands/lenovo-brands/lenovo-ideapad-1-15iau7-82qd00dhus/,1
Mojitech,Lenovo,Ideapad 1 15IGL7 82V700BAUE,,,,,,198,New,https://mojitech.net/shop/brands/lenovo-brands/lenovo-ideapad-1-15igl7-82v700baue/,1
Mojitech,Lenovo,Ideapad 1 15IJL7 82LX00CCAX,,,,,,,New,https://mojitech.net/shop/brands/lenovo-brands/lenovo-ideapad-1-15ijl7-82lx00ccax/,1
Mojitech,Lenovo,Ideapad 1 15IJL7 82LX00CKDP,,,,,,,New,https://mojitech.net/shop/brands/lenovo-brands/lenovo-ideapad-1-15ijl7-82lx00ckdp/,1
Mojitech,Lenovo,Ideapad 1 15IRU7,Intel Core i5,Integrated,,,,529,New,https://mojitech.net/shop/brands/lenovo-brands/lenovo-ideapad-1-15iru7-core-i5-15-6/,1
Mojitech,Lenovo,Ideapad 1 15IRU7,Intel Core i5,Integrated,,,,466,New,https://mojitech.net/shop/brands/lenovo-brands/lenovo-ideapad-1-15iru7-laptop-core-i5-touch/,1
Mojitech,Lenovo,Ideapad 1 83B40001US,,,,,,,New,https://mojitech.net/shop/brands/lenovo-brands/lenovo-ideapad-1-83b40001us/,1
Mojitech,Lenovo,Ideapad 1,Intel Celeron,Integrated,,256GB SSD,,345,New,https://mojitech.net/shop/brands/lenovo-brands/lenovo-ideapad-1-laptop-celeron-n4500-256gb-nvme/,1
Mojitech,Lenovo,Ideapad 1 P1,Intel Core i5,Integrated,,512GB SSD,,524,New,https://mojitech.net/shop/brands/lenovo-brands/lenovo-ideapad-1-p1-laptop-core-i5-512gb-touch/,1
Mojitech,Lenovo,Ideapad 3 15ALC6 82KU00EDED,,,,,,444,New,https://mojitech.net/shop/brands/lenovo-brands/lenovo-ideapad-3-15alc6-82ku00eded/,1
Mojitech,Lenovo,Ideapad 3 15IAU7 82RK017QUS,,,,,,,New,https://mojitech.net/shop/brands/lenovo-brands/lenovo-ideapad-3-15iau7-82rk017qus/,1
Mojitech,Lenovo,Ideapad 5 2 In 1 14AHP9 83DR0002US,,,,,,,New,https://mojitech.net/shop/brands/lenovo-brands/lenovo-ideapad-5-2-in-1-14ahp9-83dr0002us/,1
Mojitech,Lenovo,Ideapad 5 2 In 1 14AHP9 83DR000FCF,,,,,,658,New,https://mojitech.net/shop/brands/lenovo-brands/lenovo-ideapad-5-2-in-1-14ahp9-83dr000fcf/,1
Mojitech,Lenovo,Ideapad 5 2 In 1 14AHP9 83DR000GUS,,,,,,,New,https://mojitech.net/shop/brands/lenovo-brands/lenovo-ideapad-5-2-in-1-14ahp9-83dr000gus/,1
Mojitech,Lenovo,Ideapad 5 2 In 1 14IAL10 83KR001TUS,,,,,,,New,https://mojitech.net/shop/brands/lenovo-brands/lenovo-ideapad-5-2-in-1-14ial10-83kr001tus/,1
Mojitech,Lenovo,Ideapad 5 2 In 1 14IRU9 83DT000FUS,,,,,,,New,https://mojitech.net/shop/brands/lenovo-brands/lenovo-ideapad-5-2-in-1-14iru9-83dt000fus/,1
Mojitech,Lenovo,Ideapad 5 2 In 1 14IRU9 83DT0036US,,,,,,,New,https://mojitech.net/shop/brands/lenovo-brands/lenovo-ideapad-5-2-in-1-14iru9-83dt0036us/,1
Mojitech,Lenovo,Ideapad 5 2 In 1 14Q8X9 83GH0009US,,,,,,,New,https://mojitech.net/shop/brands/lenovo-brands/lenovo-ideapad-5-2-in-1-14q8x9-83gh0009us/,1
Mojitech,Lenovo,Ideapad 5 2 In 1 16AHP9 83DS0000US,,,,,,,New,https://mojitech.net/shop/brands/lenovo-brands/lenovo-ideapad-5-2-in-1-16ahp9-83ds0000us/,1
Mojitech,Lenovo,Ideapad 5 2 In 1 16AHP9 83DS0056US,,,,,,989,New,https://mojitech.net/shop/brands/lenovo-brands/lenovo-ideapad-5-2-in-1-16ahp9-83ds0056us/,1
Mojitech,Lenovo,Ideapad 5 2 In 1 16AKP10,AMD Ryzen AI 7 350,Integrated AMD Radeon,16GB,1TB SSD,,,New,https://mojitech.net/shop/brands/lenovo-brands/lenovo-ideapad-5-2-in-1-16akp10-amd-ryzen-ai-7-350-16gb-1tb-ssd-16-83ku0013us/,1
Mojitech,Lenovo,Ideapad 5 2 In 1 16IRU9 83DU0009CF,,,,,,709,New,https://mojitech.net/shop/brands/lenovo-brands/lenovo-ideapad-5-2-in-1-16iru9-83du0009cf/,1
Mojitech,Lenovo,Ideapad 5 2 In 1 16IRU9 83DU001KUS,,,,,,785,New,https://mojitech.net/shop/brands/lenovo-brands/lenovo-ideapad-5-2-in-1-16iru9-83du001kus/,1
Mojitech,Lenovo,Ideapad 5 2IN1 14AKP10 83KT001TUS,AMD Ryzen AI 7,Integrated AMD Radeon,,,,939,New,https://mojitech.net/shop/brands/lenovo-brands/lenovo-ideapad-5-2in1-14akp10-83kt001tus-ryzen-ai7/,1
Mojitech,Lenovo,Ideapad 5 2IN1 16AKP10,,,,,,794,New,https://mojitech.net/shop/brands/lenovo-brands/lenovo-ideapad-5-2in1-16akp10/,1
Mojitech,Lenovo,Ideapad 5 83D30002US,,,,,,785,New,https://mojitech.net/shop/brands/lenovo-brands/lenovo-ideapad-5-83d30002us/,1
Mojitech,Lenovo,Ideapad Flex 5 14IAU7 82R700L4US,,,,,,,New,https://mojitech.net/shop/brands/lenovo-brands/lenovo-ideapad-flex-5-14iau7-82r700l4us/,1
Mojitech,Lenovo,Ideapad Flex 5 14IAU7 82R700L5US,,,,,,,New,https://mojitech.net/shop/brands/lenovo-brands/lenovo-ideapad-flex-5-14iau7-82r700l5us/,1
Mojitech,Lenovo,Ideapad Flex 5 16IRU8 82Y1001VUS,,,,,,699,New,https://mojitech.net/shop/brands/lenovo-brands/lenovo-ideapad-flex-5-16iru8-82y1001vus/,1
Mojitech,Lenovo,Ideapad Flex 5 16IRU8 82Y1003ECF,,,,,,783,New,https://mojitech.net/shop/brands/lenovo-brands/lenovo-ideapad-flex-5-16iru8-82y1003ecf/,1
Mojitech,Lenovo,Ideapad Slim 1,AMD Ryzen 5,Integrated AMD Radeon,,,,473,New,https://mojitech.net/shop/brands/lenovo-brands/lenovo-ideapad-slim-1-ryzen-5-fhd-laptop/,1
Mojitech,Lenovo,Ideapad Slim 15IRH8 83EM0030AX,,,,,,,New,https://mojitech.net/shop/brands/lenovo-brands/lenovo-ideapad-slim-15irh8-83em0030ax/,1
Mojitech,Lenovo,Ideapad Slim 3 15ABR8 82XM00BNPS,,,,,,,New,https://mojitech.net/shop/brands/lenovo-brands/lenovo-ideapad-slim-3-15abr8-82xm00bnps/,1
Mojitech,Lenovo,Ideapad Slim 3 15ABR8 RYZEN7 Touch,AMD Ryzen 7,Integrated AMD Radeon,,,,747,New,https://mojitech.net/shop/brands/lenovo-brands/lenovo-ideapad-slim-3-15abr8-ryzen7-touch/,1
Mojitech,Lenovo,Ideapad Slim 3 15AMN8,AMD Ryzen 5,Integrated AMD Radeon,16GB,,,,New,https://mojitech.net/shop/brands/lenovo-brands/lenovo-ideapad-slim-3-15amn8-ryzen-5-16gb/,1
Mojitech,Lenovo,Ideapad Slim 3 15IAH8 83ER00C5AX,,,,,,,New,https://mojitech.net/shop/brands/lenovo-brands/lenovo-ideapad-slim-3-15iah8-83er00c5ax/,1
Mojitech,Lenovo,Ideapad Slim 3 15IAH8 83ER00CTDP,,,,,,,New,https://mojitech.net/shop/brands/lenovo-brands/lenovo-ideapad-slim-3-15iah8-83er00ctdp/,1
Mojitech,Lenovo,Ideapad Slim 3 15IAH8 83ER00HDDP,,,,,,,New,https://mojitech.net/shop/brands/lenovo-brands/lenovo-ideapad-slim-3-15iah8-83er00hddp/,1
Mojitech,Lenovo,Ideapad Slim 3 15IAN8 82XB006SDP,,,,,,,New,https://mojitech.net/shop/brands/lenovo-brands/lenovo-ideapad-slim-3-15ian8-82xb006sdp/,1
Mojitech,Lenovo,Ideapad Slim 3 15IAN8 82XB008LUS,,,,,,,New,https://mojitech.net/shop/brands/lenovo-brands/lenovo-ideapad-slim-3-15ian8-82xb008lus/,1
Mojitech,Lenovo,Ideapad Slim 3 15IAN8 82XB00B6AD,,,,,,,New,https://mojitech.net/shop/brands/lenovo-brands/lenovo-ideapad-slim-3-15ian8-82xb00b6ad/,1
Mojitech,Lenovo,Ideapad Slim 3 15IAN8,Intel N100,Integrated,,,,,New,https://mojitech.net/shop/brands/lenovo-brands/lenovo-ideapad-slim-3-15ian8-intel-n100-15-6/,1
Mojitech,Lenovo,Ideapad Slim 3 15IPH11,Intel Ultra 5,Integrated,16GB,512GB SSD,,,New,https://mojitech.net/shop/brands/lenovo-brands/lenovo-ideapad-slim-3-15iph11-core-ultra-5-16gb-512gb/,1
Mojitech,Lenovo,Ideapad Slim 3 15IRH8 83EM0063FU,,,,,,,New,https://mojitech.net/shop/brands/lenovo-brands/lenovo-ideapad-slim-3-15irh8-83em0063fu/,1
Mojitech,Lenovo,Ideapad Slim 3 15IRH8 83EM008AAX,,,,,,,New,https://mojitech.net/shop/brands/lenovo-brands/lenovo-ideapad-slim-3-15irh8-83em008aax/,1
Mojitech,Lenovo,Ideapad Slim 3 15IRH8 83EM00DVDP,,,,,,,New,https://mojitech.net/shop/brands/lenovo-brands/lenovo-ideapad-slim-3-15irh8-83em00dvdp/,1
Mojitech,Lenovo,Ideapad Slim 3 15IRU8 82X7008FAK,,,,,,571,New,https://mojitech.net/shop/brands/lenovo-brands/lenovo-ideapad-slim-3-15iru8-82x7008fak/,1
Mojitech,Lenovo,Ideapad Slim 3 15IRU8 82X70094DP,,,,,,,New,https://mojitech.net/shop/brands/lenovo-brands/lenovo-ideapad-slim-3-15iru8-82x70094dp/,1
Mojitech,Lenovo,Ideapad Slim 3,Intel Core i3-N305,Integrated,8GB,512GB SSD,,390,New,https://mojitech.net/shop/brands/lenovo-brands/lenovo-ideapad-slim-3-i3-n305-8gb-512gb-15-6/,1
Mojitech,Lenovo,Ideapad Slim 3,Intel Core i5-13420H,Integrated,8GB,512GB SSD,,,New,https://mojitech.net/shop/brands/lenovo-brands/lenovo-ideapad-slim-3-i5-13420h-8gb-512gb-15-6/,1
Mojitech,Lenovo,Ideapad Slim 5 16IMH10,Intel Ultra 5,Integrated,16GB,,,,New,https://mojitech.net/shop/brands/lenovo-brands/lenovo-ideapad-slim-5-16imh10-ultra-5-16gb/,1
Mojitech,Lenovo,Ideapad Slim 5 16IMH9 83DC005QDP,,,,,,,New,https://mojitech.net/shop/brands/lenovo-brands/lenovo-ideapad-slim-5-16imh9-83dc005qdp/,1
Mojitech,Lenovo,Ideapad Slim 5 16IRH10R 83J1002KUS,,,,,,,New,https://mojitech.net/shop/brands/lenovo-brands/lenovo-ideapad-slim-5-16irh10r-83j1002kus/,1
Mojitech,Lenovo,Ideapad Slim 5 16IRU9 83FW0001US,,,,,,,New,https://mojitech.net/shop/brands/lenovo-brands/lenovo-ideapad-slim-5-16iru9-83fw0001us/,1
Mojitech,Lenovo,Ip1 15AMN7 82VG00WXUS,AMD Ryzen 5,Integrated AMD Radeon,,,,,New,https://mojitech.net/shop/brands/lenovo-brands/lenovo-ip1-15amn7-82vg00wxus-ryzen-5-laptop/,1
Mojitech,Lenovo,Legion 5 15IAX10 83F00006US,,,,,,1569,New,https://mojitech.net/shop/brands/lenovo-brands/lenovo-legion-5-15iax10-83f00006us/,1
Mojitech,Lenovo,Legion 5 15IAX10 83F0001TUS,,,,,,1795,New,https://mojitech.net/shop/brands/lenovo-brands/lenovo-legion-5-15iax10-83f0001tus/,1
Mojitech,Lenovo,Legion 5 15IAX10,,RTX 5060,,,,,New,https://mojitech.net/shop/brands/lenovo-brands/lenovo-legion-5-15iax10-rtx-5060-oled/,1
Mojitech,Lenovo,Legion 5 15IRX10 83LY0007US,,,,,,1789,New,https://mojitech.net/shop/brands/lenovo-brands/lenovo-legion-5-15irx10-83ly0007us/,1
Mojitech,Lenovo,Legion 5 15IRX10 83LY0077PS,,,,,,,New,https://mojitech.net/shop/brands/lenovo-brands/lenovo-legion-5-15irx10-83ly0077ps/,1
Mojitech,Lenovo,Legion 5 15IRX10 83LY00MUPS,,,,,,1513,New,https://mojitech.net/shop/brands/lenovo-brands/lenovo-legion-5-15irx10-83ly00mups/,1
Mojitech,Lenovo,Legion 5 15IRX10 83LY00QNPS,,,,,,1383,New,https://mojitech.net/shop/brands/lenovo-brands/lenovo-legion-5-15irx10-83ly00qnps/,1
Mojitech,Lenovo,Legion 5 15IRX10,Intel Core i9,RTX 5070,,,,1895,New,https://mojitech.net/shop/brands/lenovo-brands/lenovo-legion-5-15irx10-core-i9-rtx-5070/,1
Mojitech,Lenovo,Legion 5 15IRX10,Intel Core i9,RTX 5070,,,,,New,https://mojitech.net/shop/brands/lenovo-brands/lenovo-legion-5-15irx10-i9-rtx-5070-oled/,1
Mojitech,Lenovo,Legion 5 16IRX9 83DG004EUS,,,,,,,New,https://mojitech.net/shop/brands/lenovo-brands/lenovo-legion-5-16irx9-83dg004eus/,1
Mojitech,Lenovo,Legion 5 16IRX9 83DG005WUS,,,,,,,New,https://mojitech.net/shop/brands/lenovo-brands/lenovo-legion-5-16irx9-83dg005wus/,1
Mojitech,Lenovo,Legion 5 16IRX9 83DG00BCUS,,,,,,,New,https://mojitech.net/shop/brands/lenovo-brands/lenovo-legion-5-16irx9-83dg00bcus/,1
Mojitech,Lenovo,Legion 5 16IRX9 83DG00BDUS,,,,,,,New,https://mojitech.net/shop/brands/lenovo-brands/lenovo-legion-5-16irx9-83dg00bdus/,1
Mojitech,Lenovo,Legion 5 16IRX9 83DG00D8US,,,,,,,New,https://mojitech.net/shop/brands/lenovo-brands/lenovo-legion-5-16irx9-83dg00d8us/,1
Mojitech,Lenovo,Legion 5 83LY00A3AX,Intel Core i7,RTX 5060,,,,,New,https://mojitech.net/shop/brands/lenovo-brands/lenovo-legion-5-83ly00a3ax-i7-rtx5060/,1
Mojitech,Lenovo,Legion 5 83LY00LQDP,,,,,,,New,https://mojitech.net/shop/brands/lenovo-brands/lenovo-legion-5-83ly00lqdp/,1
Mojitech,Lenovo,Legion 5 83Q6003BUS,,RTX 5070,,,,2839,New,https://mojitech.net/shop/brands/lenovo-brands/lenovo-legion-5-83q6003bus-rtx-5070-laptop/,1
Mojitech,Lenovo,Legion 5,Intel Core i9,RTX 5070,,,,2188,New,https://mojitech.net/shop/brands/lenovo-brands/lenovo-legion-5-gaming-laptop-i9-rtx-5070-oled/,1
Mojitech,Lenovo,Legion 5A 83Q70003US,AMD Ryzen 7,RTX 5060,,,,,New,https://mojitech.net/shop/brands/lenovo-brands/lenovo-legion-5a-83q70003us-ryzen-7-rtx-5060/,1
Mojitech,Lenovo,Legion 5I 15IRX10,,RTX 5060,,,,1590,New,https://mojitech.net/shop/brands/lenovo-brands/lenovo-legion-5i-15irx10-rtx-5060-83ly0000us/,1
Mojitech,Lenovo,Legion 7 16IRX9 83FD0018US,,,,,,1998,New,https://mojitech.net/shop/brands/lenovo-brands/lenovo-legion-7-16irx9-83fd0018us/,1
Mojitech,Lenovo,Legion 7 16IRX9 83FD004BCF,,,,,,,New,https://mojitech.net/shop/brands/lenovo-brands/lenovo-legion-7-16irx9-83fd004bcf/,1
Mojitech,Lenovo,Legion 9 16IRX9 83G0001LUS 2,,,,,,,New,https://mojitech.net/shop/brands/lenovo-brands/lenovo-legion-9-16irx9-83g0001lus-2/,1
Mojitech,Lenovo,Legion 9 18,,RTX 5090,,,,,New,https://mojitech.net/shop/brands/lenovo-brands/lenovo-legion-9-18-rtx-5090-gaming-laptop/,1
Mojitech,Lenovo,Legion 9 18IAX10 83EYX000R1,,,,,,4989,New,https://mojitech.net/shop/brands/lenovo-brands/lenovo-legion-9-18iax10-83eyx000r1/,1
Mojitech,Lenovo,Legion 9 18IAX10,,,,,,,New,https://mojitech.net/shop/brands/lenovo-brands/lenovo-legion-9-18iax10/,1
Mojitech,Lenovo,Legion 9I 18,,RTX 5090,,,,,New,https://mojitech.net/shop/brands/lenovo-brands/lenovo-legion-9i-18-rtx-5090-laptop/,1
Mojitech,Lenovo,Legion Glacier White 7I 83KY0007US,,,,,,,New,https://mojitech.net/shop/brands/lenovo-brands/lenovo-legion-glacier-white-7i-83ky0007us/,1
Mojitech,Lenovo,Legion Pro 16IRX9 83DF00AQUS,,,,,,,New,https://mojitech.net/shop/brands/lenovo-brands/lenovo-legion-pro-16irx9-83df00aqus/,1
Mojitech,Lenovo,Legion Pro 5 16 2K 240HZ Oled,,RTX 5070 Ti,,,,,New,https://mojitech.net/shop/brands/lenovo-brands/lenovo-legion-pro-5-16-2k-240hz-oled-rtx-5070ti/,1
Mojitech,Lenovo,Legion Pro 5 16ADR10,AMD Ryzen 9 8945hx,RTX 5060 16GB,,1TB SSD,,1462,New,https://mojitech.net/shop/brands/lenovo-brands/lenovo-legion-pro-5-16adr10-ryzen-9-8945hx-rtx-5060-16gb-1tb-16-tax-included/,1
Mojitech,Lenovo,Legion Pro 5 16AFR10 83F2002BUS,,,,,,,New,https://mojitech.net/shop/brands/lenovo-brands/lenovo-legion-pro-5-16afr10-83f2002bus/,1
Mojitech,Lenovo,Legion Pro 5 16IAX10 83F3X004US,,,,,,,New,https://mojitech.net/shop/brands/lenovo-brands/lenovo-legion-pro-5-16iax10-83f3x004us/,1
Mojitech,Lenovo,Legion Pro 5 16IAX10 83LUX001US,,,,,,,New,https://mojitech.net/shop/brands/lenovo-brands/lenovo-legion-pro-5-16iax10-83lux001us/,1
Mojitech,Lenovo,Legion Pro 5 16IAX10,Intel Ultra 9 275hx,RTX 5070 32GB,,1TB SSD,,,New,https://mojitech.net/shop/brands/lenovo-brands/lenovo-legion-pro-5-16iax10-ultra-9-275hx-rtx-5070-32gb-1tb-16-tax-included/,1
Mojitech,Lenovo,Legion Pro 5 16IAX10H 83LU0007US,,,,,,,New,https://mojitech.net/shop/brands/lenovo-brands/lenovo-legion-pro-5-16iax10h-83lu0007us/,1
Mojitech,Lenovo,Legion Pro 5 16IAX10H 83LU002FDP,,,,,,,New,https://mojitech.net/shop/brands/lenovo-brands/lenovo-legion-pro-5-16iax10h-83lu002fdp/,1
Mojitech,Lenovo,Legion Pro 5 16IRX10 83NN0039US,,,,,,1474,New,https://mojitech.net/shop/brands/lenovo-brands/lenovo-legion-pro-5-16irx10-83nn0039us/,1
Mojitech,Lenovo,Legion Pro 5 16IRX10,Intel Core i7-14650HX,RTX 5050 16GB,,512GB SSD,,,New,https://mojitech.net/shop/brands/lenovo-brands/lenovo-legion-pro-5-16irx10-core-i7-14650hx-rtx-5050-16gb-512gb-16-tax-included/,1
Mojitech,Lenovo,Legion Pro 5 16IRX8 82WK0083US,,,,,,1675,New,https://mojitech.net/shop/brands/lenovo-brands/lenovo-legion-pro-5-16irx8-82wk0083us/,1
Mojitech,Lenovo,Legion Pro 5 16IRX9 83DF0039DP,,,,,,1394,New,https://mojitech.net/shop/brands/lenovo-brands/lenovo-legion-pro-5-16irx9-83df0039dp/,1
Mojitech,Lenovo,Legion Pro 5 16IRX9 83DF003BDP,,,,,,,New,https://mojitech.net/shop/brands/lenovo-brands/lenovo-legion-pro-5-16irx9-83df003bdp/,1
Mojitech,Lenovo,Legion Pro 5 16IRX9 83DF00ATUS,,,,,,,New,https://mojitech.net/shop/brands/lenovo-brands/lenovo-legion-pro-5-16irx9-83df00atus/,1
Mojitech,Lenovo,Legion Pro 5 83DF0008AX,,,,,,,New,https://mojitech.net/shop/brands/lenovo-brands/lenovo-legion-pro-5-83df0008ax/,1
Mojitech,Lenovo,Legion Pro 5 83DF000CUS,,,,,,,New,https://mojitech.net/shop/brands/lenovo-brands/lenovo-legion-pro-5-83df000cus/,1
Mojitech,Lenovo,Legion Pro 5 83DF00FKDP,,,,,,,New,https://mojitech.net/shop/brands/lenovo-brands/lenovo-legion-pro-5-83df00fkdp/,1
Mojitech,Lenovo,Legion Pro 5,Intel Core i9,RTX 5070,,,,2099,New,https://mojitech.net/shop/brands/lenovo-brands/lenovo-legion-pro-5-gaming-laptop-i9-rtx-5070/,1
Mojitech,Lenovo,Legion Pro 7 16IAX10H 83F50014US,,,,,,3275,New,https://mojitech.net/shop/brands/lenovo-brands/lenovo-legion-pro-7-16iax10h-83f50014us/,1
Mojitech,Lenovo,Legion Pro 7 16IAX10H 83F50017US,,,,,,3778,New,https://mojitech.net/shop/brands/lenovo-brands/lenovo-legion-pro-7-16iax10h-83f50017us/,1
Mojitech,Lenovo,Legion Pro 7 16IAX10H 83F5001RUS,,,,,,4445,New,https://mojitech.net/shop/brands/lenovo-brands/lenovo-legion-pro-7-16iax10h-83f5001rus/,1
Mojitech,Lenovo,Legion Pro 7 16IAX10H 83F5004YPS,,,,,,,New,https://mojitech.net/shop/brands/lenovo-brands/lenovo-legion-pro-7-16iax10h-83f5004yps/,1
Mojitech,Lenovo,Legion Pro 7 16IAX10H 83F5006GUS,,,,,,4275,New,https://mojitech.net/shop/brands/lenovo-brands/lenovo-legion-pro-7-16iax10h-83f5006gus/,1
Mojitech,Lenovo,Legion Pro 7 16IAX10H 83F5006HUS,,,,,,,New,https://mojitech.net/shop/brands/lenovo-brands/lenovo-legion-pro-7-16iax10h-83f5006hus/,1
Mojitech,Lenovo,Legion Pro 7 16IAX10H 83F5008NAX,,,,,,3174,New,https://mojitech.net/shop/brands/lenovo-brands/lenovo-legion-pro-7-16iax10h-83f5008nax/,1
Mojitech,Lenovo,Legion Pro 7 16IAX10H 83F500E8DP,,,,,,3189,New,https://mojitech.net/shop/brands/lenovo-brands/lenovo-legion-pro-7-16iax10h-83f500e8dp/,1
Mojitech,Lenovo,Legion Pro 7 16IAX10H 83F500E9DP,,,,,,3969,New,https://mojitech.net/shop/brands/lenovo-brands/lenovo-legion-pro-7-16iax10h-83f500e9dp/,1
Mojitech,Lenovo,Legion Pro 7 16IAX10H,Intel Ultra 9,RTX 5080 64GB,,,,4139,New,https://mojitech.net/shop/brands/lenovo-brands/lenovo-legion-pro-7-16iax10h-ultra-9-rtx-5080-64gb/,1
Mojitech,Lenovo,Legion Pro 7 16IAX10H,Intel Ultra 9,RTX 5090 64GB,,,,,New,https://mojitech.net/shop/brands/lenovo-brands/lenovo-legion-pro-7-16iax10h-ultra-9-rtx-5090-64gb/,1
Mojitech,Lenovo,Legion Pro 7 16IRX8H 82WQ0065US,,,,,,2099,New,https://mojitech.net/shop/brands/lenovo-brands/lenovo-legion-pro-7-16irx8h-82wq0065us/,1
Mojitech,Lenovo,Legion Pro 7 16IRX8H,Intel Core i9-13900HX,RTX 4080 32GB,,2TB SSD,,,New,https://mojitech.net/shop/brands/lenovo-brands/lenovo-legion-pro-7-16irx8h-core-i9-13900hx-rtx-4080-32gb-2tb-ssd-16/,1
Mojitech,Lenovo,Legion Pro 7 16IRX9H 83DE0004US,,,,,,2324,New,https://mojitech.net/shop/brands/lenovo-brands/lenovo-legion-pro-7-16irx9h-83de0004us/,1
Mojitech,Lenovo,Legion Pro 7 16IRX9H 83DE0008US,,,,,,,New,https://mojitech.net/shop/brands/lenovo-brands/lenovo-legion-pro-7-16irx9h-83de0008us/,1
Mojitech,Lenovo,Legion Pro 7 16IRX9H 83DE005CUS,,,,,,,New,https://mojitech.net/shop/brands/lenovo-brands/lenovo-legion-pro-7-16irx9h-83de005cus/,1
Mojitech,Lenovo,Legion Pro 7 83DE000AUS,,,,,,,New,https://mojitech.net/shop/brands/lenovo-brands/lenovo-legion-pro-7-83de000aus/,1
Mojitech,Lenovo,Legion Pro 7 83DE0079IN,,,,,,3049,New,https://mojitech.net/shop/brands/lenovo-brands/lenovo-legion-pro-7-83de0079in/,1
Mojitech,Lenovo,Legion Pro 7,Intel Ultra 9,RTX 5080 64GB,,2TB SSD,,3689,New,https://mojitech.net/shop/brands/lenovo-brands/lenovo-legion-pro-7-ultra-9-rtx-5080-64gb-2tb-oled-240hz/,1
Mojitech,Lenovo,Legion Pro 7,Intel Ultra 9,RTX 5080 64GB,,,,3689,New,https://mojitech.net/shop/brands/lenovo-brands/lenovo-legion-pro-7-ultra-9-rtx-5080-64gb-oled-240hz/,1
Mojitech,Lenovo,Legion Pro 7,Intel Ultra 9,RTX 5090 64GB,,2TB SSD,,4339,New,https://mojitech.net/shop/brands/lenovo-brands/lenovo-legion-pro-7-ultra-9-rtx-5090-64gb-2tb-oled-240hz/,1
Mojitech,Lenovo,Legion Pro 9 18IAX10 83EYX002R1,,RTX 5080,,,,3589,New,https://mojitech.net/shop/brands/lenovo-brands/lenovo-legion-pro-9-18iax10-83eyx002r1-rtx-5080/,1
Mojitech,Lenovo,Legion Slim 5 16AHP9,AMD Ryzen 7 8845hs,RTX 4070 16GB,,1TB SSD,,,New,https://mojitech.net/shop/brands/lenovo-brands/lenovo-legion-slim-5-16ahp9-ryzen-7-8845hs-rtx4070-16gb-1tb-16/,1
Mojitech,Lenovo,Loq 15 83JE00KCCC,,RTX 5050,,,,,New,https://mojitech.net/shop/brands/lenovo-brands/lenovo-loq-15-83je00kccc-rtx-5050/,1
Mojitech,Lenovo,Loq 15AHP10,AMD Ryzen 7 250,RTX 5060 16GB,,512GB SSD,,,New,https://mojitech.net/shop/brands/lenovo-brands/lenovo-loq-15ahp10-ryzen-7-250-rtx-5060-16gb-512gb-nvme-15-6/,1
Mojitech,Lenovo,Loq 15AHP10,AMD Ryzen 7 250,RTX 5060 32GB,,512GB SSD,,,New,https://mojitech.net/shop/brands/lenovo-brands/lenovo-loq-15ahp10-ryzen-7-250-rtx-5060-32gb-512gb-nvme-15-6/,1
Mojitech,Lenovo,Loq 15ARP9 83JC0001US,,,,,,,New,https://mojitech.net/shop/brands/lenovo-brands/lenovo-loq-15arp9-83jc0001us/,1
Mojitech,Lenovo,Loq 15ARP9 83JC002URM,,,,,,,New,https://mojitech.net/shop/brands/lenovo-brands/lenovo-loq-15arp9-83jc002urm/,1
Mojitech,Lenovo,Loq 15ARP9 83JC007KUS,,,,,,,New,https://mojitech.net/shop/brands/lenovo-brands/lenovo-loq-15arp9-83jc007kus/,1
Mojitech,Lenovo,Loq 15ARP9 83JC00GKUS,,,,,,,New,https://mojitech.net/shop/brands/lenovo-brands/lenovo-loq-15arp9-83jc00gkus/,1
Mojitech,Lenovo,Loq 15ARP9 83JG000JUS,,,,,,,New,https://mojitech.net/shop/brands/lenovo-brands/lenovo-loq-15arp9-83jg000jus-gaming-laptop/,1
Mojitech,Lenovo,Loq 15ARP9,AMD Ryzen 5 7235hs,RTX 4050 16GB,,512GB SSD,,949,New,https://mojitech.net/shop/brands/lenovo-brands/lenovo-loq-15arp9-ryzen-5-7235hs-rtx-4050-16gb-512gb-ssd-15-6-fhd-144hz/,1
Mojitech,Lenovo,Loq 15IAX9 83LK00CVUS,,,,,,882,New,https://mojitech.net/shop/brands/lenovo-brands/lenovo-loq-15iax9-83lk00cvus/,1
Mojitech,Lenovo,Loq 15IRH8 82XV0012US Db,,,,,,736,New,https://mojitech.net/shop/brands/lenovo-brands/lenovo-loq-15irh8-82xv0012us-db/,1
Mojitech,Lenovo,Loq 15IRH8 82XV00P3AX,,,,,,,New,https://mojitech.net/shop/brands/lenovo-brands/lenovo-loq-15irh8-82xv00p3ax/,1
Mojitech,Lenovo,Loq 15IRX10 83JE002KUS,,,,,,,New,https://mojitech.net/shop/brands/lenovo-brands/lenovo-loq-15irx10-83je002kus/,1
Mojitech,Lenovo,Loq 15IRX10 83JE00D5DP,,,,,,,New,https://mojitech.net/shop/brands/lenovo-brands/lenovo-loq-15irx10-83je00d5dp/,1
Mojitech,Lenovo,Loq 15IRX10 83JE00DYAX,,,,,,,New,https://mojitech.net/shop/brands/lenovo-brands/lenovo-loq-15irx10-83je00dyax/,1
Mojitech,Lenovo,Loq 15IRX10 83JE00H3AX,,,,,,,New,https://mojitech.net/shop/brands/lenovo-brands/lenovo-loq-15irx10-83je00h3ax/,1
Mojitech,Lenovo,Loq 15IRX10 83JE00KUAX,,,,,,,New,https://mojitech.net/shop/brands/lenovo-brands/lenovo-loq-15irx10-83je00kuax/,1
Mojitech,Lenovo,Loq 15IRX10 83JE00KVAX,,,,,,1239,New,https://mojitech.net/shop/brands/lenovo-brands/lenovo-loq-15irx10-83je00kvax/,1
Mojitech,Lenovo,Loq 15IRX10 83JE00L3PS,,,,,,,New,https://mojitech.net/shop/brands/lenovo-brands/lenovo-loq-15irx10-83je00l3ps/,1
Mojitech,Lenovo,Loq 15IRX10 83JE00T6DP,,,,,,,New,https://mojitech.net/shop/brands/lenovo-brands/lenovo-loq-15irx10-83je00t6dp/,1
Mojitech,Lenovo,Loq 15IRX10,Intel Core i7-13650HX,RTX 5060 16GB,,512GB SSD,,,New,https://mojitech.net/shop/brands/lenovo-brands/lenovo-loq-15irx10-core-i7-13650hx-rtx-5060-16gb-512gb-15-6-tax-included-copy/,1
Mojitech,Lenovo,Loq 15IRX10,Intel Core i7-13700HX,RTX 5050 24GB,,512GB SSD,,,New,https://mojitech.net/shop/brands/lenovo-brands/lenovo-loq-15irx10-core-i7-13700hx-rtx-5050-24gb-512gb-nvme-15-6-tax-included/,1
Mojitech,Lenovo,Loq 15IRX10,,,,,,1369,New,https://mojitech.net/shop/brands/lenovo-brands/lenovo-loq-15irx10-gaming-laptop-1/,1
Mojitech,Lenovo,Loq 15IRX10,Intel Core i7,RTX 5050,,,,,New,https://mojitech.net/shop/brands/lenovo-brands/lenovo-loq-15irx10-gaming-laptop-i7-rtx-5050-2/,1
Mojitech,Lenovo,Loq 15IRX10,Intel Core i7,RTX 5050,,,,,New,https://mojitech.net/shop/brands/lenovo-brands/lenovo-loq-15irx10-gaming-laptop-i7-rtx-5050/,1
Mojitech,Lenovo,Loq 15IRX10,,,,,,1315,New,https://mojitech.net/shop/brands/lenovo-brands/lenovo-loq-15irx10-gaming-laptop/,1
Mojitech,Lenovo,Loq 15IRX10,Intel Core i7-14700HX,RTX 5060 16GB,,512GB SSD,,1415,New,https://mojitech.net/shop/brands/lenovo-brands/lenovo-loq-15irx10-i7-14700hx-rtx-5060-16gb-512gb/,1
Mojitech,Lenovo,Loq 15IRX10,Intel Core i7-14700HX,RTX 5060,,,,1409,New,https://mojitech.net/shop/brands/lenovo-brands/lenovo-loq-15irx10-i7-14700hx-rtx-5060/,1
Mojitech,Lenovo,Loq 15IRX11,,,,,,1439,New,https://mojitech.net/shop/brands/lenovo-brands/lenovo-loq-15irx11-gaming-laptop/,1
Mojitech,Lenovo,Loq 15IRX9 83DV00QVDP,,,,,,,New,https://mojitech.net/shop/brands/lenovo-brands/lenovo-loq-15irx9-83dv00qvdp/,1
Mojitech,Lenovo,Loq 15IRX9 83DV00RFAX,,,,,,,New,https://mojitech.net/shop/brands/lenovo-brands/lenovo-loq-15irx9-83dv00rfax/,1
Mojitech,Lenovo,Loq 15IRX9 83DV00ULPS,,,,,,,New,https://mojitech.net/shop/brands/lenovo-brands/lenovo-loq-15irx9-83dv00ulps/,1
Mojitech,Lenovo,Loq 15IRX9 83DV00UPPS,,,,,,,New,https://mojitech.net/shop/brands/lenovo-brands/lenovo-loq-15irx9-83dv00upps/,1
Mojitech,Lenovo,Loq 15IRX9 83DV00VXDP,,,,,,,New,https://mojitech.net/shop/brands/lenovo-brands/lenovo-loq-15irx9-83dv00vxdp/,1
Mojitech,Lenovo,Loq 15IRX9 83DV01DKDP,,,,,,,New,https://mojitech.net/shop/brands/lenovo-brands/lenovo-loq-15irx9-83dv01dkdp/,1
Mojitech,Lenovo,Loq 15IRX9,,RTX 3050,,,,899,New,https://mojitech.net/shop/brands/lenovo-brands/lenovo-loq-15irx9-rtx-3050-laptop/,1
Mojitech,Lenovo,Loq 17IRX10,,,,,,1449,New,https://mojitech.net/shop/brands/lenovo-brands/lenovo-loq-17irx10-gaming-laptop-2/,1
Mojitech,Lenovo,Loq 17IRX10,,,,,,,New,https://mojitech.net/shop/brands/lenovo-brands/lenovo-loq-17irx10-gaming-laptop/,1
Mojitech,Lenovo,Loq 17IRX10,Intel Core i7,RTX 5060,,,,1644,New,https://mojitech.net/shop/brands/lenovo-brands/lenovo-loq-17irx10-laptop-i7-rtx-5060/,1
Mojitech,Lenovo,Loq E,,,,,,,New,https://mojitech.net/shop/brands/lenovo-brands/lenovo-loq-e-gaming-laptop/,1
Mojitech,Lenovo,Loq Essential 15IRX11,Intel Core i7,RTX 5050,,,,1228,New,https://mojitech.net/shop/brands/lenovo-brands/lenovo-loq-essential-15irx11-core-i7-rtx-5050/,1
Mojitech,Lenovo,Loq,Intel Core i5,RTX 3050 24GB,,,,1017,New,https://mojitech.net/shop/brands/lenovo-brands/lenovo-loq-gaming-laptop-i5-rtx-3050-24gb/,1
Mojitech,Lenovo,Loq,Intel Core i7,RTX 5050,,512GB SSD,,1297,New,https://mojitech.net/shop/brands/lenovo-brands/lenovo-loq-gaming-laptop-i7-rtx-5050-512gb/,1
Mojitech,Lenovo,Loq,Intel Core i7,RTX 5060,,,,1463,New,https://mojitech.net/shop/brands/lenovo-brands/lenovo-loq-gaming-laptop-i7-rtx-5060-165hz/,1
Mojitech,Lenovo,Loq,AMD Ryzen 7,RTX 4050,,,,992,New,https://mojitech.net/shop/brands/lenovo-brands/lenovo-loq-gaming-laptop-ryzen-7-rtx-4050/,1
Mojitech,Lenovo,Loq,AMD Ryzen 7,RTX 5060 16GB,,,,1279,New,https://mojitech.net/shop/brands/lenovo-brands/lenovo-loq-ryzen-7-rtx-5060-16gb/,1
Mojitech,Lenovo,Slim 7 14ILL10,Intel Ultra 7 258v,Integrated,32GB,1TB SSD,,1149,New,https://mojitech.net/shop/brands/lenovo-brands/lenovo-slim-7-14ill10-core-ultra-7-258v-32gb-1tb-nvme-14-tax-included/,1
Mojitech,Lenovo,Slim 7I Aura Edition,Intel Ultra 7,Integrated,,,,1498,New,https://mojitech.net/shop/brands/lenovo-brands/lenovo-slim-7i-aura-edition-ultra-7-oled-laptop/,1
Mojitech,Lenovo,Thinkbook 14 G4 Aba 21DK0013US,,,,,,,New,https://mojitech.net/shop/brands/lenovo-brands/lenovo-thinkbook-14-g4-aba-21dk0013us/,1
Mojitech,Lenovo,Thinkbook 14 G7 Iml 21MR001EED,,,,,,,New,https://mojitech.net/shop/brands/lenovo-brands/lenovo-thinkbook-14-g7-iml-21mr001eed/,1
Mojitech,Lenovo,Thinkbook 14 G8 Ial 21SJ0001GQ,Intel Ultra 7 255h,Integrated,,,,,New,https://mojitech.net/shop/brands/lenovo-brands/lenovo-thinkbook-14-g8-ial-21sj0001gq-ultra-7-255h/,1
Mojitech,Lenovo,Thinkbook 14 Iml 2IN1 G4 21MX000CCA ULTRA5,Intel Ultra 5,Integrated,,,,844,New,https://mojitech.net/shop/brands/lenovo-brands/lenovo-thinkbook-14-iml-2in1-g4-21mx000cca-ultra5/,1
Mojitech,Lenovo,Thinkbook 14,AMD Ryzen 7 7730u,Integrated AMD Radeon,16GB,512GB SSD,,,New,https://mojitech.net/shop/brands/lenovo-brands/lenovo-thinkbook-14-ryzen-7-7730u-16gb-512gb-nvme-14/,1
Mojitech,Lenovo,Thinkbook 15 G4 Aba 21DL000SUS,,,,,,649,New,https://mojitech.net/shop/brands/lenovo-brands/lenovo-thinkbook-15-g4-aba-21dl000sus/,1
Mojitech,Lenovo,Thinkbook 16 21MS000DED,,,,,,,New,https://mojitech.net/shop/brands/lenovo-brands/lenovo-thinkbook-16-21ms000ded/,1
Mojitech,Lenovo,Thinkbook 16 21MS0013ED,,,,,,,New,https://mojitech.net/shop/brands/lenovo-brands/lenovo-thinkbook-16-21ms0013ed/,1
Mojitech,Lenovo,Thinkbook 16 G6 Irl 21KH003RED,,,,,,,New,https://mojitech.net/shop/brands/lenovo-brands/lenovo-thinkbook-16-g6-irl-21kh003red/,1
Mojitech,Lenovo,Thinkbook 16 G8 Ial 21SK0027GP,Intel Ultra 5 225u,Integrated,,,,,New,https://mojitech.net/shop/brands/lenovo-brands/lenovo-thinkbook-16-g8-ial-21sk0027gp-ultra-5-225u/,1
Mojitech,Lenovo,Thinkbook 16 G8 Ial 21SK0030GP,Intel Ultra 7 255h,Integrated,,,,,New,https://mojitech.net/shop/brands/lenovo-brands/lenovo-thinkbook-16-g8-ial-21sk0030gp-ultra-7-255h/,1
Mojitech,Lenovo,Thinkbook 16 Iml GEN7 21SHX002US CORE7,Intel Core 7,Integrated,,,,889,New,https://mojitech.net/shop/brands/lenovo-brands/lenovo-thinkbook-16-iml-gen7-21shx002us-core7/,1
Mojitech,Lenovo,Thinkbook 16,Intel Ultra 7,Integrated,16GB,512GB SSD,,849,New,https://mojitech.net/shop/brands/lenovo-brands/lenovo-thinkbook-16-laptop-ultra-7-16gb-512gb/,1
Mojitech,Lenovo,Thinkbook 21SKS01100 U7,,,16GB,512GB SSD,,,New,https://mojitech.net/shop/brands/lenovo-brands/lenovo-thinkbook-21sks01100-u7-16gb-512gb-16-fhd/,1
Mojitech,Lenovo,Thinkbook Plus G4 21JJ0004US Dual Screen,,,,,,989,New,https://mojitech.net/shop/brands/lenovo-brands/lenovo-thinkbook-plus-g4-21jj0004us-dual-screen/,1
Mojitech,Lenovo,Thinkbook TB16 U5,,,16GB,512GB SSD,,774,New,https://mojitech.net/shop/brands/lenovo-brands/lenovo-thinkbook-tb16-u5-16gb-512gb-16-fhd/,1
Mojitech,Lenovo,Thinkbook,Intel Ultra 7,Integrated,16GB,512GB SSD,,944,New,https://mojitech.net/shop/brands/lenovo-brands/lenovo-thinkbook-ultra-7-laptop-16gb-512gb/,1
Mojitech,Lenovo,Thinkpad 14 21MLS03V00,,,,,,,New,https://mojitech.net/shop/brands/lenovo-brands/lenovo-thinkpad-14-21mls03v00/,1
Mojitech,Lenovo,Thinkpad 14 G4 Iap 21DH00L5AK,,,,,,659,New,https://mojitech.net/shop/brands/lenovo-brands/lenovo-thinkpad-14-g4-iap-21dh00l5ak/,1
Mojitech,Lenovo,Thinkpad 14 G5 Irl 21JCCTO1WW,,,,,,,New,https://mojitech.net/shop/brands/lenovo-brands/lenovo-thinkpad-14-g5-irl-21jccto1ww/,1
Mojitech,Lenovo,Thinkpad 14 Gen 5 21ML001BED,,,,,,1359,New,https://mojitech.net/shop/brands/lenovo-brands/lenovo-thinkpad-14-gen-5-21ml001bed/,1
Mojitech,Lenovo,Thinkpad 16 21MN000DED,,,,,,1499,New,https://mojitech.net/shop/brands/lenovo-brands/lenovo-thinkpad-16-21mn000ded/,1
Mojitech,Lenovo,Thinkpad 16 21MNS02G00,,,,,,1459,New,https://mojitech.net/shop/brands/lenovo-brands/lenovo-thinkpad-16-21mns02g00/,1
Mojitech,Lenovo,Thinkpad 16 Gen 3 21MN00CHED,,,,,,,New,https://mojitech.net/shop/brands/lenovo-brands/lenovo-thinkpad-16-gen-3-21mn00ched/,1
Mojitech,Lenovo,Thinkpad 21SYS3GC U7,,,16GB,512GB SSD,,999,New,https://mojitech.net/shop/brands/lenovo-brands/lenovo-thinkpad-21sys3gc-u7-16gb-512gb-14-fhd/,1
Mojitech,Lenovo,Thinkpad E14 21M7001UAD,,,,,,980,New,https://mojitech.net/shop/brands/lenovo-brands/lenovo-thinkpad-e14-21m7001uad/,1
Mojitech,Lenovo,Thinkpad E14 21T90053ED,,,,,,949,New,https://mojitech.net/shop/brands/lenovo-brands/lenovo-thinkpad-e14-21t90053ed/,1
Mojitech,Lenovo,Thinkpad E14 G7 21T0001AED,AMD Ryzen 7,Integrated AMD Radeon,16GB,512GB SSD,,1081,New,https://mojitech.net/shop/brands/lenovo-brands/lenovo-thinkpad-e14-g7-21t0001aed-ryzen-7-16gb-512gb/,1
Mojitech,Lenovo,Thinkpad E14 G7 21U2003XED,,,,,,990,New,https://mojitech.net/shop/brands/lenovo-brands/lenovo-thinkpad-e14-g7-21u2003xed/,1
Mojitech,Lenovo,Thinkpad E14 G7 21U2005SED,,,,,,1068,New,https://mojitech.net/shop/brands/lenovo-brands/lenovo-thinkpad-e14-g7-21u2005sed/,1
Mojitech,Lenovo,Thinkpad E14 Gen 4,Intel Ultra 7 355,Integrated,16GB,512GB SSD,,1329,New,https://mojitech.net/shop/brands/lenovo-brands/lenovo-thinkpad-e14-gen-4-ultra-7-355-16gb-512gb/,1
Mojitech,Lenovo,Thinkpad E14 Gen 5 21JK001YGR,,,,,,,New,https://mojitech.net/shop/brands/lenovo-brands/lenovo-thinkpad-e14-gen-5-21jk001ygr/,1
Mojitech,Lenovo,Thinkpad E14 Gen 5 21JK00DAGP,,,,,,,New,https://mojitech.net/shop/brands/lenovo-brands/lenovo-thinkpad-e14-gen-5-21jk00dagp/,1
Mojitech,Lenovo,Thinkpad E14 Gen 5 21JK00DAGR,,,,,,,New,https://mojitech.net/shop/brands/lenovo-brands/lenovo-thinkpad-e14-gen-5-21jk00dagr/,1
Mojitech,Lenovo,Thinkpad E14 Gen 6 21M7000FGR,,,,,,706,New,https://mojitech.net/shop/brands/lenovo-brands/lenovo-thinkpad-e14-gen-6-21m7000fgr/,1
Mojitech,Lenovo,Thinkpad E14 Gen 6 21M7000HED,,,,,,769,New,https://mojitech.net/shop/brands/lenovo-brands/lenovo-thinkpad-e14-gen-6-21m7000hed/,1
Mojitech,Lenovo,Thinkpad E14 Gen 6 21M7001UED,,,,,,,New,https://mojitech.net/shop/brands/lenovo-brands/lenovo-thinkpad-e14-gen-6-21m7001ued/,1
Mojitech,Lenovo,Thinkpad E14 Gen 6 21M70027ED,,,,,,,New,https://mojitech.net/shop/brands/lenovo-brands/lenovo-thinkpad-e14-gen-6-21m70027ed/,1
Mojitech,Lenovo,Thinkpad E14 Gen 6 21M7002AED,,,,,,,New,https://mojitech.net/shop/brands/lenovo-brands/lenovo-thinkpad-e14-gen-6-21m7002aed/,1
Mojitech,Lenovo,Thinkpad E14 Gen 7,,,,,,,New,https://mojitech.net/shop/brands/lenovo-brands/lenovo-thinkpad-e14-gen-7-laptop-2/,1
Mojitech,Lenovo,Thinkpad E14 Gen 7,,,,,,1249,New,https://mojitech.net/shop/brands/lenovo-brands/lenovo-thinkpad-e14-gen-7-laptop/,1
Mojitech,Lenovo,Thinkpad E14 Gen 7,Intel Ultra 5 225h,Integrated,8GB,,,,New,https://mojitech.net/shop/brands/lenovo-brands/lenovo-thinkpad-e14-gen-7-ultra-5-225h-8gb/,1
Mojitech,Lenovo,Thinkpad E14 Gen 7,Intel Ultra 7 256v,Integrated,16GB,1TB SSD,,,New,https://mojitech.net/shop/brands/lenovo-brands/lenovo-thinkpad-e14-gen-7-ultra-7-256v-16gb-1tb/,1
Mojitech,Lenovo,Thinkpad E14,Intel Core 5 512gb,Integrated,,512GB SSD,,819,New,https://mojitech.net/shop/brands/lenovo-brands/lenovo-thinkpad-e14-laptop-core-5-512gb-ssd/,1
Mojitech,Lenovo,Thinkpad E14,Intel Ultra 5 512gb,Integrated,,512GB SSD,,835,New,https://mojitech.net/shop/brands/lenovo-brands/lenovo-thinkpad-e14-laptop-ultra-5-512gb-nvme/,1
Mojitech,Lenovo,Thinkpad E14,Intel Ultra 7 512gb,Integrated,,512GB SSD,,1039,New,https://mojitech.net/shop/brands/lenovo-brands/lenovo-thinkpad-e14-laptop-ultra-7-512gb-nvme/,1
Mojitech,Lenovo,Thinkpad E16 21JNS08900,,,,,,729,New,https://mojitech.net/shop/brands/lenovo-brands/lenovo-thinkpad-e16-21jns08900/,1
Mojitech,Lenovo,Thinkpad E16 21MA001KAD,,,,,,,New,https://mojitech.net/shop/brands/lenovo-brands/lenovo-thinkpad-e16-21ma001kad/,1
Mojitech,Lenovo,Thinkpad E16 G1 21JN0073US,,,,,,,New,https://mojitech.net/shop/brands/lenovo-brands/lenovo-thinkpad-e16-g1-21jn0073us/,1
Mojitech,Lenovo,Thinkpad E16 G3 22AY0000ED,,,,,,990,New,https://mojitech.net/shop/brands/lenovo-brands/lenovo-thinkpad-e16-g3-22ay0000ed/,1
Mojitech,Lenovo,Thinkpad E16 G3 22AY001GED,,,,,,1094,New,https://mojitech.net/shop/brands/lenovo-brands/lenovo-thinkpad-e16-g3-22ay001ged/,1
Mojitech,Lenovo,Thinkpad E16 G3,Intel Ultra 7 512gb,Integrated,,512GB SSD,,1069,New,https://mojitech.net/shop/brands/lenovo-brands/lenovo-thinkpad-e16-g3-laptop-ultra-7-512gb-ssd/,1
Mojitech,Lenovo,Thinkpad E16 Gen 1 21JN007AGR,,,,,,,New,https://mojitech.net/shop/brands/lenovo-brands/lenovo-thinkpad-e16-gen-1-21jn007agr/,1
Mojitech,Lenovo,Thinkpad E16 Gen 1 21JN007VED,,,,,,887,New,https://mojitech.net/shop/brands/lenovo-brands/lenovo-thinkpad-e16-gen-1-21jn007ved/,1
Mojitech,Lenovo,Thinkpad E16 Gen 1 21JN008VED,,,,,,709,New,https://mojitech.net/shop/brands/lenovo-brands/lenovo-thinkpad-e16-gen-1-21jn008ved/,1
Mojitech,Lenovo,Thinkpad E16 Gen 1 21JNS08E00,,,,,,,New,https://mojitech.net/shop/brands/lenovo-brands/lenovo-thinkpad-e16-gen-1-21jns08e00/,1
Mojitech,Lenovo,Thinkpad E16 Gen 2 21MA000CED,,,,,,720,New,https://mojitech.net/shop/brands/lenovo-brands/lenovo-thinkpad-e16-gen-2-21ma000ced/,1
Mojitech,Lenovo,Thinkpad E16 Gen 2 21MA000DED,,,,,,699,New,https://mojitech.net/shop/brands/lenovo-brands/lenovo-thinkpad-e16-gen-2-21ma000ded/,1
Mojitech,Lenovo,Thinkpad E16 Gen 2 21MA000EED,,,,,,749,New,https://mojitech.net/shop/brands/lenovo-brands/lenovo-thinkpad-e16-gen-2-21ma000eed/,1
Mojitech,Lenovo,Thinkpad E16 Gen 2 21MA001JED,,,,,,,New,https://mojitech.net/shop/brands/lenovo-brands/lenovo-thinkpad-e16-gen-2-21ma001jed/,1
Mojitech,Lenovo,Thinkpad E16 Gen 2 21MA001KED,,,,,,,New,https://mojitech.net/shop/brands/lenovo-brands/lenovo-thinkpad-e16-gen-2-21ma001ked/,1
Mojitech,Lenovo,Thinkpad E16 Gen 2 21MA001LED,,,,,,,New,https://mojitech.net/shop/brands/lenovo-brands/lenovo-thinkpad-e16-gen-2-21ma001led/,1
Mojitech,Lenovo,Thinkpad E16 Gen 3 21SR0017GP,,,,,,,New,https://mojitech.net/shop/brands/lenovo-brands/lenovo-thinkpad-e16-gen-3-21sr0017gp/,1
Mojitech,Lenovo,Thinkpad E16 Gen 3 21SR001NED,,,,,,,New,https://mojitech.net/shop/brands/lenovo-brands/lenovo-thinkpad-e16-gen-3-21sr001ned/,1
Mojitech,Lenovo,Thinkpad E16 Gen 3 21SR005RED,,,,,,,New,https://mojitech.net/shop/brands/lenovo-brands/lenovo-thinkpad-e16-gen-3-21sr005red/,1
Mojitech,Lenovo,Thinkpad E16 Gen 3 21ST0014ED,AMD Ryzen 7 250,Integrated AMD Radeon,,,,,New,https://mojitech.net/shop/brands/lenovo-brands/lenovo-thinkpad-e16-gen-3-21st0014ed-ryzen-7-250/,1
Mojitech,Lenovo,Thinkpad E16 Gen 3 21TF000YED,,,,,,,New,https://mojitech.net/shop/brands/lenovo-brands/lenovo-thinkpad-e16-gen-3-21tf000yed/,1
Mojitech,Lenovo,Thinkpad E16 Gen 3,Intel Ultra 5 225h,Integrated,8GB,,,,New,https://mojitech.net/shop/brands/lenovo-brands/lenovo-thinkpad-e16-gen-3-ultra-5-225h-8gb/,1
Mojitech,Lenovo,Thinkpad E16 Gen 3,Intel Ultra 7 255h,Integrated,16GB,,,,New,https://mojitech.net/shop/brands/lenovo-brands/lenovo-thinkpad-e16-gen-3-ultra-7-255h-16gb/,1
Mojitech,Lenovo,Thinkpad E16 Gen 3,Intel Ultra 7 255h,Integrated,,,,,New,https://mojitech.net/shop/brands/lenovo-brands/lenovo-thinkpad-e16-gen-3-ultra-7-255h-laptop/,1
Mojitech,Lenovo,Thinkpad E16 Gen 4,Intel Ultra 7 355,Integrated,,,,1199,New,https://mojitech.net/shop/brands/lenovo-brands/lenovo-thinkpad-e16-gen-4-ultra-7-355-21yc0030gq/,1
Mojitech,Lenovo,Thinkpad E16 Gen 4,Intel Ultra 7 355,Integrated,,,,,New,https://mojitech.net/shop/brands/lenovo-brands/lenovo-thinkpad-e16-gen-4-ultra-7-355/,1
Mojitech,Lenovo,Thinkpad E16,Intel Ultra 7,Integrated,16GB,512GB SSD,,1089,New,https://mojitech.net/shop/brands/lenovo-brands/lenovo-thinkpad-e16-laptop-ultra-7-16gb-512gb-2/,1
Mojitech,Lenovo,Thinkpad E16,Intel Ultra 7,Integrated,,1TB SSD,,1149,New,https://mojitech.net/shop/brands/lenovo-brands/lenovo-thinkpad-e16-laptop-ultra-7-1tb-nvme/,1
Mojitech,Lenovo,Thinkpad E16,,,,,,1154,New,https://mojitech.net/shop/brands/lenovo-brands/lenovo-thinkpad-e16-laptop/,1
Mojitech,Lenovo,Thinkpad L13 2 In 1 Gen 6,,,,,,,New,https://mojitech.net/shop/brands/lenovo-brands/lenovo-thinkpad-l13-2-in-1-gen-6-laptop/,1
Mojitech,Lenovo,Thinkpad L14 Gen 4 21H1005YED,,,,,,1159,New,https://mojitech.net/shop/brands/lenovo-brands/lenovo-thinkpad-l14-gen-4-21h1005yed/,1
Mojitech,Lenovo,Thinkpad L15 Gen 4 21H3004UED,,,,,,1149,New,https://mojitech.net/shop/brands/lenovo-brands/lenovo-thinkpad-l15-gen-4-21h3004ued/,1
Mojitech,Lenovo,Thinkpad P1 G8,Intel Ultra 7 255h,Integrated,,,,2839,New,https://mojitech.net/shop/brands/lenovo-brands/lenovo-thinkpad-p1-g8-ultra-7-255h-rtx-pro-2000/,1
Mojitech,Lenovo,Thinkpad P1 Gen 6 21FVCTO1WWI9964TT,,,,,,,New,https://mojitech.net/shop/brands/lenovo-brands/lenovo-thinkpad-p1-gen-6-21fvcto1wwi9964tt/,1
Mojitech,Lenovo,Thinkpad P1 Gen 7 21KV0010US,,,,,,,New,https://mojitech.net/shop/brands/lenovo-brands/lenovo-thinkpad-p1-gen-7-21kv0010us/,1
Mojitech,Lenovo,Thinkpad P1 Gen 7 21KV0011US,,,,,,,New,https://mojitech.net/shop/brands/lenovo-brands/lenovo-thinkpad-p1-gen-7-21kv0011us/,1
Mojitech,Lenovo,Thinkpad P1 Gen 7 21KV0013US,,,,,,2550,New,https://mojitech.net/shop/brands/lenovo-brands/lenovo-thinkpad-p1-gen-7-21kv0013us/,1
Mojitech,Lenovo,Thinkpad P1 Gen 7 21KV0014US,,,,,,,New,https://mojitech.net/shop/brands/lenovo-brands/lenovo-thinkpad-p1-gen-7-21kv0014us/,1
Mojitech,Lenovo,Thinkpad P1 Gen 7 21KV001AUS,,,,,,,New,https://mojitech.net/shop/brands/lenovo-brands/lenovo-thinkpad-p1-gen-7-21kv001aus/,1
Mojitech,Lenovo,Thinkpad P1 Gen 7,,,,,,,New,https://mojitech.net/shop/brands/lenovo-brands/lenovo-thinkpad-p1-gen-7/,1
Mojitech,Lenovo,Thinkpad P1 Gen 8,,,64GB,1TB SSD,,3250,New,https://mojitech.net/shop/brands/lenovo-brands/lenovo-thinkpad-p1-gen-8-rtx-pro-2000-64gb-1tb/,1
Mojitech,Lenovo,Thinkpad P1 Gen 8,,,,,,,New,https://mojitech.net/shop/brands/lenovo-brands/lenovo-thinkpad-p1-gen-8/,1
Mojitech,Lenovo,Thinkpad P14S G6,AMD Ryzen AI 9,Integrated AMD Radeon,,,,1989,New,https://mojitech.net/shop/brands/lenovo-brands/lenovo-thinkpad-p14s-g6-ryzen-ai-9-hx-pro-370/,1
Mojitech,Lenovo,Thinkpad P14S GEN6 21RV000NUS,AMD Ryzen AI 9,Integrated AMD Radeon,,,,2490,New,https://mojitech.net/shop/brands/lenovo-brands/lenovo-thinkpad-p14s-gen6-21rv000nus-ryzen-ai9/,1
Mojitech,Lenovo,Thinkpad P14S,Intel Core i7,Integrated,16GB,512GB SSD,,1599,New,https://mojitech.net/shop/brands/lenovo-brands/lenovo-thinkpad-p14s-i7-16gb-512gb-14-fhd/,1
Mojitech,Lenovo,Thinkpad P16 G3,Intel Ultra 9,Integrated,64GB,2TB SSD,,,New,https://mojitech.net/shop/brands/lenovo-brands/lenovo-thinkpad-p16-g3-core-ultra-9-64gb-2tb-16-rtx-pro-4000/,1
Mojitech,Lenovo,Thinkpad T14 G4 21HD008FGR,,,,,,1150,New,https://mojitech.net/shop/brands/lenovo-brands/lenovo-thinkpad-t14-g4-21hd008fgr/,1
Mojitech,Lenovo,Thinkpad T14 G4 21HDCTO1WW,,,,,,,New,https://mojitech.net/shop/brands/lenovo-brands/lenovo-thinkpad-t14-g4-21hdcto1ww/,1
Mojitech,Lenovo,Thinkpad T14 G4,,,,,,926,New,https://mojitech.net/shop/brands/lenovo-brands/lenovo-thinkpad-t14-g4/,1
Mojitech,Lenovo,Thinkpad T14 G5 21ML005AUS,,,,,,,New,https://mojitech.net/shop/brands/lenovo-brands/lenovo-thinkpad-t14-g5-21ml005aus/,1
Mojitech,Lenovo,Thinkpad T14 Gen 5 21ML000AED,,,,,,1519,New,https://mojitech.net/shop/brands/lenovo-brands/lenovo-thinkpad-t14-gen-5-21ml000aed/,1
Mojitech,Lenovo,Thinkpad T14 Gen 5 21ML006MUS,,,,,,,New,https://mojitech.net/shop/brands/lenovo-brands/lenovo-thinkpad-t14-gen-5-21ml006mus/,1
Mojitech,Lenovo,Thinkpad T14 Gen 5 21ML008NUS,,,,,,,New,https://mojitech.net/shop/brands/lenovo-brands/lenovo-thinkpad-t14-gen-5-21ml008nus/,1
Mojitech,Lenovo,Thinkpad T14 Gen 6 21QC00A4ED,,,,,,,New,https://mojitech.net/shop/brands/lenovo-brands/lenovo-thinkpad-t14-gen-6-21qc00a4ed/,1
Mojitech,Lenovo,Thinkpad T14 Gen 6 21QC00C4ED,,,,,,,New,https://mojitech.net/shop/brands/lenovo-brands/lenovo-thinkpad-t14-gen-6-21qc00c4ed/,1
Mojitech,Lenovo,Thinkpad T14 Gen 6 21QG000CED,,,,,,,New,https://mojitech.net/shop/brands/lenovo-brands/lenovo-thinkpad-t14-gen-6-21qg000ced/,1
Mojitech,Lenovo,Thinkpad T14 Gen 6 21QG002HUS,,,,,,,New,https://mojitech.net/shop/brands/lenovo-brands/lenovo-thinkpad-t14-gen-6-21qg002hus/,1
Mojitech,Lenovo,Thinkpad T14 Gen 6,Intel Ultra 7 255u,Integrated,32GB,1TB SSD,,,New,https://mojitech.net/shop/brands/lenovo-brands/lenovo-thinkpad-t14-gen-6-ultra-7-255u-32gb-ddr5-intel-1tb-nvme-14-wuxga-1920-x-1200-3-years-warranty-1/,1
Mojitech,Lenovo,Thinkpad T14 Gen 6,Intel Ultra 7 265h,Integrated,,,,,New,https://mojitech.net/shop/brands/lenovo-brands/lenovo-thinkpad-t14-gen-6-ultra-7-265h-laptop/,1
Mojitech,Lenovo,Thinkpad T14 GEN6 21QC000XED ULTRA7,Intel Ultra 7,Integrated,,,,1699,New,https://mojitech.net/shop/brands/lenovo-brands/lenovo-thinkpad-t14-gen6-21qc000xed-ultra7/,1
Mojitech,Lenovo,Thinkpad T14 GEN6,Intel Ultra 7,Integrated,32GB,1TB SSD,,,New,https://mojitech.net/shop/brands/lenovo-brands/lenovo-thinkpad-t14-gen6-ultra-7-32gb-1tb/,1
Mojitech,Lenovo,Thinkpad T14,Intel Ultra 7,Integrated,16GB,512GB SSD,,1499,New,https://mojitech.net/shop/brands/lenovo-brands/lenovo-thinkpad-t14-laptop-ultra-7-16gb-512gb/,1
Mojitech,Lenovo,Thinkpad T14S 2 In 1,,,,,,1599,New,https://mojitech.net/shop/brands/lenovo-brands/lenovo-thinkpad-t14s-2-in-1/,1
Mojitech,Lenovo,Thinkpad T14S 21LS000JED,,,,,,1689,New,https://mojitech.net/shop/brands/lenovo-brands/lenovo-thinkpad-t14s-21ls000jed/,1
Mojitech,Lenovo,Thinkpad T14S 21LS000KED,,,,,,,New,https://mojitech.net/shop/brands/lenovo-brands/lenovo-thinkpad-t14s-21ls000ked/,1
Mojitech,Lenovo,Thinkpad T14S 21LS0074ED,,,,,,,New,https://mojitech.net/shop/brands/lenovo-brands/lenovo-thinkpad-t14s-21ls0074ed/,1
Mojitech,Lenovo,Thinkpad T14S Gen 4,,,,,,1297,New,https://mojitech.net/shop/brands/lenovo-brands/lenovo-thinkpad-t14s-gen-4/,1
Mojitech,Lenovo,Thinkpad T14S Gen 6,Intel Ultra 7 255u,Integrated,,,,,New,https://mojitech.net/shop/brands/lenovo-brands/lenovo-thinkpad-t14s-gen-6-ultra-7-255u-laptop/,1
Mojitech,Lenovo,Thinkpad T14S GEN6 21N1X001US,Snapdragon x elite,Integrated Adreno,,,,1189,New,https://mojitech.net/shop/brands/lenovo-brands/lenovo-thinkpad-t14s-gen6-21n1x001us-snapdragon-x-elite/,1
Mojitech,Lenovo,Thinkpad T16 Gen 3,Intel Ultra 7,Integrated,16GB,512GB SSD,,1689,New,https://mojitech.net/shop/brands/lenovo-brands/lenovo-thinkpad-t16-gen-3-ultra-7-16gb-512gb/,1
Mojitech,Lenovo,Thinkpad T16 GEN4 21QEX000R1 ULTRA7,Intel Ultra 7,Integrated,,,,1689,New,https://mojitech.net/shop/brands/lenovo-brands/lenovo-thinkpad-t16-gen4-21qex000r1-ultra7/,1
Mojitech,Lenovo,Thinkpad T1G G8,Intel Ultra 9 285h,RTX 5070,64GB,2TB SSD,,4149,New,https://mojitech.net/shop/brands/lenovo-brands/lenovo-thinkpad-t1g-g8-core-ultra-9-285h-64gb-2tb-16-rtx-5070/,1
Mojitech,Lenovo,Thinkpad T1G Gen 8,Intel Ultra 9,RTX 5070 32GB,,1TB SSD,,2400,New,https://mojitech.net/shop/brands/lenovo-brands/lenovo-thinkpad-t1g-gen-8-core-ultra-9-rtx-5070-32gb-1tb/,1
Mojitech,Lenovo,Thinkpad T1G Gen 8,,RTX 5070 32GB,,1TB SSD,,2200,New,https://mojitech.net/shop/brands/lenovo-brands/lenovo-thinkpad-t1g-gen-8-rtx-5070-32gb-1tb/,1
Mojitech,Lenovo,Thinkpad X1 2 In 1 Gen 10 Aura Edition 21NU003LUS,,,,,,1935,New,https://mojitech.net/shop/brands/lenovo-brands/lenovo-thinkpad-x1-2-in-1-gen-10-aura-edition-21nu003lus/,1
Mojitech,Lenovo,Thinkpad X1 2 In 1 Gen 10 Aura Edition 21NU005SED,,,,,,,New,https://mojitech.net/shop/brands/lenovo-brands/lenovo-thinkpad-x1-2-in-1-gen-10-aura-edition-21nu005sed/,1
Mojitech,Lenovo,Thinkpad X1 2 In 1 Gen 10 Aura Edition,Intel Ultra 7 255u,Integrated,,,,,New,https://mojitech.net/shop/brands/lenovo-brands/lenovo-thinkpad-x1-2-in-1-gen-10-aura-edition-ultra-7-255u/,1
Mojitech,Lenovo,Thinkpad X1 Carbon 14 Aura Edition 21V7CTO1WW,,,,,,2699,New,https://mojitech.net/shop/brands/lenovo-brands/lenovo-thinkpad-x1-carbon-14-aura-edition-21v7cto1ww/,1
Mojitech,Lenovo,Thinkpad X1 Carbon 21KC00A7CA,,,,,,,New,https://mojitech.net/shop/brands/lenovo-brands/lenovo-thinkpad-x1-carbon-21kc00a7ca/,1
Mojitech,Lenovo,Thinkpad X1 Carbon 21KCCTO1WW 20,,,,,,,New,https://mojitech.net/shop/brands/lenovo-brands/lenovo-thinkpad-x1-carbon-21kccto1ww-20/,1
Mojitech,Lenovo,Thinkpad X1 Carbon G12 21KC000MUS,,,,,,1661,New,https://mojitech.net/shop/brands/lenovo-brands/lenovo-thinkpad-x1-carbon-g12-21kc000mus/,1
Mojitech,Lenovo,Thinkpad X1 Carbon G12 21KC0046US,,,,,,,New,https://mojitech.net/shop/brands/lenovo-brands/lenovo-thinkpad-x1-carbon-g12-21kc0046us/,1
Mojitech,Lenovo,Thinkpad X1 Carbon G13 21NS0012US,,,,,,1815,New,https://mojitech.net/shop/brands/lenovo-brands/lenovo-thinkpad-x1-carbon-g13-21ns0012us/,1
Mojitech,Lenovo,Thinkpad X1 Carbon Gen 11 21HM000JUS,,,,,,,New,https://mojitech.net/shop/brands/lenovo-brands/lenovo-thinkpad-x1-carbon-gen-11-21hm000jus/,1
Mojitech,Lenovo,Thinkpad X1 Carbon Gen 11 21HMCTO1WW 200 1,,,,,,1585,New,https://mojitech.net/shop/brands/lenovo-brands/lenovo-thinkpad-x1-carbon-gen-11-21hmcto1ww-200-1/,1
Mojitech,Lenovo,Thinkpad X1 Carbon Gen 11,,,,,,1595,New,https://mojitech.net/shop/brands/lenovo-brands/lenovo-thinkpad-x1-carbon-gen-11/,1
Mojitech,Lenovo,Thinkpad X1 Carbon Gen 12 21KC0005US,,,,,,,New,https://mojitech.net/shop/brands/lenovo-brands/lenovo-thinkpad-x1-carbon-gen-12-21kc0005us/,1
Mojitech,Lenovo,Thinkpad X1 Carbon Gen 12 21KC0014ED,,,,,,2199,New,https://mojitech.net/shop/brands/lenovo-brands/lenovo-thinkpad-x1-carbon-gen-12-21kc0014ed/,1
Mojitech,Lenovo,Thinkpad X1 Carbon Gen 12 21KC004AUS,,,,,,1934,New,https://mojitech.net/shop/brands/lenovo-brands/lenovo-thinkpad-x1-carbon-gen-12-21kc004aus/,1
Mojitech,Lenovo,Thinkpad X1 Carbon Gen 12 21KC00A7US,,,,,,1739,New,https://mojitech.net/shop/brands/lenovo-brands/lenovo-thinkpad-x1-carbon-gen-12-21kc00a7us/,1
Mojitech,Lenovo,Thinkpad X1 Carbon Gen 12 21KC00B1US,,,,,,,New,https://mojitech.net/shop/brands/lenovo-brands/lenovo-thinkpad-x1-carbon-gen-12-21kc00b1us/,1
Mojitech,Lenovo,Thinkpad X1 Carbon Gen 12,Intel Ultra 7 165u,Integrated,64GB,,,,New,https://mojitech.net/shop/brands/lenovo-brands/lenovo-thinkpad-x1-carbon-gen-12-ultra-7-165u-64gb/,1
Mojitech,Lenovo,Thinkpad X1 Carbon Gen 13 21NX000SED,,,,,,1785,New,https://mojitech.net/shop/brands/lenovo-brands/lenovo-thinkpad-x1-carbon-gen-13-21nx000sed/,1
Mojitech,Lenovo,Thinkpad X1 Carbon Gen 13 Aura Edition 21NS0013US,,,,,,,New,https://mojitech.net/shop/brands/lenovo-brands/lenovo-thinkpad-x1-carbon-gen-13-aura-edition-21ns0013us/,1
Mojitech,Lenovo,Thinkpad X1 Carbon Gen 13 Aura Edition 21NS00L4ED,,,,,,,New,https://mojitech.net/shop/brands/lenovo-brands/lenovo-thinkpad-x1-carbon-gen-13-aura-edition-21ns00l4ed/,1
Mojitech,Lenovo,Thinkpad X1 Carbon Gen 14 21V7X005JK,Intel Ultra 7,Integrated,,,,3289,New,https://mojitech.net/shop/brands/lenovo-brands/lenovo-thinkpad-x1-carbon-gen-14-21v7x005jk-ultra-7/,1
Mojitech,Lenovo,Thinkpad X1 Carbon GEN13 21NSX002US ULTRA7,Intel Ultra 7,Integrated,,,,2689,New,https://mojitech.net/shop/brands/lenovo-brands/lenovo-thinkpad-x1-carbon-gen13-21nsx002us-ultra7/,1
Mojitech,Lenovo,Thinkpad X1 Carbon Gn 13 Aura Edition,Intel Ultra 7 258v,Integrated,32GB,1TB SSD,,1815,New,https://mojitech.net/shop/brands/lenovo-brands/lenovo-thinkpad-x1-carbon-gn-13-aura-edition-core-ultra-7-258v-32gb-1tb-nvme-14-tax-free/,1
Mojitech,Lenovo,Thinkpad X1 Carbon,Intel Ultra 7,Integrated,32GB,,,1795,New,https://mojitech.net/shop/brands/lenovo-brands/lenovo-thinkpad-x1-carbon-laptop-ultra-7-32gb/,1
Mojitech,Lenovo,Thinkpad X1 Carbon,Intel Ultra 7,Integrated,,,,1859,New,https://mojitech.net/shop/brands/lenovo-brands/lenovo-thinkpad-x1-carbon-laptop-ultra-7-oled/,1
Mojitech,Lenovo,Thinkpad X1 Gen 10 Aura 21Q0002XUS,,,,,,2089,New,https://mojitech.net/shop/brands/lenovo-brands/lenovo-thinkpad-x1-gen-10-aura-21q0002xus/,1
Mojitech,Lenovo,Thinkpad X1 GEN10 2IN1 21Q0X003US ULTRA7,Intel Ultra 7,Integrated,,,,2089,New,https://mojitech.net/shop/brands/lenovo-brands/lenovo-thinkpad-x1-gen10-2in1-21q0x003us-ultra7/,1
Mojitech,Lenovo,Thinkpad X1 GEN10 Aura 21NUX005US ULTRA7,Intel Ultra 7,Integrated,,,,2089,New,https://mojitech.net/shop/brands/lenovo-brands/lenovo-thinkpad-x1-gen10-aura-21nux005us-ultra7/,1
Mojitech,Lenovo,Thinkpad X1 GEN10 Aura 2IN1 21NUX000R1,,,,,,1989,New,https://mojitech.net/shop/brands/lenovo-brands/lenovo-thinkpad-x1-gen10-aura-2in1-21nux000r1/,1
Mojitech,Lenovo,Thinkpad X1 Yoga Gen 7 21CD0081US,,,,,,,New,https://mojitech.net/shop/brands/lenovo-brands/lenovo-thinkpad-x1-yoga-gen-7-21cd0081us/,1
Mojitech,Lenovo,Thinkpad X1 Yoga Gen 8 21HQ0007US,,,,,,1195,New,https://mojitech.net/shop/brands/lenovo-brands/lenovo-thinkpad-x1-yoga-gen-8-21hq0007us/,1
Mojitech,Lenovo,Thinkpad X1 Yoga GEN8 21HQ001SUS,,,,,,1989,New,https://mojitech.net/shop/brands/lenovo-brands/lenovo-thinkpad-x1-yoga-gen8-21hq001sus/,1
Mojitech,Lenovo,Thinkpad X9 14 Aura Edition,Intel Ultra 7,Integrated,,,,,New,https://mojitech.net/shop/brands/lenovo-brands/lenovo-thinkpad-x9-14-aura-edition-ultra-7-oled/,1
Mojitech,Lenovo,Thinkpad X9 14 Gen 1 2,,,,,,,New,https://mojitech.net/shop/brands/lenovo-brands/lenovo-thinkpad-x9-14-gen-1-2/,1
Mojitech,Lenovo,Thinkpad X9 14 Gen 1 Aura Edition,Intel Ultra 7 258v,Integrated,,,,,New,https://mojitech.net/shop/brands/lenovo-brands/lenovo-thinkpad-x9-14-gen-1-aura-edition-ultra-7-258v/,1
Mojitech,Lenovo,Thinkpad X9 14 Gen 1,,,,,,,New,https://mojitech.net/shop/brands/lenovo-brands/lenovo-thinkpad-x9-14-gen-1/,1
Mojitech,Lenovo,Thinkpad X9 15 Aura Edition,,,,,,,New,https://mojitech.net/shop/brands/lenovo-brands/lenovo-thinkpad-x9-15-aura-edition/,1
Mojitech,Lenovo,Thinkpad X9 15 Glacier White,,,,,,,New,https://mojitech.net/shop/brands/lenovo-brands/lenovo-thinkpad-x9-15-glacier-white/,1
Mojitech,Lenovo,Thinkpad X9 15 Touch 21Q60064ED ULTRA7,Intel Ultra 7,Integrated,,,,,New,https://mojitech.net/shop/brands/lenovo-brands/lenovo-thinkpad-x9-15-touch-21q60064ed-ultra7/,1
Mojitech,Lenovo,Thinkpad X9 GEN1 Aura 21Q6X006R1 ULTRA7,Intel Ultra 7,Integrated,,,,1839,New,https://mojitech.net/shop/brands/lenovo-brands/lenovo-thinkpad-x9-gen1-aura-21q6x006r1-ultra7/,1
Mojitech,Lenovo,Thinkpad X9,Intel Ultra 7,Integrated,32GB,,,1898,New,https://mojitech.net/shop/brands/lenovo-brands/lenovo-thinkpad-x9-laptop-ultra-7-oled-32gb/,1
Mojitech,Lenovo,V14,Intel Core i7,Integrated,16GB,512GB SSD,,699,New,https://mojitech.net/shop/brands/lenovo-brands/lenovo-v14-core-i7-laptop-16gb-512gb-nvme/,1
Mojitech,Lenovo,V14 G14,,,,,,535,New,https://mojitech.net/shop/brands/lenovo-brands/lenovo-v14-g14-laptop/,1
Mojitech,Lenovo,V15 83CRA021IN,,,,,,,New,https://mojitech.net/shop/brands/lenovo-brands/lenovo-v15-83cra021in/,1
Mojitech,Lenovo,V15,Intel Core i7,Integrated,16GB,512GB SSD,,728,New,https://mojitech.net/shop/brands/lenovo-brands/lenovo-v15-core-i7-laptop-16gb-512gb-nvme/,1
Mojitech,Lenovo,V15 G2 82QY00PEFE,,,,,,299,New,https://mojitech.net/shop/brands/lenovo-brands/lenovo-v15-g2-82qy00pefe/,1
Mojitech,Lenovo,V15 G2 Ijl 82QY00PEED,,,,,,,New,https://mojitech.net/shop/brands/lenovo-brands/lenovo-v15-g2-ijl-82qy00peed/,1
Mojitech,Lenovo,V15 G3 82TTA0AAIN,,,,,,,New,https://mojitech.net/shop/brands/lenovo-brands/lenovo-v15-g3-82tta0aain/,1
Mojitech,Lenovo,V15 G3 Iap 82TT00J6UE,,,,,,,New,https://mojitech.net/shop/brands/lenovo-brands/lenovo-v15-g3-iap-82tt00j6ue/,1
Mojitech,Lenovo,V15 G3 Iap 82TT00JVUE,,,,,,,New,https://mojitech.net/shop/brands/lenovo-brands/lenovo-v15-g3-iap-82tt00jvue/,1
Mojitech,Lenovo,V15 G3 Iap 82TTA097IH,,,,,,,New,https://mojitech.net/shop/brands/lenovo-brands/lenovo-v15-g3-iap-82tta097ih/,1
Mojitech,Lenovo,V15 G3 Iru 83A1008UAK,,,,,,,New,https://mojitech.net/shop/brands/lenovo-brands/lenovo-v15-g3-iru-83a1008uak/,1
Mojitech,Lenovo,V15 G4 Amn 82YU00CUAK,,,,,,441,New,https://mojitech.net/shop/brands/lenovo-brands/lenovo-v15-g4-amn-82yu00cuak/,1
Mojitech,Lenovo,V15 G4 Amn 82YU010SED,,,,,,,New,https://mojitech.net/shop/brands/lenovo-brands/lenovo-v15-g4-amn-82yu010sed/,1
Mojitech,Lenovo,V15 G4,Intel Core i5-13420H,Integrated,16GB,512GB SSD,"15.6""",,New,https://mojitech.net/shop/brands/lenovo-brands/lenovo-v15-g4-core-i5-13420h-16gb-512gb-nvme-15-6%e2%80%b3/,1
Mojitech,Lenovo,V15 G4,Intel Core i3-1315U,Integrated,8GB,512GB SSD,,,New,https://mojitech.net/shop/brands/lenovo-brands/lenovo-v15-g4-i3-1315u-8gb-512gb/,1
Mojitech,Lenovo,V15 G4 Iru 83A1004SAK,,,,,,385,New,https://mojitech.net/shop/brands/lenovo-brands/lenovo-v15-g4-iru-83a1004sak/,1
Mojitech,Lenovo,V15 G4 Iru 83A1004SED,,,,,,,New,https://mojitech.net/shop/brands/lenovo-brands/lenovo-v15-g4-iru-83a1004sed/,1
Mojitech,Lenovo,V15 G4 Iru 83A1007CRM,,,,,,385,New,https://mojitech.net/shop/brands/lenovo-brands/lenovo-v15-g4-iru-83a1007crm/,1
Mojitech,Lenovo,V15 G4 Iru 83A1007WAK,,,,,,385,New,https://mojitech.net/shop/brands/lenovo-brands/lenovo-v15-g4-iru-83a1007wak/,1
Mojitech,Lenovo,V15 G4 Iru 83A1009DED,,,,,,,New,https://mojitech.net/shop/brands/lenovo-brands/lenovo-v15-g4-iru-83a1009ded/,1
Mojitech,Lenovo,V15 G4 Iru 83A100GSED,,,,,,,New,https://mojitech.net/shop/brands/lenovo-brands/lenovo-v15-g4-iru-83a100gsed/,1
Mojitech,Lenovo,V15 G4 Iru 83A100PSUS,,,,,,589,New,https://mojitech.net/shop/brands/lenovo-brands/lenovo-v15-g4-iru-83a100psus/,1
Mojitech,Lenovo,V15 G4 Iru 83CCA06WIN,,,,,,,New,https://mojitech.net/shop/brands/lenovo-brands/lenovo-v15-g4-iru-83cca06win/,1
Mojitech,Lenovo,V15 G4 Iru,Intel Core i3,Integrated,,,,385,New,https://mojitech.net/shop/brands/lenovo-brands/lenovo-v15-g4-iru-core-i3-15-6/,1
Mojitech,Lenovo,V15 G4 Iru,Intel Core i7,Integrated,,,,719,New,https://mojitech.net/shop/brands/lenovo-brands/lenovo-v15-g4-iru-core-i7-15-6/,1
Mojitech,Lenovo,V15 G4 Iru,Intel Core i3-1315U,Integrated,16GB,512GB SSD,,,New,https://mojitech.net/shop/brands/lenovo-brands/lenovo-v15-g4-iru-laptop-i3-1315u-16gb-512gb/,1
Mojitech,Lenovo,V15 G5 CORE7 240H,Intel Core 7 240h,Integrated,16GB,1TB SSD,,,New,https://mojitech.net/shop/brands/lenovo-brands/lenovo-v15-g5-core7-240h-laptop-16gb-1tb/,1
Mojitech,Lenovo,V15 G5,Intel Core i3,Integrated,8GB,256GB SSD,,,New,https://mojitech.net/shop/brands/lenovo-brands/lenovo-v15-g5-i3-8gb-256gb-ssd/,1
Mojitech,Lenovo,V15 G5 Irl 83GW006AEQ,Intel Core i5-13420H,Integrated,,,,,New,https://mojitech.net/shop/brands/lenovo-brands/lenovo-v15-g5-irl-83gw006aeq-i5-13420h-laptop/,1
Mojitech,Lenovo,V15 G5 Irl 83GW006VED,,,,,,633,New,https://mojitech.net/shop/brands/lenovo-brands/lenovo-v15-g5-irl-83gw006ved/,1
Mojitech,Lenovo,V15 G5 Irl 83GW006XGP,Intel Core i5-13420H,Integrated,,,,,New,https://mojitech.net/shop/brands/lenovo-brands/lenovo-v15-g5-irl-83gw006xgp-i5-13420h-laptop/,1
Mojitech,Lenovo,V15 G5 Irl 83GW0071ED,,,,,,449,New,https://mojitech.net/shop/brands/lenovo-brands/lenovo-v15-g5-irl-83gw0071ed/,1
Mojitech,Lenovo,V15 G5 Irl 83GW0076GP,Intel Core i3-1315U,Integrated,,,,468,New,https://mojitech.net/shop/brands/lenovo-brands/lenovo-v15-g5-irl-83gw0076gp-i3-1315u-laptop/,1
Mojitech,Lenovo,V15 G5 Irl 83HF00E6IG,Intel Core i5-13420H,Integrated,,,,549,New,https://mojitech.net/shop/brands/lenovo-brands/lenovo-v15-g5-irl-83hf00e6ig-i5-13420h-laptop/,1
Mojitech,Lenovo,V15 G5 Irl,Intel Core i5,Integrated,,,,643,New,https://mojitech.net/shop/brands/lenovo-brands/lenovo-v15-g5-irl-i5-laptop/,1
Mojitech,Lenovo,V15 G5 Irl,,,,,,,New,https://mojitech.net/shop/brands/lenovo-brands/lenovo-v15-g5-irl-laptop/,1
Mojitech,Lenovo,V15 Gen 4,AMD Ryzen 3,Integrated AMD Radeon,8GB,512GB SSD,,,New,https://mojitech.net/shop/brands/lenovo-brands/lenovo-v15-gen-4-ryzen-3-8gb-512gb/,1
Mojitech,Lenovo,V15,AMD Ryzen 7,Integrated AMD Radeon,,512GB SSD,,644,New,https://mojitech.net/shop/brands/lenovo-brands/lenovo-v15-ryzen-7-laptop-512gb-nvme-ssd/,1
Mojitech,Lenovo,Yoga 7 14AKP10 83JR0001US,,,,,,959,New,https://mojitech.net/shop/brands/lenovo-brands/lenovo-yoga-7-14akp10-83jr0001us/,1
Mojitech,Lenovo,Yoga 7 14IPH11 83TC003XUS,,,,,,,New,https://mojitech.net/shop/brands/lenovo-brands/lenovo-yoga-7-14iph11-83tc003xus/,1
Mojitech,Lenovo,Yoga 7 14IRL8 82YL0003US,,,,,,715,New,https://mojitech.net/shop/brands/lenovo-brands/lenovo-yoga-7-14irl8-82yl0003us/,1
Mojitech,Lenovo,Yoga 7 16AHP9 83DM0006US,AMD Ryzen 7,Integrated AMD Radeon,,,,,New,https://mojitech.net/shop/brands/lenovo-brands/lenovo-yoga-7-16ahp9-83dm0006us-ryzen-7-laptop/,1
Mojitech,Lenovo,Yoga 7 16AKP10 83JU0003US,AMD Ryzen AI 7,Integrated AMD Radeon,,,,989,New,https://mojitech.net/shop/brands/lenovo-brands/lenovo-yoga-7-16akp10-83ju0003us-ryzen-ai7/,1
Mojitech,Lenovo,Yoga 7 16ILL10,Intel Ultra 7,Integrated,,,,,New,https://mojitech.net/shop/brands/lenovo-brands/lenovo-yoga-7-16ill10-core-ultra-7/,1
Mojitech,Lenovo,Yoga 7 2 In 1 14AHP9 83DK000AUS,,,,,,,New,https://mojitech.net/shop/brands/lenovo-brands/lenovo-yoga-7-2-in-1-14ahp9-83dk000aus/,1
Mojitech,Lenovo,Yoga 7 2 In 1 14IML9 83DJ0002US,,,,,,,New,https://mojitech.net/shop/brands/lenovo-brands/lenovo-yoga-7-2-in-1-14iml9-83dj0002us/,1
Mojitech,Lenovo,Yoga 7 2 In 1 16AHP9 83DM0003US,,,,,,,New,https://mojitech.net/shop/brands/lenovo-brands/lenovo-yoga-7-2-in-1-16ahp9-83dm0003us/,1
Mojitech,Lenovo,Yoga 7 2 In 1 16ILL10,Intel Ultra 7 256v,Integrated,,,,998,New,https://mojitech.net/shop/brands/lenovo-brands/lenovo-yoga-7-2-in-1-16ill10-ultra-7-256v/,1
Mojitech,Lenovo,Yoga 7 2 In 1 16IML9 83DL0000US,,,,,,,New,https://mojitech.net/shop/brands/lenovo-brands/lenovo-yoga-7-2-in-1-16iml9-83dl0000us/,1
Mojitech,Lenovo,Yoga 7,Intel Ultra 7,Integrated,16GB,1TB SSD,,899,New,https://mojitech.net/shop/brands/lenovo-brands/lenovo-yoga-7-laptop-ultra-7-16gb-1tb-touch/,1
Mojitech,Lenovo,Yoga 7I 2 In 1 83JQCTO1WW U7 5,,,,,,895,New,https://mojitech.net/shop/brands/lenovo-brands/lenovo-yoga-7i-2-in-1-83jqcto1ww-u7-5/,1
Mojitech,Lenovo,Yoga 7I Aura 2 In 1,,,24GB,512GB SSD,,1539,New,https://mojitech.net/shop/brands/lenovo-brands/lenovo-yoga-7i-aura-2-in-1-24gb-512gb/,1
Mojitech,Lenovo,Yoga 9 14IMH9 83AC0001US,,,,,,,New,https://mojitech.net/shop/brands/lenovo-brands/lenovo-yoga-9-14imh9-83ac0001us/,1
Mojitech,Lenovo,Yoga 9 14IMH9 83AC000ECF,,,,,,1350,New,https://mojitech.net/shop/brands/lenovo-brands/lenovo-yoga-9-14imh9-83ac000ecf/,1
Mojitech,Lenovo,Yoga 9I Aura Edition 83LC0001US Copilot Pc,,,,,,,New,https://mojitech.net/shop/brands/lenovo-brands/lenovo-yoga-9i-aura-edition-83lc0001us-copilot-pc/,1
Mojitech,Lenovo,Yoga Book 9 13IMU9 83FF0000US,,,,,,,New,https://mojitech.net/shop/brands/lenovo-brands/lenovo-yoga-book-9-13imu9-83ff0000us/,1
Mojitech,Lenovo,Yoga Book 9 13IMU9 83FF0001US,,,,,,,New,https://mojitech.net/shop/brands/lenovo-brands/lenovo-yoga-book-9-13imu9-83ff0001us/,1
Mojitech,Lenovo,Yoga Pro 9 16IAH10 83L00000US,,,,,,,New,https://mojitech.net/shop/brands/lenovo-brands/lenovo-yoga-pro-9-16iah10-83l00000us/,1
Mojitech,Lenovo,Yoga Pro 9 16IAH10 83L00008US,,,,,,,New,https://mojitech.net/shop/brands/lenovo-brands/lenovo-yoga-pro-9-16iah10-83l00008us/,1
Mojitech,Lenovo,Yoga Pro 9 16IMH9 83DN0006US,,,,,,,New,https://mojitech.net/shop/brands/lenovo-brands/lenovo-yoga-pro-9-16imh9-83dn0006us/,1
Mojitech,Lenovo,Yoga Pro 9 Aura 16IAH10 83L0X002US RTX5060,,RTX 5060,,,,,New,https://mojitech.net/shop/brands/lenovo-brands/lenovo-yoga-pro-9-aura-16iah10-83l0x002us-rtx5060/,1
Mojitech,Lenovo,Yoga Pro 9I Aura Edition 83L0CTO1WW,,,,,,,New,https://mojitech.net/shop/brands/lenovo-brands/lenovo-yoga-pro-9i-aura-edition-83l0cto1ww/,1
Mojitech,Lenovo,Yoga Slim 7 15ILL9 83HM0000US,,,,,,1282,New,https://mojitech.net/shop/brands/lenovo-brands/lenovo-yoga-slim-7-15ill9-83hm0000us/,1
Mojitech,Lenovo,Yoga Slim 7I Aura 83HM002WUS Copilot Pc,,,,,,1590,New,https://mojitech.net/shop/brands/lenovo-brands/lenovo-yoga-slim-7i-aura-83hm002wus-copilot-pc/,1
Mojitech,Thinkbook,14 G6 Abp 21KJ0026US,,,,,,695,New,https://mojitech.net/shop/brands/lenovo-brands/thinkbook-14-g6-abp-21kj0026us/,1
Mojitech,Thinkbook,14S Yoga G3 Iru 21JG000BED,,,,,,,New,https://mojitech.net/shop/brands/lenovo-brands/thinkbook-14s-yoga-g3-iru-21jg000bed/,1
Mojitech,Thinkbook,16 G6 Irl 21KH0056ED,,,,,,,New,https://mojitech.net/shop/brands/lenovo-brands/thinkbook-16-g6-irl-21kh0056ed/,1
Mojitech,Thinkbook,L13 Yoga Gen 4 21FJ002MED,,,,,,,New,https://mojitech.net/shop/brands/lenovo-brands/thinkbook-l13-yoga-gen-4-21fj002med/,1
Mojitech,Thinkbook,Plus Iap,,,,,,1149,New,https://mojitech.net/shop/brands/lenovo-brands/thinkbook-plus-iap/,1
Mojitech,Lenovo,Thinkpad P1 Gen 8 Mobile Workstation 2,,,,,,,New,https://mojitech.net/shop/brands/lenovo-brands/thinkpad-p1-gen-8-mobile-workstation-2/,1
Mojitech,Lenovo,Thinkpad P1 Gen 8 Mobile Workstation,,,,,,2650,New,https://mojitech.net/shop/brands/lenovo-brands/thinkpad-p1-gen-8-mobile-workstation/,1
Mojitech,Lenovo,Thinkpad T14 Gen 4 21HD003JED,,,,,,,New,https://mojitech.net/shop/brands/lenovo-brands/thinkpad-t14-gen-4-21hd003jed/,1
Mojitech,Lenovo,Thinkpad T14 Gen 4 21HD003RED,,,,,,,New,https://mojitech.net/shop/brands/lenovo-brands/thinkpad-t14-gen-4-21hd003red/,1
Mojitech,Lenovo,Thinkpad T14 Gen 4 21HD008QED,,,,,,,New,https://mojitech.net/shop/brands/lenovo-brands/thinkpad-t14-gen-4-21hd008qed/,1
Mojitech,Lenovo,Thinkpad T14S Gen 4 21F6005KED,,,,,,,New,https://mojitech.net/shop/brands/lenovo-brands/thinkpad-t14s-gen-4-21f6005ked/,1
Mojitech,Lenovo,Thinkpad T16 Gen 2 21HH0041US,,,,,,,New,https://mojitech.net/shop/brands/lenovo-brands/thinkpad-t16-gen-2-21hh0041us/,1
Mojitech,Lenovo,Thinkpad T16 Gen 2 21HH005JED,,,,,,,New,https://mojitech.net/shop/brands/lenovo-brands/thinkpad-t16-gen-2-21hh005jed/,1
Mojitech,Lenovo,Thinkpad X13 G2 20XH003SUS Nob,,,,,,759,New,https://mojitech.net/shop/brands/lenovo-brands/thinkpad-x13-g2-20xh003sus-nob/,1
Mojitech,Lenovo,Thinkpad X9 14 Gen 1 Aura Edition,,,,,,,New,https://mojitech.net/shop/brands/lenovo-brands/thinkpad-x9-14-gen-1-aura-edition/,1
Mojitech,LG,Gram 15Z90S H15Z90S H AAB6U1,,,,,,1000,New,https://mojitech.net/shop/brands/lg/lg-gram-15z90s-h15z90s-h-aab6u1/,1
Mojitech,Microsoft,Surface 7 Copilot Zhi 00001 15,,,,,,1889,New,https://mojitech.net/shop/brands/microsoft-brands/microsoft-surface-7-copilot-zhi-00001-15-laptop/,1
Mojitech,Microsoft,Surface,Snapdragon x elite,Integrated Adreno,,,,,New,https://mojitech.net/shop/brands/microsoft-brands/microsoft-surface-laptop-15-copilot-snapdragon-x-elite/,1
Mojitech,Microsoft,Surface,,,,,,2190,New,https://mojitech.net/shop/brands/microsoft-brands/microsoft-surface-laptop-studio/,1
Mojitech,Microsoft,Surface Pro 10,Intel Ultra 7 165u,Integrated,32GB,1TB SSD,,2390,New,https://mojitech.net/shop/brands/microsoft-brands/microsoft-surface-pro-10-core-ultra-7-165u-32gb-1tb-13/,1
Mojitech,Microsoft,Surface Pro 10 Xp7 00001,,,,,,,New,https://mojitech.net/shop/brands/microsoft-brands/microsoft-surface-pro-10-xp7-00001/,1
Mojitech,Microsoft,Surface Pro 11 Copilot Pc Ep2 23860,,,,,,,New,https://mojitech.net/shop/brands/microsoft-brands/microsoft-surface-pro-11-copilot-pc-ep2-23860/,1
Mojitech,Microsoft,Surface Pro 11TH Edition Copilot Plus 2,,,,,,2210,New,https://mojitech.net/shop/brands/microsoft-brands/microsoft-surface-pro-11th-edition-copilot-plus-2/,1
Mojitech,Microsoft,Surface Pro 11TH Edition Copilot Plus,,,,,,1340,New,https://mojitech.net/shop/brands/microsoft-brands/microsoft-surface-pro-11th-edition-copilot-plus/,1
Mojitech,Microsoft,Surface Pro 11TH,Snapdragon x elite,Integrated Adreno,64GB,1TB SSD,,2249,New,https://mojitech.net/shop/brands/microsoft-brands/microsoft-surface-pro-11th-snapdragon-x-elite-64gb-1tb-nvme-13-3/,1
Mojitech,Microsoft,Surface Pro 11TH Zia 00018,,,,,,1359,New,https://mojitech.net/shop/brands/microsoft-brands/microsoft-surface-pro-11th-zia-00018/,1
Mojitech,Microsoft,Surface Pro 9 Ubw 00004,,,,,,,New,https://mojitech.net/shop/brands/microsoft-brands/microsoft-surface-pro-9-ubw-00004/,1
Mojitech,Microsoft,Surface Pro 9 Vq1 00001,,,,,,1900,New,https://mojitech.net/shop/brands/microsoft-brands/microsoft-surface-pro-9-vq1-00001/,1
Mojitech,Microsoft,Surface Pro Copilot Ep2 27658,,,,,,999,New,https://mojitech.net/shop/brands/microsoft-brands/microsoft-surface-pro-copilot-ep2-27658/,1
Mojitech,Microsoft,Surface Pro Copilot Ep2 27770,,,,,,1140,New,https://mojitech.net/shop/brands/microsoft-brands/microsoft-surface-pro-copilot-ep2-27770/,1
Mojitech,Microsoft,Surface Pro Copilot Ep2 33670,,,,,,1045,New,https://mojitech.net/shop/brands/microsoft-brands/microsoft-surface-pro-copilot-ep2-33670/,1
Mojitech,Microsoft,Surface Pro Copilot Ep2 33671,,,,,,1099,New,https://mojitech.net/shop/brands/microsoft-brands/microsoft-surface-pro-copilot-ep2-33671/,1
Mojitech,Microsoft,Surface Pro Copilot Ep2 36695,,,,,,999,New,https://mojitech.net/shop/brands/microsoft-brands/microsoft-surface-pro-copilot-ep2-36695/,1
Mojitech,Microsoft,Surface Pro Copilot Zhx 00001,,,,,,998,New,https://mojitech.net/shop/brands/microsoft-brands/microsoft-surface-pro-copilot-zhx-00001/,1
Mojitech,Microsoft,Surface Pro Copilot,,,,,,1099,New,https://mojitech.net/shop/brands/microsoft-brands/microsoft-surface-pro-copilot/,1
Mojitech,Microsoft,Surface Pro,Snapdragon x elite,Integrated Adreno,,,,1740,New,https://mojitech.net/shop/brands/microsoft-brands/microsoft-surface-pro-snapdragon-x-elite/,1
Mojitech,Microsoft,Surface Pro,Snapdragon x plus,Integrated Adreno,,,,1250,New,https://mojitech.net/shop/brands/microsoft-brands/microsoft-surface-pro-snapdragon-x-plus/,1
Mojitech,Microsoft,Surface Pro Zhx 00009,,,,,,925,New,https://mojitech.net/shop/brands/microsoft-brands/microsoft-surface-pro-zhx-00009/,1
Mojitech,Microsoft,Surface Pro Zhy 00019,,,,,,1214,New,https://mojitech.net/shop/brands/microsoft-brands/microsoft-surface-pro-zhy-00019/,1
Mojitech,Microsoft,Surface Pro Zhy 00042,Snapdragon x plus,Integrated Adreno,16GB,512GB SSD,,1360,New,https://mojitech.net/shop/brands/microsoft-brands/microsoft-surface-pro-zhy-00042-snapdragon-x-plus-16gb-512gb-nvme-13/,1
Mojitech,Microsoft,Surface Pro Zia 00035,,,,,,1450,New,https://mojitech.net/shop/brands/microsoft-brands/microsoft-surface-pro-zia-00035/,1
Mojitech,Microsoft,Surface Pro Zib 00018,,,,,,1559,New,https://mojitech.net/shop/brands/microsoft-brands/microsoft-surface-pro-zib-00018/,1
Mojitech,Microsoft,Surface Pro Zib 00025,,,,,,1698,New,https://mojitech.net/shop/brands/microsoft-brands/microsoft-surface-pro-zib-00025/,1
Mojitech,Microsoft,Surface Studio 2IN1,Intel Core i7-13700H,RTX 4050,32GB,1TB SSD,,,New,https://mojitech.net/shop/brands/microsoft-brands/microsoft-surface-studio-2in1-core-i7-13700h-32gb-1tb-ssd-rtx-4050-14-4-tax-included/,1
Mojitech,Microsoft,Surface Pro 9 Qiy 00007,,,,,,1325,New,https://mojitech.net/shop/brands/microsoft-brands/surface-pro-9-qiy-00007/,1
Mojitech,Microsoft,Surface Pro Copilot Pc,Snapdragon x elite,Integrated Adreno,16GB,512GB SSD,"13""",1339,New,https://mojitech.net/shop/brands/microsoft-brands/surface-pro-copilot-pc-snapdragon-x-elite-16gb-512gb-13-inch/,1
Mojitech,MSI,Creator Z16P 9S7 15G121 040,,,,,,,New,https://mojitech.net/shop/brands/msi-brands/msi-creator-z16p-9s7-15g121-040/,1
Mojitech,MSI,Cyborg 15 A13VE 218US,,,,,,1080,New,https://mojitech.net/shop/brands/msi-brands/msi-cyborg-15-a13ve-218us/,1
Mojitech,MSI,Katana 15 B14WFK 403XLB,,,,,,1500,New,https://mojitech.net/shop/brands/msi-brands/msi-katana-15-b14wfk-403xlb/,1
Mojitech,MSI,Katana 15 B14WGK 016US,,,,,,,New,https://mojitech.net/shop/brands/msi-brands/msi-katana-15-b14wgk-016us/,1
Mojitech,MSI,Katana 15 B14WGK 293US,,,,,,1565,New,https://mojitech.net/shop/brands/msi-brands/msi-katana-15-b14wgk-293us/,1
Mojitech,MSI,Katana 15 B14WGK 404XLB,,,,,,1650,New,https://mojitech.net/shop/brands/msi-brands/msi-katana-15-b14wgk-404xlb/,1
Mojitech,MSI,Katana 15 B14WGK,,,,,,,New,https://mojitech.net/shop/brands/msi-brands/msi-katana-15-b14wgk/,1
Mojitech,MSI,Katana 15 Hx B14W,Intel Core i9,RTX 5060,,,,1500,New,https://mojitech.net/shop/brands/msi-brands/msi-katana-15-hx-b14w-i9-rtx-5060/,1
Mojitech,MSI,Katana 15 Hx B14WFK 020XPL,Intel Core i7-14650HX,RTX 5060 16GB,,512GB SSD,,,New,https://mojitech.net/shop/brands/msi-brands/msi-katana-15-hx-b14wfk-020xpl-i7-14650hx-rtx-5060-16gb-512gb/,1
Mojitech,MSI,Katana 15 Hx B14WFK 9S7 1587C1 403,,,,,,1484,New,https://mojitech.net/shop/brands/msi-brands/msi-katana-15-hx-b14wfk-9s7-1587c1-403/,1
Mojitech,MSI,Katana 15 Hx,Intel Core i9-14900HX,RTX 5060 16GB,,1TB SSD,,1500,New,https://mojitech.net/shop/brands/msi-brands/msi-katana-15-hx-core-i9-14900hx-rtx-5060-16gb-1tb-nvme-15-6/,1
Mojitech,MSI,Katana 17 9S7 17L541 1436,,,,,,1375,New,https://mojitech.net/shop/brands/msi-brands/msi-katana-17-9s7-17l541-1436/,1
Mojitech,MSI,Katana 17 B13VGK 1436US,,,,,,,New,https://mojitech.net/shop/brands/msi-brands/msi-katana-17-b13vgk-1436us/,1
Mojitech,MSI,Katana 17 Hx B14WFK 400XPL,,,,,,1425,New,https://mojitech.net/shop/brands/msi-brands/msi-katana-17-hx-b14wfk-400xpl-gaming-laptop/,1
Mojitech,MSI,Katana A17 Ai B8VG B8VG 859US,,,,,,,New,https://mojitech.net/shop/brands/msi-brands/msi-katana-a17-ai-b8vg-b8vg-859us/,1
Mojitech,MSI,Pulse 16 Ai C1VGKG 077US,,,,,,,New,https://mojitech.net/shop/brands/msi-brands/msi-pulse-16-ai-c1vgkg-077us/,1
Mojitech,MSI,Pulse GL66 12UGKV 470,,,,,,1491,New,https://mojitech.net/shop/brands/msi-brands/msi-pulse-gl66-12ugkv-470/,1
Mojitech,MSI,Raider 16 Max Hx,,RTX 5090,,,,4189,New,https://mojitech.net/shop/brands/msi-brands/msi-raider-16-max-hx-rtx-5090-16-oled-240hz/,1
Mojitech,MSI,Raider 18 Hx 9S7 182432 452,,,,,,4399,New,https://mojitech.net/shop/brands/msi-brands/msi-raider-18-hx-9s7-182432-452/,1
Mojitech,MSI,Raider 18 Hx Ai A2XWHG 437US,,,,,,2824,New,https://mojitech.net/shop/brands/msi-brands/msi-raider-18-hx-ai-a2xwhg-437us-gaming-laptop/,1
Mojitech,MSI,Raider 18 Hx Ai A2XWIG 420US,,RTX 5080,,,,2984,New,https://mojitech.net/shop/brands/msi-brands/msi-raider-18-hx-ai-a2xwig-420us-rtx-5080/,1
Mojitech,MSI,Raider GE68HX 14VGG 287US,,,,,,,New,https://mojitech.net/shop/brands/msi-brands/msi-raider-ge68hx-14vgg-287us/,1
Mojitech,MSI,Raider GE78 Hx 17 0 Inch 2560 X 160,,,,,"17.0""",,New,https://mojitech.net/shop/brands/msi-brands/msi-raider-ge78-hx-17-0-inch-2560-x-160/,1
Mojitech,MSI,Raider GE78 Hx GE78HX 14VGG 252US,,,,,,2225,New,https://mojitech.net/shop/brands/msi-brands/msi-raider-ge78-hx-ge78hx-14vgg-252us/,1
Mojitech,MSI,Stealth 16 Ai Studio 9S7 15F412 246,,,,,,,New,https://mojitech.net/shop/brands/msi-brands/msi-stealth-16-ai-studio-9s7-15f412-246/,1
Mojitech,MSI,Stealth 16 Ai Studio A1VGG 036US,,,,,,,New,https://mojitech.net/shop/brands/msi-brands/msi-stealth-16-ai-studio-a1vgg-036us/,1
Mojitech,MSI,Stealth 16 Ai Studio A1VHG 027US,,,,,,,New,https://mojitech.net/shop/brands/msi-brands/msi-stealth-16-ai-studio-a1vhg-027us/,1
Mojitech,MSI,Stealth 16 Ai Studio,Intel Ultra 9 185h,RTX 4080 64GB,,1TB SSD,,,New,https://mojitech.net/shop/brands/msi-brands/msi-stealth-16-ai-studio-ultra-9-185h-rtx-4080-64gb-1tb-16/,1
Mojitech,MSI,Stealth 18 Ai Studio A1VHG 019US,,,,,,,New,https://mojitech.net/shop/brands/msi-brands/msi-stealth-18-ai-studio-a1vhg-019us/,1
Mojitech,MSI,Stealth A16 Ai 9S7 15FK15 002,,,,,,,New,https://mojitech.net/shop/brands/msi-brands/msi-stealth-a16-ai-9s7-15fk15-002/,1
Mojitech,MSI,Sword 15 A12VE 1400,,,,,,,New,https://mojitech.net/shop/brands/msi-brands/msi-sword-15-a12ve-1400/,1
Mojitech,MSI,Thin 15 B12U,,,,,,,New,https://mojitech.net/shop/brands/msi-brands/msi-thin-15-b12u-gaming-laptop/,1
Mojitech,MSI,Thin 15 B12UCX 1415AU,,,,,,,New,https://mojitech.net/shop/brands/msi-brands/msi-thin-15-b12ucx-1415au/,1
Mojitech,MSI,Thin 15 B12VE 2023US,,,,,,,New,https://mojitech.net/shop/brands/msi-brands/msi-thin-15-b12ve-2023us/,1
Mojitech,MSI,Thin 15 B13UC 1000US,,,,,,,New,https://mojitech.net/shop/brands/msi-brands/msi-thin-15-b13uc-1000us/,1
Mojitech,MSI,Thin 15 B13UC,Intel Core i7-13620H,RTX 3050 8GB,,512GB SSD,,,New,https://mojitech.net/shop/brands/msi-brands/msi-thin-15-b13uc-core-i7-13620h-rtx-3050-8gb-512gb-nvme-15-6/,1
Mojitech,MSI,Thin 15 B13UCX 1616AU,,,,,,,New,https://mojitech.net/shop/brands/msi-brands/msi-thin-15-b13ucx-1616au/,1
Mojitech,MSI,Thin 15 B13UDX 3070AU 9S7 16R831 3070,,,,,,985,New,https://mojitech.net/shop/brands/msi-brands/msi-thin-15-b13udx-3070au-9s7-16r831-3070/,1
Mojitech,MSI,Thin 15 B13VE 1451US,,,,,,,New,https://mojitech.net/shop/brands/msi-brands/msi-thin-15-b13ve-1451us/,1
Mojitech,MSI,Thin 15 B13VE 1470XRO 9S7 16R831 1470,,,,,,,New,https://mojitech.net/shop/brands/msi-brands/msi-thin-15-b13ve-1470xro-9s7-16r831-1470/,1
Mojitech,MSI,Thin 15,Intel Core i5-13420H,RTX 2050 16GB,,512GB SSD,,,New,https://mojitech.net/shop/brands/msi-brands/msi-thin-15-core-i5-13420h-rtx-2050-16gb-512gb-nvme-15-6/,1
Mojitech,MSI,Thin A15 B7466,,,,,,,New,https://mojitech.net/shop/brands/msi-brands/msi-thin-a15-b7466/,1
Mojitech,MSI,Thin GF63 12UCX 898US,,,,,,639,New,https://mojitech.net/shop/brands/msi-brands/msi-thin-gf63-12ucx-898us/,1
Mojitech,MSI,Titan 18 Hx Ai A2XWJG 614US,,,,,,,New,https://mojitech.net/shop/brands/msi-brands/msi-titan-18-hx-ai-a2xwjg-614us/,1
Mojitech,MSI,Vector 16 6HXA2400,,,,,,2689,New,https://mojitech.net/shop/brands/msi-brands/msi-vector-16-6hxa2400/,1
Mojitech,MSI,Vector 16 9S7 15M352 083,,,,,,,New,https://mojitech.net/shop/brands/msi-brands/msi-vector-16-9s7-15m352-083/,1
Mojitech,MSI,Vector 16 Hx Ai 400 9S7 15M352 267,,,,,,2250,New,https://mojitech.net/shop/brands/msi-brands/msi-vector-16-hx-ai-400-9s7-15m352-267/,1
Mojitech,MSI,Vector 16 Hx Ai 9S7 15M351 297,,,,,,2649,New,https://mojitech.net/shop/brands/msi-brands/msi-vector-16-hx-ai-9s7-15m351-297/,1
Mojitech,MSI,Vector 16 Hx Ai A14VHG 692US,,,,,,2154,New,https://mojitech.net/shop/brands/msi-brands/msi-vector-16-hx-ai-a14vhg-692us/,1
Mojitech,MSI,Vector 16 Hx Ai A14VIG 693US,,,,,,,New,https://mojitech.net/shop/brands/msi-brands/msi-vector-16-hx-ai-a14vig-693us/,1
Mojitech,MSI,Vector 16 Hx Ai A2XWHG 061US,,,,,,1891,New,https://mojitech.net/shop/brands/msi-brands/msi-vector-16-hx-ai-a2xwhg-061us/,1
Mojitech,MSI,Vector 16 Hx Ai A2XWHG 275US,,,,,,1879,New,https://mojitech.net/shop/brands/msi-brands/msi-vector-16-hx-ai-a2xwhg-275us/,1
Mojitech,MSI,Vector 16 Hx Ai A2XWIG 400US,Intel Ultra 9,RTX 5080 16GB,,1TB SSD,,2619,New,https://mojitech.net/shop/brands/msi-brands/msi-vector-16-hx-ai-a2xwig-400us-ultra-9-rtx-5080-16gb-1tb/,1
Mojitech,MSI,Vector 16 Hx Ai A2XWIG 400US,,,,,,2619,New,https://mojitech.net/shop/brands/msi-brands/msi-vector-16-hx-ai-a2xwig-400us/,1
Mojitech,MSI,Vector 16 Hx Ai A2XWIG,,,,,,2859,New,https://mojitech.net/shop/brands/msi-brands/msi-vector-16-hx-ai-a2xwig/,1
Mojitech,MSI,Vector 16 Hx Ai A2XWJG,Intel Ultra 9,RTX 5090,,,,3489,New,https://mojitech.net/shop/brands/msi-brands/msi-vector-16-hx-ai-a2xwjg-ultra-9-rtx-5090/,1
Mojitech,Raider,18 Hx Ai A2XWIG 418US,Intel Ultra 9 285hx,,64GB,2TB SSD,,,New,https://mojitech.net/shop/brands/msi-brands/raider-18-hx-ai-a2xwig-418us-ultra-9-285hx-5080-64gb-2tb-18-tax-included/,1
Mojitech,MSI,Cyborg 15 Ai A1VFK,Intel Ultra 7 155h,RTX 4060,16GB,1TB SSD,,1228,New,https://mojitech.net/shop/brands/msi-cyborg-15-ai-a1vfk-core-ultra-7-155h-1tb-16gb-rtx4060-15-6-tax-included/,1
Mojitech,MSI,Raider GE78,Intel Core i9-14900HX,RTX 4090,64GB,2TB SSD,,3829,New,https://mojitech.net/shop/brands/msi-raider-ge78-core-i9-14900hx-2tb-ssd-64gb-rtx4090-17-3-tax-included/,1
Mojitech,Razer,Blade 16 Gaming RZ09 05102EN4 R3U1,,,,,,4095,New,https://mojitech.net/shop/brands/razer/razer-blade-16-gaming-rz09-05102en4-r3u1/,1
Mojitech,Razer,Blade 18,Intel Ultra 9,RTX 5090,,,,5075,New,https://mojitech.net/shop/brands/razer/razer-blade-18-core-ultra-9-rtx-5090-gaming-laptop-rz09-05299er4-r3u1/,1
Mojitech,Razer,Blade 18,Intel Core i9-13980HX,RTX 4090 64GB,,2TB SSD,,4894,New,https://mojitech.net/shop/brands/razer/razer-blade-18-gaming-core-i9-13980hx-rtx-4090-64gb-2tb-nvme-18-1-year-warranty-tax-included/,1
Mojitech,Razer,Blade 18 RZ09 05092EP9 R3U1,,,,,,5499,New,https://mojitech.net/shop/brands/razer/razer-blade-18-rz09-05092ep9-r3u1/,1
Mojitech,Razer,Blade 18,Intel Ultra 9 275hx,RTX 5090 32GB,,2TB SSD,,5490,New,https://mojitech.net/shop/brands/razer/razer-blade-18-ultra-9-275hx-rtx-5090-32gb-2tb-nvme-18/,1
Mojitech,Galaxy,Book 3,,,,,,,New,https://mojitech.net/shop/brands/samsung/galaxy-book-3-ultra-np960xfh-xa3us/,1
Mojitech,Samsung,Galaxy Book 3 NP730XFG KB2US,,,,,,,New,https://mojitech.net/shop/brands/samsung/samsung-galaxy-book-3-np730xfg-kb2us/,1
Mojitech,Samsung,Galaxy Book 3 NP750XFG KB2US,,,,,,,New,https://mojitech.net/shop/brands/samsung/samsung-galaxy-book-3-np750xfg-kb2us/,1
Mojitech,Acer,Aspire 14 Ai A14 52M 72FH,Intel Ultra 7 256v,Integrated,,,,,New,https://mojitech.net/shop/laptops/acer-aspire-14-ai-a14-52m-72fh-ultra-7-256v-laptop/,1
Mojitech,Acer,Aspire 14 Ai A14 52MT 701K,,,,,,,New,https://mojitech.net/shop/laptops/acer-aspire-14-ai-a14-52mt-701k/,1
Mojitech,Acer,Aspire 14 Ai ULTRA5 14 Fhd Touch,Intel Ultra 5,Integrated,,,,,New,https://mojitech.net/shop/laptops/acer-aspire-14-ai-ultra5-14-fhd-touch/,1
Mojitech,Acer,Aspire 14 Ai ULTRA9 14 Fhd Touch,Intel Ultra 9,Integrated,,,,1179,New,https://mojitech.net/shop/laptops/acer-aspire-14-ai-ultra9-14-fhd-touch/,1
Mojitech,Acer,Aspire 3 Spin 14 A3SP14 31PT 32M6,,,,,,,New,https://mojitech.net/shop/laptops/acer-aspire-3-spin-14-a3sp14-31pt-32m6/,1
Mojitech,Acer,Aspire 3 Spin 14 A3SP14 31PT 38YA,,,,,,,New,https://mojitech.net/shop/laptops/acer-aspire-3-spin-14-a3sp14-31pt-38ya/,1
Mojitech,Acer,Chromebook Plus 514 CB514 4Ht 359X,,,,,,399,New,https://mojitech.net/shop/laptops/acer-chromebook-plus-514-cb514-4ht-359x/,1
Mojitech,Acer,Aspire 3 A315 510P 35ZJ,,,,,,,New,https://mojitech.net/shop/laptops/acer-laptops/acer-aspire-3-a315-510p-35zj/,1
Mojitech,Acer,Nitro 15 ANV15 52 70SQ NHQUASA001,,,,,,,New,https://mojitech.net/shop/laptops/acer-nitro-15-anv15-52-70sq-nhquasa001/,1
Mojitech,Acer,Nitro V 15 ANV15 52 778V,,,,,,,New,https://mojitech.net/shop/laptops/acer-nitro-v-15-anv15-52-778v/,1
Mojitech,Acer,Nitro V 16S ANV16S 71 7771,Intel Core 7,RTX 5060,,,,1145,New,https://mojitech.net/shop/laptops/acer-nitro-v-16s-anv16s-71-7771-core-7-rtx-5060/,1
Mojitech,Acer,Nitro V 16S,Intel Core 9,RTX 5070 16GB,,1TB SSD,,,New,https://mojitech.net/shop/laptops/acer-nitro-v-16s-core-9-rtx-5070-16gb-1tb/,1
Mojitech,Acer,Nitro V Slim ANV16S 71 97BE,,,,,,1550,New,https://mojitech.net/shop/laptops/acer-nitro-v-slim-anv16s-71-97be/,1
Mojitech,Acer,Nitro V15 ANV15 52 92DD,Intel Core i9,RTX 5060,,,,1239,New,https://mojitech.net/shop/laptops/acer-nitro-v15-anv15-52-92dd-i9-rtx-5060-165hz-gaming-laptop/,1
Mojitech,Acer,Nitro V15,Intel Core i9-13900H,RTX 5060 32GB,,512GB SSD,,1249,New,https://mojitech.net/shop/laptops/acer-nitro-v15-core-i9-13900h-rtx-5060-32gb-512gb-nvme-15-6-tax-included/,1
Mojitech,Acer,Predator Helios Neo 16 PHN16 71 98TT,,,,,,,New,https://mojitech.net/shop/laptops/acer-predator-helios-neo-16-phn16-71-98tt/,1
Mojitech,Acer,Predator Helios Neo 16S Ai PHN16S 71 99BR,Intel Ultra 9,RTX 5070 Ti,,,,,New,https://mojitech.net/shop/laptops/acer-predator-helios-neo-16s-ai-phn16s-71-99br-ultra-9-rtx-5070-ti/,1
Mojitech,Acer,Travelmate TMP214 55 77AC,Intel Core i7,Integrated,16GB,512GB SSD,,740,New,https://mojitech.net/shop/laptops/acer-travelmate-tmp214-55-77ac-core-i7-16gb-512gb/,1
Mojitech,Acer,Travelmate TMP216 51 71HW,Intel Core i7,Integrated,,,,750,New,https://mojitech.net/shop/laptops/acer-travelmate-tmp216-51-71hw-core-i7/,1
Mojitech,Dell,Alienware 16 Aurora,,,,,,1429,New,https://mojitech.net/shop/laptops/alienware-16-aurora-laptop/,1
Mojitech,Dell,Alienware 16X Aurora,,,,,,2274,New,https://mojitech.net/shop/laptops/alienware-16x-aurora-laptop/,1
Mojitech,ASUS,Proart P16 H7606WP RJ132W,AMD Ryzen AI 9 370,Integrated AMD Radeon,,,,3319,New,https://mojitech.net/shop/laptops/asus-proart-p16-h7606wp-rj132w-ryzen-ai-9-hx-370/,1
Mojitech,ASUS,Proart PX13 Gopro Edition,AMD Ryzen AI Max+ 395,Integrated AMD Radeon,,,,4485,New,https://mojitech.net/shop/laptops/asus-proart-px13-gopro-edition-ryzen-ai-max-395/,1
Mojitech,ASUS,Proart PZ13 Copilot HT5306QA LX012W,,,,,,1239,New,https://mojitech.net/shop/laptops/asus-proart-pz13-copilot-ht5306qa-lx012w/,1
Mojitech,ASUS,Rog Flow Z13 90NR0GF2 M000F0,,,,,,,New,https://mojitech.net/shop/laptops/asus-rog-flow-z13-90nr0gf2-m000f0/,1
Mojitech,ASUS,Rog Flow Z13 GZ302EA RU023W Q K,,,,,,,New,https://mojitech.net/shop/laptops/asus-rog-flow-z13-gz302ea-ru023w-q-k/,1
Mojitech,ASUS,Rog Flow Z13,AMD Ryzen AI Max+ 395,,128GB,128GB SSD,,3683,New,https://mojitech.net/shop/laptops/asus-rog-flow-z13-ryzen-ai-max-395-128gb/,1
Mojitech,ASUS,Rog Flow Z13,AMD Ryzen AI Max+ 395,,64GB,,,2548,New,https://mojitech.net/shop/laptops/asus-rog-flow-z13-ryzen-ai-max-395-64gb/,1
Mojitech,ASUS,Rog Strix G16,Intel Ultra 9,RTX 5070 Ti 32GB,32GB,,,2839,New,https://mojitech.net/shop/laptops/asus-rog-strix-g16-core-ultra-9-rtx-5070-ti-32gb/,1
Mojitech,ASUS,Rog Strix G16 G615LW CS94,,,,,,2550,New,https://mojitech.net/shop/laptops/asus-rog-strix-g16-g615lw-cs94/,1
Mojitech,ASUS,Rog Strix G16,,,,,,,New,https://mojitech.net/shop/laptops/asus-rog-strix-g16-laptop/,1
Mojitech,ASUS,Rog Strix G18 G814JI N6063W,,,,,,2399,New,https://mojitech.net/shop/laptops/asus-rog-strix-g18-g814ji-n6063w/,1
Mojitech,ASUS,Rog Strix G18 G815LR IS97 RTX5070TI,,RTX 5070 Ti,,,,,New,https://mojitech.net/shop/laptops/asus-rog-strix-g18-g815lr-is97-rtx5070ti/,1
Mojitech,ASUS,Rog Strix G18 G815LR S8113,,,,,,,New,https://mojitech.net/shop/laptops/asus-rog-strix-g18-g815lr-s8113/,1
Mojitech,ASUS,Rog Strix G18 G815LW G18U95080,,,,,,3325,New,https://mojitech.net/shop/laptops/asus-rog-strix-g18-g815lw-g18u95080/,1
Mojitech,ASUS,Rog Strix G635LX S5156 Scar Edition,,,,,,4189,New,https://mojitech.net/shop/laptops/asus-rog-strix-g635lx-s5156-scar-edition/,1
Mojitech,ASUS,Rog Strix Scar 15 G533ZW XS96,,,,,,,New,https://mojitech.net/shop/laptops/asus-rog-strix-scar-15-g533zw-xs96/,1
Mojitech,ASUS,Rog Strix Scar 16,Intel Ultra 9,RTX 5080 64GB,,,,4089,New,https://mojitech.net/shop/laptops/asus-rog-strix-scar-16-ultra-9-rtx-5080-64gb/,1
Mojitech,ASUS,Rog Strix Scar 17 G733PYV LL059W,,,,,,3249,New,https://mojitech.net/shop/laptops/asus-rog-strix-scar-17-g733pyv-ll059w/,1
Mojitech,ASUS,Rog Strix Scar 18 G733PYVLL059W,,,,,,4150,New,https://mojitech.net/shop/laptops/asus-rog-strix-scar-18-g733pyvll059w/,1
Mojitech,ASUS,Rog Strix Scar 18 G835LX S9113,,,,,,5064,New,https://mojitech.net/shop/laptops/asus-rog-strix-scar-18-g835lx-s9113/,1
Mojitech,ASUS,Rog Strix Scar 18 G835LX XS98 90NR0LF1 M00730,Intel Ultra 9 275hx,,64GB,2TB SSD,,,New,https://mojitech.net/shop/laptops/asus-rog-strix-scar-18-g835lx-xs98-90nr0lf1-m00730-ultra-9-275hx-2tb-nvme-64gb-rtxtm-5090-24gb-18-2-5k/,1
Mojitech,ASUS,Rog Strix Scar G16 G635LX S5200,,,,,,4959,New,https://mojitech.net/shop/laptops/asus-rog-strix-scar-g16-g635lx-s5200/,1
Mojitech,ASUS,Rog Strix Scar G18 G835LW S9095,,,,,,3239,New,https://mojitech.net/shop/laptops/asus-rog-strix-scar-g18-g835lw-s9095/,1
Mojitech,ASUS,Rog Strix Scar G18 G835LX S9110,,,,,,,New,https://mojitech.net/shop/laptops/asus-rog-strix-scar-g18-g835lx-s9110/,1
Mojitech,ASUS,Rog Strix Scar G18 G835LX SA129X,,,,,,4635,New,https://mojitech.net/shop/laptops/asus-rog-strix-scar-g18-g835lx-sa129x/,1
Mojitech,ASUS,Rog Zephyrus Duo,Intel Ultra 9,RTX 5090 64GB,,,,7489,New,https://mojitech.net/shop/laptops/asus-rog-zephyrus-duo-ultra-9-rtx-5090-64gb/,1
Mojitech,ASUS,Rog Zephyrus G14 GA403UM G14 R9HX4,,,,,,,New,https://mojitech.net/shop/laptops/asus-rog-zephyrus-g14-ga403um-g14-r9hx4/,1
Mojitech,ASUS,Rog Zephyrus G14 GA403WR G14 R95070TI 2,,,,,,,New,https://mojitech.net/shop/laptops/asus-rog-zephyrus-g14-ga403wr-g14-r95070ti-2/,1
Mojitech,ASUS,Rog Zephyrus G14 GA403WR QS116,,,,,,,New,https://mojitech.net/shop/laptops/asus-rog-zephyrus-g14-ga403wr-qs116/,1
Mojitech,ASUS,Rog Zephyrus G14,AMD Ryzen AI 9,RTX 5080 32GB,,2TB SSD,,3029,New,https://mojitech.net/shop/laptops/asus-rog-zephyrus-g14-ryzen-ai-9-hx-rtx-5080-32gb-2tb-nvme-14/,1
Mojitech,ASUS,Rog Zephyrus G16 90NROIQ5 M004L0,,,,,,3099,New,https://mojitech.net/shop/laptops/asus-rog-zephyrus-g16-90nroiq5-m004l0/,1
Mojitech,ASUS,Rog Zephyrus G16 GU605CP U95070,,,,,,1808,New,https://mojitech.net/shop/laptops/asus-rog-zephyrus-g16-gu605cp-u95070/,1
Mojitech,ASUS,Rog Zephyrus G16 GU605CR G16 U95070TI,,,,,,2839,New,https://mojitech.net/shop/laptops/asus-rog-zephyrus-g16-gu605cr-g16-u95070ti/,1
Mojitech,ASUS,Rog Zephyrus G16 GU605CR QR161,,,,,,,New,https://mojitech.net/shop/laptops/asus-rog-zephyrus-g16-gu605cr-qr161/,1
Mojitech,ASUS,Rog Zephyrus G16 GU605CX QR098,,,,,,4989,New,https://mojitech.net/shop/laptops/asus-rog-zephyrus-g16-gu605cx-qr098/,1
Mojitech,ASUS,Rog Zephyrus G16 GU605CX QR099,,,,,,4895,New,https://mojitech.net/shop/laptops/asus-rog-zephyrus-g16-gu605cx-qr099/,1
Mojitech,ASUS,Rog Zephyrus G16 GU605CX QR145,,,,,,4889,New,https://mojitech.net/shop/laptops/asus-rog-zephyrus-g16-gu605cx-qr145/,1
Mojitech,ASUS,Rog Zephyrus G16 GU605MI G16,,,,,,2239,New,https://mojitech.net/shop/laptops/asus-rog-zephyrus-g16-gu605mi-g16/,1
Mojitech,ASUS,Rog Zephyrus G16 GU605MZ White,,,,,,2845,New,https://mojitech.net/shop/laptops/asus-rog-zephyrus-g16-gu605mz-white/,1
Mojitech,ASUS,Rog Zephyrus G16 GU605MZ,,,,,,2845,New,https://mojitech.net/shop/laptops/asus-rog-zephyrus-g16-gu605mz/,1
Mojitech,ASUS,Tuf A16 FA617NT FA617NT A16 R77700,,,,,,,New,https://mojitech.net/shop/laptops/asus-tuf-a16-fa617nt-fa617nt-a16-r77700/,1
Mojitech,ASUS,Tuf A16,,,,,,,New,https://mojitech.net/shop/laptops/asus-tuf-a16/,1
Mojitech,ASUS,Tuf A18,,,,,,,New,https://mojitech.net/shop/laptops/asus-tuf-a18/,1
Mojitech,ASUS,Tuf F16,Intel Core i7-14650HX,RTX 5070 16GB,,1TB SSD,,,New,https://mojitech.net/shop/laptops/asus-tuf-f16-core-i7-14650hx-rtx-5070-16gb-1tb-16/,1
Mojitech,ASUS,Tuf F16 FX608JMR RV070W,,,,,,1390,New,https://mojitech.net/shop/laptops/asus-tuf-f16-fx608jmr-rv070w/,1
Mojitech,ASUS,Tuf F16 FX608JPR WH74,,,,,,1539,New,https://mojitech.net/shop/laptops/asus-tuf-f16-fx608jpr-wh74/,1
Mojitech,ASUS,Tuf F16,Intel Core i7-14650HX,RTX 5060 8GB,16GB,512GB SSD,"16.0""",1390,New,https://mojitech.net/shop/laptops/asus-tuf-f16-intel-core-i7-14650hx-512gb-ssd-16gb-ddr5-16-0-inch-1920x1200-nvidia-geforce-rtx-5060-8gb-w11h-grey-3-year-warranty-90nr0nb1-m004b0-tf/,1
Mojitech,ASUS,Tuf F16,,,,,,1390,New,https://mojitech.net/shop/laptops/asus-tuf-f16-laptop/,1
Mojitech,ASUS,Tuf Gaming F16,Intel Core i7,RTX 5060 32GB,,,,1649,New,https://mojitech.net/shop/laptops/asus-tuf-gaming-f16-core-i7-rtx-5060-32gb/,1
Mojitech,ASUS,Tuff F1515 6,Intel Core i7,RTX 4070,,,,1598,New,https://mojitech.net/shop/laptops/asus-tuff-f1515-6-core-i7-rtx4070/,1
Mojitech,ASUS,Vivobook 15 A1504VA NJ536 90NB10J2 M00H70,,,,,,,New,https://mojitech.net/shop/laptops/asus-vivobook-15-a1504va-nj536-90nb10j2-m00h70/,1
Mojitech,ASUS,Vivobook 15 F1504V NJ3604,Intel Core i3-1315U,Integrated,8GB,512GB SSD,,,New,https://mojitech.net/shop/laptops/asus-vivobook-15-f1504v-nj3604-i3-1315u-8gb-512gb-laptop/,1
Mojitech,ASUS,Vivobook 15 F1504VA,Intel Core i3,Integrated,,,,,New,https://mojitech.net/shop/laptops/asus-vivobook-15-f1504va-i3/,1
Mojitech,ASUS,Vivobook 15 F1504ZA WH52,,,,,,,New,https://mojitech.net/shop/laptops/asus-vivobook-15-f1504za-wh52/,1
Mojitech,ASUS,Vivobook 15 R1504VA CORE5,Intel Core 5,Integrated,,,,,New,https://mojitech.net/shop/laptops/asus-vivobook-15-r1504va-core5/,1
Mojitech,ASUS,Vivobook 15 X1504VA BQ1025,Intel Core i7-1355U,Integrated,,,,579,New,https://mojitech.net/shop/laptops/asus-vivobook-15-x1504va-bq1025-core-i7-1355u-laptop/,1
Mojitech,ASUS,Vivobook 15 X1504VA BQ3988,Intel Core 7 150u,Integrated,,,,,New,https://mojitech.net/shop/laptops/asus-vivobook-15-x1504va-bq3988-core-7-150u-laptop/,1
Mojitech,ASUS,Vivobook 15 X1504VA CORE7,Intel Core 7,Integrated,,,,,New,https://mojitech.net/shop/laptops/asus-vivobook-15-x1504va-core7/,1
Mojitech,ASUS,Vivobook 15 X1504VA NJ1924,Intel Core i5-1334U,Integrated,,,,539,New,https://mojitech.net/shop/laptops/asus-vivobook-15-x1504va-nj1924-core-i5-1334u-laptop/,1
Mojitech,ASUS,Vivobook 15 X1504VA NJ379 90NB10J2 M00H40,,,,,,,New,https://mojitech.net/shop/laptops/asus-vivobook-15-x1504va-nj379-90nb10j2-m00h40/,1
Mojitech,ASUS,Vivobook 15 X1504VA NJ380,,,,,,,New,https://mojitech.net/shop/laptops/asus-vivobook-15-x1504va-nj380/,1
Mojitech,ASUS,Vivobook F1504VAP CORE5 15 6 Fhd,Intel Core 5,Integrated,,,,,New,https://mojitech.net/shop/laptops/asus-vivobook-f1504vap-core5-15-6-fhd/,1
Mojitech,ASUS,Vivobook Flip 14 TP3407SA DS74T,Intel Ultra 7 256v,Integrated,,,,,New,https://mojitech.net/shop/laptops/asus-vivobook-flip-14-tp3407sa-ds74t-ultra-7-256v/,1
Mojitech,ASUS,Vivobook Go 15 90NB1022 M00B00,,,,,,486,New,https://mojitech.net/shop/laptops/asus-vivobook-go-15-90nb1022-m00b00/,1
Mojitech,ASUS,Vivobook Go 15 E1504FA NJ287 90NB0ZR2 M01190,,,,,,384,New,https://mojitech.net/shop/laptops/asus-vivobook-go-15-e1504fa-nj287-90nb0zr2-m01190/,1
Mojitech,ASUS,Vivobook S 16 Flip 2 In 1 TN3604YA AS76,,,,,,,New,https://mojitech.net/shop/laptops/asus-vivobook-s-16-flip-2-in-1-tn3604ya-as76/,1
Mojitech,ASUS,Vivobook S 16 Flip 2 In 1 TP3604VA IS93T,,,,,,,New,https://mojitech.net/shop/laptops/asus-vivobook-s-16-flip-2-in-1-tp3604va-is93t/,1
Mojitech,ASUS,Vivobook S16 M3607GA IS99T,AMD Ryzen AI 9,Integrated AMD Radeon,32GB,1TB SSD,,1425,New,https://mojitech.net/shop/laptops/asus-vivobook-s16-m3607ga-is99t-ryzen-ai-9-32gb-1tb-laptop/,1
Mojitech,ASUS,Vivobook S16 S5606CA SB92,Intel Ultra 9 285h,Integrated,,,,,New,https://mojitech.net/shop/laptops/asus-vivobook-s16-s5606ca-sb92-ultra-9-285h-laptop/,1
Mojitech,ASUS,Vivobook X1502ZA EJ1629W,,,,,,1344,New,https://mojitech.net/shop/laptops/asus-vivobook-x1502za-ej1629w/,1
Mojitech,ASUS,Zephyrus G14 GA402NU G14 R74050,,,,,,,New,https://mojitech.net/shop/laptops/asus-zephyrus-g14-ga402nu-g14-r74050/,1
Mojitech,Dell,14 Plus 2 In 1 LDB04250 7137BLU Pus,,,,,,,New,https://mojitech.net/shop/laptops/dell-14-plus-2-in-1-ldb04250-7137blu-pus-laptop/,1
Mojitech,Dell,14 Plus,Intel Ultra 9 288v,Integrated,32GB,1TB SSD,,2089,New,https://mojitech.net/shop/laptops/dell-14-plus-ultra-9-288v-32gb-1tb-laptop/,1
Mojitech,Dell,15 DC15250,Intel Core i3,Integrated,8GB,512GB SSD,,350,New,https://mojitech.net/shop/laptops/dell-15-dc15250-core-i3-100u-8gb-512gb-15-6/,1
Mojitech,Dell,15 DC15250,,,,,,,New,https://mojitech.net/shop/laptops/dell-15-dc15250-laptop/,1
Mojitech,Dell,15 DC15250,AMD Ryzen 5 7530u,Integrated AMD Radeon,,,,705,New,https://mojitech.net/shop/laptops/dell-15-dc15250-ryzen-5-7530u-laptop/,1
Mojitech,Dell,15 DC15255,AMD Ryzen 7,Integrated AMD Radeon,,,,599,New,https://mojitech.net/shop/laptops/dell-15-dc15255-ryzen-7-laptop/,1
Mojitech,Dell,Alienware 16 Area 51 AWN0187704,,RTX 5080,,,,3089,New,https://mojitech.net/shop/laptops/dell-alienware-16-area-51-awn0187704-rtx-5080/,1
Mojitech,Dell,Alienware 16 Area 51 AWN0187724,,RTX 5070,,,,2589,New,https://mojitech.net/shop/laptops/dell-alienware-16-area-51-awn0187724-rtx-5070/,1
Mojitech,Dell,Alienware 16 Area 51 AWN0188122,,RTX 5080,,,,3289,New,https://mojitech.net/shop/laptops/dell-alienware-16-area-51-awn0188122-rtx-5080/,1
Mojitech,Dell,Alienware 16 Area 51 Gaming AWN0188123 R0029299 Sa,Intel Ultra 9 275hx,RTX 5090 24GB,32GB,2TB SSD,,3989,New,https://mojitech.net/shop/laptops/dell-alienware-16-area-51-gaming-awn0188123-r0029299-sa-ultra-9-275hx-rtx-5090-24gb-32gb-ddr5-2tb-nvme-16-2560x1600-240hz/,1
Mojitech,Dell,Alienware 16 Aurora,,,,,,1197,New,https://mojitech.net/shop/laptops/dell-alienware-16-aurora-laptop/,1
Mojitech,Dell,Alienware 16X Aurora,,RTX 5060,,,,,New,https://mojitech.net/shop/laptops/dell-alienware-16x-aurora-rtx-5060-120hz/,1
Mojitech,Dell,Alienware 16X Aurora,Intel Ultra 9 275hx,RTX 5070 32GB,,2TB SSD,,2099,New,https://mojitech.net/shop/laptops/dell-alienware-16x-aurora-ultra-9-275hx-rtx-5070-32gb-2tb-16/,1
Mojitech,Dell,Alienware 18 Area 51,Intel Ultra 9 275hx,RTX 5090 64GB,,2TB SSD,,,New,https://mojitech.net/shop/laptops/dell-alienware-18-area-51-ultra-9-275hx-rtx-5090-64gb-2tb-nvme-18/,1
Mojitech,Dell,Alienware Aurora 16,Intel Core 7 240h,RTX 5050 16GB,,1TB SSD,,1099,New,https://mojitech.net/shop/laptops/dell-alienware-aurora-16-core-7-240h-rtx-5050-16gb-1tb-16-tax-included/,1
Mojitech,Dell,Alienware Aurora 16,,,,,,1480,New,https://mojitech.net/shop/laptops/dell-alienware-aurora-16-laptop/,1
Mojitech,Dell,Alienware LAC16250,,RTX 5050,,,,1140,New,https://mojitech.net/shop/laptops/dell-alienware-lac16250-rtx-5050-laptop/,1
Mojitech,Dell,Alienware M16 R2 USEASHBTSM16R2MTLGRRW,,,,,,,New,https://mojitech.net/shop/laptops/dell-alienware-m16-r2-useashbtsm16r2mtlgrrw/,1
Mojitech,Dell,Alienware M18,AMD Ryzen 9 7845hx,RTX 4080,32GB,2TB SSD,,,New,https://mojitech.net/shop/laptops/dell-alienware-m18-gaming-ryzen-9-7845hx-32gb-2tb-ssd-nvme-rtx-4080-18fhd/,1
Mojitech,Dell,Alienware M18R2,,,,,,,New,https://mojitech.net/shop/laptops/dell-alienware-m18r2/,1
Mojitech,Dell,Inspiron 14 2 In 1 7445 5333,,,,,"14.2"" touch",555,New,https://mojitech.net/shop/laptops/dell-inspiron-14-2-in-1-7445-5333/,1
Mojitech,Dell,Inspiron 14 I7430 7374SLV Pus,,,,,,,New,https://mojitech.net/shop/laptops/dell-inspiron-14-i7430-7374slv-pus/,1
Mojitech,Dell,Inspiron 14 I7441 SX10838BLU Pus,,,,,,,New,https://mojitech.net/shop/laptops/dell-inspiron-14-i7441-sx10838blu-pus/,1
Mojitech,Dell,Inspiron 14 X360 I7440 5647BLU Pus,Intel Core 5 120u,Integrated,,,,,New,https://mojitech.net/shop/laptops/dell-inspiron-14-x360-i7440-5647blu-pus-core-5-120u/,1
Mojitech,Dell,Inspiron 15 3520,Intel Core i5-1235U,Integrated,8GB,512GB SSD,,,New,https://mojitech.net/shop/laptops/dell-inspiron-15-3520-core-i5-1235u-8gb-512gb-nvme-15-6-tax-free/,1
Mojitech,Dell,Inspiron 16 62J95 I7640 7366BLU Pu,,,,,,834,New,https://mojitech.net/shop/laptops/dell-inspiron-16-62j95-i7640-7366blu-pu/,1
Mojitech,Dell,Inspiron 7441,Snapdragon x plus,Integrated Adreno,,,,889,New,https://mojitech.net/shop/laptops/dell-inspiron-7441-snapdragon-x-plus-x1p-64-100-laptop/,1
Mojitech,Dell,Inspiron 7720,Intel Core i7-1355U,GeForce MX550,16GB,1TB SSD,,,New,https://mojitech.net/shop/laptops/dell-inspiron-7720-core-i7-1355u-16gb-1tb-ssd-mx550-27/,1
Mojitech,Dell,Inspiron I3530 5067BLK Pus,,,,,,,New,https://mojitech.net/shop/laptops/dell-inspiron-i3530-5067blk-pus/,1
Mojitech,Dell,Inspiron I5640 CORE7 16 Fhd Touch,Intel Core 7,Integrated,,,,,New,https://mojitech.net/shop/laptops/dell-inspiron-i5640-core7-16-fhd-touch/,1
Mojitech,Dell,Plus 16 I6250 ULTRA9,Intel Ultra 9,Integrated Intel Arc,,,,1589,New,https://mojitech.net/shop/laptops/dell-plus-16-i6250-ultra9-intel-arc-16-touch/,1
Mojitech,Dell,Plus 2 In 1 16,Intel Ultra 9 288v,Integrated,,,,1989,New,https://mojitech.net/shop/laptops/dell-plus-2-in-1-16-core-ultra-9-288v-copilot-pc/,1
Mojitech,Dell,Xps 13 Copilot XPS9345 SX12807BLK,,,,,,1394,New,https://mojitech.net/shop/laptops/dell-xps-13-copilot-xps9345-sx12807blk/,1
Mojitech,Dell,Xps 16 9640,Intel Ultra 9 185h,RTX 4070 32GB,,1TB SSD,,,New,https://mojitech.net/shop/laptops/dell-xps-16-9640-core-ultra-9-185h-rtx-4070-32gb-1tb-16-3/,1
Mojitech,Dell,Xps 16 9640,,,,,,1899,New,https://mojitech.net/shop/laptops/dell-xps-16-9640-laptop/,1
Mojitech,Dell,Xps 16 9640,,,,,,,New,https://mojitech.net/shop/laptops/dell-xps-16-9640/,1
Mojitech,Dell,Xps 16,Intel Ultra 7 255h,RTX 5050,,,,2389,New,https://mojitech.net/shop/laptops/dell-xps-16-ultra-7-255h-rtx-5050-oled-laptop/,1
Mojitech,Dell,Xps 16,Intel Ultra 9 285h,Integrated,,4TB SSD,,2589,New,https://mojitech.net/shop/laptops/dell-xps-16-ultra-9-285h-4tb-oled-laptop/,1
Mojitech,Dell,Xps 16,Intel Ultra 9 285h,Integrated,64GB,,,2389,New,https://mojitech.net/shop/laptops/dell-xps-16-ultra-9-285h-64gb-oled-laptop/,1
Mojitech,Dell,Xps 16,Intel Ultra 9 285h,RTX 5070,,,,4289,New,https://mojitech.net/shop/laptops/dell-xps-16-ultra-9-285h-rtx-5070-4k-oled-laptop/,1
Mojitech,Dell,Xps 16,Intel Ultra 9 285h,RTX 5070,,,,3889,New,https://mojitech.net/shop/laptops/dell-xps-16-ultra-9-285h-rtx-5070-oled-black/,1
Mojitech,Dell,Xps 16,Intel Ultra 9 285h,RTX 5070,,,,3589,New,https://mojitech.net/shop/laptops/dell-xps-16-ultra-9-285h-rtx-5070-oled-laptop/,1
Mojitech,Dell,Xps 16,Intel Ultra 9 285h,RTX 5070,,,,3889,New,https://mojitech.net/shop/laptops/dell-xps-16-ultra-9-285h-rtx-5070-oled-silver/,1
Mojitech,Dell,Xps 9345,Snapdragon x elite,Integrated Adreno,32GB,1TB SSD,,1289,New,https://mojitech.net/shop/laptops/dell-xps-9345-snapdragon-x-elite-32gb-1tb-laptop/,1
Mojitech,Dell,Xps 9345,Snapdragon x elite,Integrated Adreno,32GB,,,1589,New,https://mojitech.net/shop/laptops/dell-xps-9345-snapdragon-x-elite-oled-32gb-laptop/,1
Mojitech,Dell,Xps 9345,Snapdragon x elite,Integrated Adreno,,,,1239,New,https://mojitech.net/shop/laptops/dell-xps-9345-snapdragon-x-elite-x1e-80-100-laptop/,1
Mojitech,Dell,Xps 9440,Intel Ultra 7 155h,RTX 4050,,,,1589,New,https://mojitech.net/shop/laptops/dell-xps-9440-core-ultra-7-155h-rtx-4050-laptop/,1
Mojitech,Gigabyte,A16 CWHI3US864SH,Intel Core i7,RTX 5070 32GB,,1TB SSD,,1675,New,https://mojitech.net/shop/laptops/gigabyte-a16-cwhi3us864sh-i7-rtx-5070-32gb-1tb-laptop/,1
Mojitech,Gigabyte,Aorus 16 BZHC6USE65SH,,,,,,,New,https://mojitech.net/shop/laptops/gigabyte-aorus-16-bzhc6use65sh/,1
Mojitech,Gigabyte,G6,Intel Core i7,RTX 4050,,,,975,New,https://mojitech.net/shop/laptops/gigabyte-g6-gaming-laptop-i7-rtx-4050-165hz/,1
Mojitech,Gigabyte,Gaming A16,,,,,,,New,https://mojitech.net/shop/laptops/gigabyte-gaming-a16-laptop/,1
Mojitech,HP,14 DQ6013DX,,,,,,234,New,https://mojitech.net/shop/laptops/hp-14-dq6013dx-laptop/,1
Mojitech,HP,15 FD0047NE,Intel Core i7-1355U,GeForce MX550,16GB,1TB SSD,,,New,https://mojitech.net/shop/laptops/hp-15-fd0047ne-core-i7-1355u-16gb-1tb-ssd-mx550-15-6-1-year-warranty/,1
Mojitech,HP,15 FD0056NE,Intel Core i5-1334U,Integrated,8GB,512GB SSD,,,New,https://mojitech.net/shop/laptops/hp-15-fd0056ne-core-i5-1334u-8gb-512-gb-15-6-fhd-1-year-warranty/,1
Mojitech,HP,15 FD0084WM,Intel N200,Integrated,,,,,New,https://mojitech.net/shop/laptops/hp-15-fd0084wm-intel-n200-laptop/,1
Mojitech,HP,15 FD0130WM,Intel Core i3-N305,Integrated,,,,,New,https://mojitech.net/shop/laptops/hp-15-fd0130wm-core-i3-n305-laptop/,1
Mojitech,HP,15 FD0133WM,Intel Core i3-N305,Integrated,,,,441,New,https://mojitech.net/shop/laptops/hp-15-fd0133wm-laptop-core-i3-n305-1/,1
Mojitech,HP,15 FD0143NE,Intel Core i7,GeForce MX570,,512GB SSD,,652,New,https://mojitech.net/shop/laptops/hp-15-fd0143ne-laptop-core-i7-mx570-512gb-ssd/,1
Mojitech,HP,15 FD0153DX,Intel Core i3,Integrated,,,,447,New,https://mojitech.net/shop/laptops/hp-15-fd0153dx-core-i3-15-6-hd-touch/,1
Mojitech,HP,15 FD0154WM,,,,,,561,New,https://mojitech.net/shop/laptops/hp-15-fd0154wm-laptop/,1
Mojitech,HP,15 FD0215DX,Intel Core i5-1334U,Integrated,16GB,512GB SSD,,,New,https://mojitech.net/shop/laptops/hp-15-fd0215dx-core-i5-1334u-16gb-512gb-15-6-fhd/,1
Mojitech,HP,15 FD0250WM,Intel Core i5,Integrated,,512GB SSD,,509,New,https://mojitech.net/shop/laptops/hp-15-fd0250wm-laptop-core-i5-512gb-nvme/,1
Mojitech,HP,15 FD0371NIA,Intel Core i7,GeForce MX570,,512GB SSD,,661,New,https://mojitech.net/shop/laptops/hp-15-fd0371nia-laptop-core-i7-mx570-512gb-ssd/,1
Mojitech,HP,15 FD0883NR Touchscreen,,,,,,515,New,https://mojitech.net/shop/laptops/hp-15-fd0883nr-touchscreen-laptop/,1
Mojitech,HP,15 FD1899NR CORE7 15 6 Fhd,Intel Core 7,Integrated,,,,698,New,https://mojitech.net/shop/laptops/hp-15-fd1899nr-core7-15-6-fhd/,1
Mojitech,HP,15 FD2747NR,,,,,,849,New,https://mojitech.net/shop/laptops/hp-15-fd2747nr-laptop/,1
Mojitech,HP,15,AMD Ryzen 5,Integrated AMD Radeon,,1TB SSD,,514,New,https://mojitech.net/shop/laptops/hp-15-ryzen-5-laptop-1tb-ssd-full-hd-notebook/,1
Mojitech,HP,17 CN4071CL,Intel Core 7 150u,Integrated,,,,797,New,https://mojitech.net/shop/laptops/hp-17-cn4071cl-laptop-core-7-150u/,1
Mojitech,HP,17 CN5085CL ULTRA7 17 Hd Touch,Intel Ultra 7,Integrated,,,,,New,https://mojitech.net/shop/laptops/hp-17-cn5085cl-ultra7-17-hd-touch/,1
Mojitech,HP,17 CP2025DX RYZEN5 17 Fhd,AMD Ryzen 5,Integrated AMD Radeon,,,,,New,https://mojitech.net/shop/laptops/hp-17-cp2025dx-ryzen5-17-fhd/,1
Mojitech,HP,17T CN300,Intel Core i5,Integrated,,,,643,New,https://mojitech.net/shop/laptops/hp-17t-cn300-core-i5-laptop/,1
Mojitech,HP,17T CN500,Intel Ultra 5,Integrated,,,,,New,https://mojitech.net/shop/laptops/hp-17t-cn500-core-ultra5-17-hd-plus/,1
Mojitech,HP,250 G10,Intel Core i5,Integrated,8GB,512GB SSD,,509,New,https://mojitech.net/shop/laptops/hp-250-g10-i5-8gb-512gb-nvme/,1
Mojitech,HP,250R G10 CT1H5ET,Intel Core 7 150u,Integrated,16GB,512GB SSD,,,New,https://mojitech.net/shop/laptops/hp-250r-g10-ct1h5et-core-7-150u-16gb-512gb-laptop/,1
Mojitech,HP,250R G10,Intel Core 5,Integrated,,,,534,New,https://mojitech.net/shop/laptops/hp-250r-g10-laptop-intel-core-5-fhd-notebook/,1
Mojitech,HP,Ai,Intel Ultra 5 225u,Integrated,8GB,512GB SSD,,733,New,https://mojitech.net/shop/laptops/hp-ai-laptop-15-ultra-5-225u-8gb-512gb-fhd/,1
Mojitech,HP,Ai,Intel Ultra 5 225u,Integrated,8GB,512GB SSD,,641,New,https://mojitech.net/shop/laptops/hp-ai-laptop-15-ultra-5-225u-8gb-512gb/,1
Mojitech,HP,Chromebook 14A NA1083CL 67U94UAABA,,,,,,,New,https://mojitech.net/shop/laptops/hp-chromebook-14a-na1083cl-67u94uaaba/,1
Mojitech,HP,Dragonfly G4,Intel Core i7-1355U,Integrated,32GB,1TB SSD,,,New,https://mojitech.net/shop/laptops/hp-dragonfly-g4-core-i7-1355u-32gb-1tb-nvme-13-5-tax-included/,1
Mojitech,HP,Elitebook 8 G1I,,,,,,1275,New,https://mojitech.net/shop/laptops/hp-elitebook-8-g1i-laptop/,1
Mojitech,HP,Elitebook 840 G11 927U4ESBH5,,,,,,,New,https://mojitech.net/shop/laptops/hp-elitebook-840-g11-927u4esbh5/,1
Mojitech,HP,Elitebook 840 G11,Intel Ultra 5,Integrated,,,,984,New,https://mojitech.net/shop/laptops/hp-elitebook-840-g11-laptop-ultra-5-touch/,1
Mojitech,HP,Elitebook,Intel Ultra 7,Integrated,,,,1099,New,https://mojitech.net/shop/laptops/hp-elitebook-ultra-660-g11-laptop-ultra-7-vpro/,1
Mojitech,HP,Elitebook,,,,,,,New,https://mojitech.net/shop/laptops/hp-elitebook-ultra-g1q-b13u5utaba/,1
Mojitech,HP,Elitebook,Snapdragon x elite,Integrated Adreno,,,,949,New,https://mojitech.net/shop/laptops/hp-elitebook-ultra-g1q-laptop-snapdragon-x-elite/,1
Mojitech,HP,Elitebook X G1I,Intel Ultra 7 258v,Integrated,32GB,1TB SSD,,1449,New,https://mojitech.net/shop/laptops/hp-elitebook-x-g1i-ultra-7-258v-32gb-1tb/,1
Mojitech,HP,15 FD0024NE 91W39EA,,,,,,542,New,https://mojitech.net/shop/laptops/hp-laptop-15-fd0024ne-91w39ea/,1
Mojitech,HP,15 FD005DX,,,,,,,New,https://mojitech.net/shop/laptops/hp-laptop-15-fd005dx/,1
Mojitech,HP,15 FD0073NE 9S965EA,,,,,,,New,https://mojitech.net/shop/laptops/hp-laptop-15-fd0073ne-9s965ea/,1
Mojitech,HP,15 FD0107DX A9PE7UA,,,,,,,New,https://mojitech.net/shop/laptops/hp-laptop-15-fd0107dx-a9pe7ua/,1
Mojitech,HP,15 FD0131WM,,,,,,,New,https://mojitech.net/shop/laptops/hp-laptop-15-fd0131wm/,1
Mojitech,HP,15 FD0138NE B05A0EA,,,,,,,New,https://mojitech.net/shop/laptops/hp-laptop-15-fd0138ne-b05a0ea/,1
Mojitech,HP,15 FD0146NE B05A8EA,,,,,,,New,https://mojitech.net/shop/laptops/hp-laptop-15-fd0146ne-b05a8ea/,1
Mojitech,HP,15 FD0152NE B05B1EA,,,,,,,New,https://mojitech.net/shop/laptops/hp-laptop-15-fd0152ne-b05b1ea/,1
Mojitech,HP,15 FD2050WM,Intel Ultra 5 512gb,Integrated,,512GB SSD,,606,New,https://mojitech.net/shop/laptops/hp-laptop-15-fd2050wm-ultra-5-512gb-touch/,1
Mojitech,HP,15S FQ5019NE,Intel Core i5-1235U,Integrated,8GB,512GB SSD,,468,New,https://mojitech.net/shop/laptops/hp-laptop-15s-fq5019ne-core-i5-1235u-8gb-ddr4-nvme-512gb/,1
Mojitech,HP,15S FQ5021NE,Intel Core i5-1235U,Integrated,8GB,512GB SSD,,,New,https://mojitech.net/shop/laptops/hp-laptop-15s-fq5021ne-core-i5-1235u-8gb-512gb-ssd-15-6-tax-included/,1
Mojitech,HP,15S FQ5023NE 6G3Q8EA,Intel Core i7-1255U,Integrated,8GB,512GB SSD,,555,New,https://mojitech.net/shop/laptops/hp-laptop-15s-fq5023ne-6g3q8ea-core-i7-1255u-8gb-ddr4-512gb-nvme-seller-lebanon/,1
Mojitech,HP,15S FQ5026NE Black 15 6 Iris Xe Seller Lebanon,,,,,,503,New,https://mojitech.net/shop/laptops/hp-laptop-15s-fq5026ne-black-15-6-iris-xe-seller-lebanon/,1
Mojitech,HP,Ai 15 FD2002NE,,,,,,822,New,https://mojitech.net/shop/laptops/hp-laptop-ai-15-fd2002ne/,1
Mojitech,HP,Ai 15 FD2003NE,,,,,,694,New,https://mojitech.net/shop/laptops/hp-laptop-ai-15-fd2003ne/,1
Mojitech,HP,Ai 15 FD2043NIA,Intel Ultra 7 512gb,Integrated,,512GB SSD,,719,New,https://mojitech.net/shop/laptops/hp-laptop-ai-15-fd2043nia-ultra-7-512gb/,1
Mojitech,HP,Core,Intel Ultra 5,Integrated,24GB,512GB SSD,,649,New,https://mojitech.net/shop/laptops/hp-laptop-core-ultra-5-15-6-512gb-ssd-24gb-ddr5/,1
Mojitech,HP,Pavilion X360 14 EK0073DX,,,,,,604,New,https://mojitech.net/shop/laptops/hp-laptop-pavilion-x360-14-ek0073dx/,1
Mojitech,HP,Omen 16 AN0119NR,,,,,,1688,New,https://mojitech.net/shop/laptops/hp-omen-16-an0119nr/,1
Mojitech,HP,Omen 16,,RTX 5070,,,,1489,New,https://mojitech.net/shop/laptops/hp-omen-16-rtx-5070-gaming-laptop/,1
Mojitech,HP,Omen 16 Slim 16 AN0037,,,,,,,New,https://mojitech.net/shop/laptops/hp-omen-16-slim-16-an0037/,1
Mojitech,HP,Omen 16 Slim,Intel Ultra 7 255h,RTX 5070 32GB,,1TB SSD,,,New,https://mojitech.net/shop/laptops/hp-omen-16-slim-core-ultra-7-255h-rtx-5070-32gb-1tb-16-tax-included/,1
Mojitech,HP,Omen 16 Slim,Intel Ultra 9 285h,RTX 5070 16GB,,1TB SSD,,1550,New,https://mojitech.net/shop/laptops/hp-omen-16-slim-core-ultra-9-285h-rtx-5070-16gb-1tb-16/,1
Mojitech,HP,Omen 16 Slim,Intel Ultra 9 285h,RTX 5060 16GB,,512GB SSD,"16""",1649,New,https://mojitech.net/shop/laptops/hp-omen-16-slim-ultra-9-285h-rtx-5060-16gb-512gb-16-inch-gaming-laptop/,1
Mojitech,HP,Omen 16T 8X580AV,,,,,,,New,https://mojitech.net/shop/laptops/hp-omen-16t-8x580av/,1
Mojitech,HP,Omen 16T WF000 912K8AV,Intel Core i9,RTX 4080,,,,2415,New,https://mojitech.net/shop/laptops/hp-omen-16t-wf000-912k8av-gaming-laptop-i9-rtx-4080/,1
Mojitech,HP,Omen 16T WF000,Intel Core i9,RTX 4070,,,,1782,New,https://mojitech.net/shop/laptops/hp-omen-16t-wf000-gaming-laptop-i9-rtx-4070/,1
Mojitech,HP,Omen 16T WF100 912K6AV,,,,,,1435,New,https://mojitech.net/shop/laptops/hp-omen-16t-wf100-912k6av/,1
Mojitech,HP,Omen 16Z AP000,AMD Ryzen 9 8940hx,RTX 5070 16GB,,512GB SSD,,,New,https://mojitech.net/shop/laptops/hp-omen-16z-ap000-ryzen-9-8940hx-rtx-5070-16gb-512gb-16/,1
Mojitech,HP,Omen 16Z AP000,,,,,,,New,https://mojitech.net/shop/laptops/hp-omen-16z-ap000/,1
Mojitech,HP,Omen 17 DB1095CL,,,,,,1575,New,https://mojitech.net/shop/laptops/hp-omen-17-db1095cl-gaming-laptop/,1
Mojitech,HP,Omen League Of Legends Ltd Ed 16 2K,,,,,,1850,New,https://mojitech.net/shop/laptops/hp-omen-league-of-legends-ltd-ed-16-2k/,1
Mojitech,HP,Omen Max 16 16T AH000,,,,,,,New,https://mojitech.net/shop/laptops/hp-omen-max-16-16t-ah000/,1
Mojitech,HP,Omen Max 16 A4NL6AV,,,,,,3299,New,https://mojitech.net/shop/laptops/hp-omen-max-16-a4nl6av/,1
Mojitech,HP,Omen Max 16 A4NQ6AV 002,,,,,,2985,New,https://mojitech.net/shop/laptops/hp-omen-max-16-a4nq6av-002/,1
Mojitech,HP,Omen Max 16 AH0021NF,,,,,,,New,https://mojitech.net/shop/laptops/hp-omen-max-16-ah0021nf/,1
Mojitech,HP,Omen Max 16 AH0043 B7HV2UAR Aba,,,,,,,New,https://mojitech.net/shop/laptops/hp-omen-max-16-ah0043-b7hv2uar-aba/,1
Mojitech,HP,Omen Max 16 AH0097NR B64BNUAABA,,,,,,2695,New,https://mojitech.net/shop/laptops/hp-omen-max-16-ah0097nr-b64bnuaaba/,1
Mojitech,HP,Omen Max 16 AH0995ND,,,,,,,New,https://mojitech.net/shop/laptops/hp-omen-max-16-ah0995nd/,1
Mojitech,HP,Omen Max 16 AK0006NB,,,,,,,New,https://mojitech.net/shop/laptops/hp-omen-max-16-ak0006nb/,1
Mojitech,HP,Omen Max 16 R7 5070TI,,,,,,,New,https://mojitech.net/shop/laptops/hp-omen-max-16-r7-5070ti/,1
Mojitech,HP,Omen Max 16 R9,,,,,,,New,https://mojitech.net/shop/laptops/hp-omen-max-16-r9/,1
Mojitech,HP,Omen Max 16,Intel Ultra 9,RTX 5070 Ti 32GB,32GB,1TB SSD,,2799,New,https://mojitech.net/shop/laptops/hp-omen-max-16-ultra-9-rtx-5070-ti-32gb-1tb/,1
Mojitech,HP,Omen Slim 16 AN0075CL,,,,,,1888,New,https://mojitech.net/shop/laptops/hp-omen-slim-16-an0075cl-gaming-laptop/,1
Mojitech,HP,Omnibook 14 FD0013DX,,,,,,1290,New,https://mojitech.net/shop/laptops/hp-omnibook-14-fd0013dx/,1
Mojitech,HP,Omnibook 17 DD0057NR,Intel Ultra 7,RTX 4050,,,,1209,New,https://mojitech.net/shop/laptops/hp-omnibook-17-dd0057nr-laptop-ultra-7-rtx-4050/,1
Mojitech,HP,Omnibook 3 16 BU0007DX,Intel Ultra 7,Integrated,,,,884,New,https://mojitech.net/shop/laptops/hp-omnibook-3-16-bu0007dx-laptop-ultra-7/,1
Mojitech,HP,Omnibook 3 16 BU0305DX,Intel Ultra 5 512gb,Integrated,,512GB SSD,,629,New,https://mojitech.net/shop/laptops/hp-omnibook-3-16-bu0305dx-ultra-5-512gb-touch/,1
Mojitech,HP,Omnibook 3 16,Intel Ultra 7 255u,Integrated,16GB,1TB SSD,,899,New,https://mojitech.net/shop/laptops/hp-omnibook-3-16-ultra-7-255u-16gb-1tb/,1
Mojitech,HP,Omnibook 5 16 AF1055CL,Intel Ultra 5 225u,Integrated,,,,864,New,https://mojitech.net/shop/laptops/hp-omnibook-5-16-af1055cl-ultra-5-225u-laptop/,1
Mojitech,HP,Omnibook 5 16 AF1095CL,,,,,,,New,https://mojitech.net/shop/laptops/hp-omnibook-5-16-af1095cl/,1
Mojitech,HP,Omnibook 5 16 AG1075CL,AMD Ryzen AI 7 350,Integrated AMD Radeon,,,,1164,New,https://mojitech.net/shop/laptops/hp-omnibook-5-16-ag1075cl-ryzen-ai-7-350-laptop/,1
Mojitech,HP,Omnibook 5 16 AG1175CL,AMD Ryzen AI 7 350,Integrated AMD Radeon,,,,,New,https://mojitech.net/shop/laptops/hp-omnibook-5-16-ag1175cl-ryzen-ai-7-350-laptop/,1
Mojitech,HP,Omnibook 5 16 CD0107ST,Intel Ultra 7,Integrated,,,,889,New,https://mojitech.net/shop/laptops/hp-omnibook-5-16-cd0107st-laptop-intel-ultra-7/,1
Mojitech,HP,Omnibook 5 16,Intel Ultra 7,Integrated,,,,1129,New,https://mojitech.net/shop/laptops/hp-omnibook-5-16-core-ultra-7-touch-laptop/,1
Mojitech,HP,Omnibook 5 16,Intel Ultra 7 255u,Integrated,,,,1329,New,https://mojitech.net/shop/laptops/hp-omnibook-5-16-ultra-7-255u-touch/,1
Mojitech,HP,Omnibook 5 16,Intel Ultra 7 355u,Integrated,16GB,1TB SSD,,1015,New,https://mojitech.net/shop/laptops/hp-omnibook-5-16-ultra-7-355u-16gb-1tb/,1
Mojitech,HP,Omnibook 5 16 ULTRA7 16 Touch,Intel Ultra 7,Integrated,,,,915,New,https://mojitech.net/shop/laptops/hp-omnibook-5-16-ultra7-16-touch/,1
Mojitech,HP,Omnibook 5 Flip 14 FP0013DX,,,,,,769,New,https://mojitech.net/shop/laptops/hp-omnibook-5-flip-14-fp0013dx/,1
Mojitech,HP,Omnibook 5 Flip 14 FP0023DX B86Q7UA,,,,,,919,New,https://mojitech.net/shop/laptops/hp-omnibook-5-flip-14-fp0023dx-b86q7ua/,1
Mojitech,HP,Omnibook 5 Flip 14,Intel Ultra 5,Integrated,,,,854,New,https://mojitech.net/shop/laptops/hp-omnibook-5-flip-14-ultra-5-touch-2-in-1-laptop/,1
Mojitech,HP,Omnibook 5 Ngai 16 BP0095CL,AMD Ryzen AI 9,Integrated AMD Radeon,,,,1425,New,https://mojitech.net/shop/laptops/hp-omnibook-5-ngai-16-bp0095cl-ryzen-ai-9/,1
Mojitech,HP,Omnibook 7 16 AY0001NB,Intel Ultra 7 255h,Integrated,,,,,New,https://mojitech.net/shop/laptops/hp-omnibook-7-16-ay0001nb-ultra-7-255h-laptop/,1
Mojitech,HP,Omnibook 7 16 AZ0595CL,Intel Ultra 9 270h,Integrated,32GB,1TB SSD,,,New,https://mojitech.net/shop/laptops/hp-omnibook-7-16-az0595cl-ultra-9-270h-32gb-1tb-oled-laptop/,1
Mojitech,HP,Omnibook 7 Ai 17T DC000,,RTX 4050 32GB,,,,1324,New,https://mojitech.net/shop/laptops/hp-omnibook-7-ai-17t-dc000-rtx-4050-32gb-17-3-fhd-laptop/,1
Mojitech,HP,Omnibook 7 Flip 16 AU0773CL,Intel Ultra 7 258v,Integrated,,,,1275,New,https://mojitech.net/shop/laptops/hp-omnibook-7-flip-16-au0773cl-ultra-7-258v/,1
Mojitech,HP,Omnibook 7 Flip 16,Intel Ultra 9,Integrated,,,,1444,New,https://mojitech.net/shop/laptops/hp-omnibook-7-flip-16-core-ultra-9/,1
Mojitech,HP,Omnibook 7 Flip 16,Intel Ultra 7,Integrated,,,,1489,New,https://mojitech.net/shop/laptops/hp-omnibook-7-flip-16-ultra-7-oled/,1
Mojitech,HP,Omnibook 7 Flip 16 ULTRA7 16 Touch,Intel Ultra 7,Integrated,,,,889,New,https://mojitech.net/shop/laptops/hp-omnibook-7-flip-16-ultra7-16-touch/,1
Mojitech,HP,Omnibook,,,,,,1497,New,https://mojitech.net/shop/laptops/hp-omnibook-ultra-14-fd0023dx/,1
Mojitech,HP,Omnibook,Intel Ultra 7 258v,Integrated,32GB,1TB SSD,,,New,https://mojitech.net/shop/laptops/hp-omnibook-ultra-flip-14-fh0000nk-ultra-7-258v-32gb-1tb-nvme-14/,1
Mojitech,HP,Omnibook,,,,,,,New,https://mojitech.net/shop/laptops/hp-omnibook-ultra-flip-14-fh0005ne-b2cn9ea/,1
Mojitech,HP,Omnibook,,,,,,,New,https://mojitech.net/shop/laptops/hp-omnibook-ultra-flip-14-fh0033dx/,1
Mojitech,HP,Omnibook,Intel Ultra 7,Integrated,,,,,New,https://mojitech.net/shop/laptops/hp-omnibook-ultra-flip-14-ultra7-3k-touch/,1
Mojitech,HP,Omnibook X 16 AW0033DX,,,,,,1690,New,https://mojitech.net/shop/laptops/hp-omnibook-x-16-aw0033dx/,1
Mojitech,HP,Omnibook X Ai 17 DD0033DX,Intel Ultra 7 258v,Integrated,,,,,New,https://mojitech.net/shop/laptops/hp-omnibook-x-ai-17-dd0033dx-ultra-7-258v/,1
Mojitech,HP,Omnibook X Flip 14 AK4Z4AV 1,,,,,,,New,https://mojitech.net/shop/laptops/hp-omnibook-x-flip-14-ak4z4av-1/,1
Mojitech,HP,Omnibook X Flip 14 FK0033DX,,,,,,,New,https://mojitech.net/shop/laptops/hp-omnibook-x-flip-14-fk0033dx/,1
Mojitech,HP,Omnibook X Flip 14 FM0023D,,,,,,,New,https://mojitech.net/shop/laptops/hp-omnibook-x-flip-14-fm0023d/,1
Mojitech,HP,Omnibook X Flip 14 KP0023DX,,,,,,,New,https://mojitech.net/shop/laptops/hp-omnibook-x-flip-14-kp0023dx/,1
Mojitech,HP,Omnibook X Flip 16 AR0033 B5UJ5UAABA,,,,,,,New,https://mojitech.net/shop/laptops/hp-omnibook-x-flip-16-ar0033-b5uj5uaaba/,1
Mojitech,HP,Omnibook X Flip 16 AS0043DX,Intel Ultra 9 288v,Integrated,32GB,2TB SSD,,,New,https://mojitech.net/shop/laptops/hp-omnibook-x-flip-16-as0043dx-core-ultra-9-288v-32gb-2tb-nvme-16-tax-included/,1
Mojitech,HP,Omnibook X Flip 16 AS0053,Intel Ultra 9,Integrated,32GB,1TB SSD,,1823,New,https://mojitech.net/shop/laptops/hp-omnibook-x-flip-16-as0053-ultra-9-32gb-1tb/,1
Mojitech,HP,Omnibook X Flip 16 CC0033DX,,,,,,1439,New,https://mojitech.net/shop/laptops/hp-omnibook-x-flip-16-cc0033dx-laptop/,1
Mojitech,HP,Omnibook X Flip 16,Intel Ultra 7,Integrated,,,,,New,https://mojitech.net/shop/laptops/hp-omnibook-x-flip-16-core-ultra-7/,1
Mojitech,HP,Omnibook X Flip 16 ULTRA7 16 Touch,Intel Ultra 7,Integrated,,,,,New,https://mojitech.net/shop/laptops/hp-omnibook-x-flip-16-ultra7-16-touch/,1
Mojitech,HP,Omnibook X Ngai 17 ULTRA7 17 Touch,Intel Ultra 7,Integrated,,,,,New,https://mojitech.net/shop/laptops/hp-omnibook-x-ngai-17-ultra7-17-touch/,1
Mojitech,HP,Pavilion 15 EG3053,,,,,,639,New,https://mojitech.net/shop/laptops/hp-pavilion-15-eg3053/,1
Mojitech,HP,Pavilion 15T EG300 78G37AV,,,,,,539,New,https://mojitech.net/shop/laptops/hp-pavilion-15t-eg300-78g37av/,1
Mojitech,HP,Pavilion Plus 16 AB0025CL,,,,,,1074,New,https://mojitech.net/shop/laptops/hp-pavilion-plus-16-ab0025cl/,1
Mojitech,HP,Pavilion X360 14 EK2055CL,,,,,,718,New,https://mojitech.net/shop/laptops/hp-pavilion-x360-14-ek2055cl/,1
Mojitech,HP,Pavilion X360 14T EK1000 742J3AV 2,,,,,,836,New,https://mojitech.net/shop/laptops/hp-pavilion-x360-14t-ek1000-742j3av-2/,1
Mojitech,HP,Pavillion X360,Intel Core i5,Integrated,,,,,New,https://mojitech.net/shop/laptops/hp-pavillion-x360-core-i5/,1
Mojitech,HP,Probook 4 G1I Ai,Intel Ultra 5,Integrated,,,,851,New,https://mojitech.net/shop/laptops/hp-probook-4-g1i-ai-core-ultra-5/,1
Mojitech,HP,Probook 4 G1I Ai,Intel Ultra 7,Integrated,,,,987,New,https://mojitech.net/shop/laptops/hp-probook-4-g1i-ai-core-ultra-7/,1
Mojitech,HP,Probook 4 G1I,Intel Ultra 7 255u,Integrated,24GB,1TB SSD,"16""",,New,https://mojitech.net/shop/laptops/hp-probook-4-g1i-core-ultra-7-255u-24gb-1tb-16inch/,1
Mojitech,HP,Probook 4 G1I,Intel Ultra 7,Integrated,,,,,New,https://mojitech.net/shop/laptops/hp-probook-4-g1i-core-ultra-7/,1
Mojitech,HP,Probook 4 G1I CW9E0ETABV,,,,,,934,New,https://mojitech.net/shop/laptops/hp-probook-4-g1i-cw9e0etabv/,1
Mojitech,HP,Probook 4 G1I,Intel Ultra 7,Integrated,16GB,512GB SSD,,1049,New,https://mojitech.net/shop/laptops/hp-probook-4-g1i-laptop-ultra-7-16gb-512gb-2/,1
Mojitech,HP,Probook 4 G1I,Intel Ultra 7,Integrated,16GB,512GB SSD,,971,New,https://mojitech.net/shop/laptops/hp-probook-4-g1i-laptop-ultra-7-16gb-512gb-3/,1
Mojitech,HP,Probook 4 G1I,Intel Ultra 7,Integrated,16GB,512GB SSD,,1046,New,https://mojitech.net/shop/laptops/hp-probook-4-g1i-laptop-ultra-7-16gb-512gb/,1
Mojitech,HP,Probook 4 G1I,Intel Ultra 7,RTX 3050,,1TB SSD,,1349,New,https://mojitech.net/shop/laptops/hp-probook-4-g1i-laptop-ultra-7-rtx-3050-1tb/,1
Mojitech,HP,Probook 4 G1I,,,,,,,New,https://mojitech.net/shop/laptops/hp-probook-4-g1i-laptop/,1
Mojitech,HP,Probook 440 G10 816N5EA,,,,,,,New,https://mojitech.net/shop/laptops/hp-probook-440-g10-816n5ea/,1
Mojitech,HP,Probook 450 G10 816P5EA,,,,,,,New,https://mojitech.net/shop/laptops/hp-probook-450-g10-816p5ea/,1
Mojitech,HP,Probook 450 G10 85B73EABH5,,,,,,725,New,https://mojitech.net/shop/laptops/hp-probook-450-g10-85b73eabh5/,1
Mojitech,HP,Probook 450 G10 9B9T2EA,,,,,,,New,https://mojitech.net/shop/laptops/hp-probook-450-g10-9b9t2ea/,1
Mojitech,HP,Probook 460 G11 8Z679AV,,,,,,762,New,https://mojitech.net/shop/laptops/hp-probook-460-g11-8z679av/,1
Mojitech,HP,Probook 460 G11 9Y7S3ET,,,,,,739,New,https://mojitech.net/shop/laptops/hp-probook-460-g11-9y7s3et/,1
Mojitech,HP,Probook 460 G11 A1LE0UTABA Q J,,,,,,,New,https://mojitech.net/shop/laptops/hp-probook-460-g11-a1le0utaba-q-j/,1
Mojitech,HP,Probook 460 G11 A1LE0UTABA,,,,,,,New,https://mojitech.net/shop/laptops/hp-probook-460-g11-a1le0utaba/,1
Mojitech,HP,Probook 460 G11 A23C9EABH5,,,,,,845,New,https://mojitech.net/shop/laptops/hp-probook-460-g11-a23c9eabh5/,1
Mojitech,HP,Probook 460 G11 A38BHETAB,,,,,,788,New,https://mojitech.net/shop/laptops/hp-probook-460-g11-a38bhetab/,1
Mojitech,HP,Probook 460 G11 CT9N5ET,Intel Ultra 7,Integrated,,,,762,New,https://mojitech.net/shop/laptops/hp-probook-460-g11-ct9n5et-laptop-ultra-7/,1
Mojitech,HP,Probook 460 G11,Intel Ultra 5,Integrated,16GB,512GB SSD,,899,New,https://mojitech.net/shop/laptops/hp-probook-460-g11-laptop-ultra-5-16gb-512gb/,1
Mojitech,HP,Probook 460 G11,Intel Ultra 5 512gb,Integrated,,512GB SSD,,718,New,https://mojitech.net/shop/laptops/hp-probook-460-g11-laptop-ultra-5-512gb-nvme/,1
Mojitech,HP,Probook 460 G11,Intel Ultra 7,RTX 2050,,,,,New,https://mojitech.net/shop/laptops/hp-probook-460-g11-ultra-7-rtx-2050/,1
Mojitech,HP,Probook 4G1I,Intel Ultra 5,Integrated,16GB,512GB SSD,,749,New,https://mojitech.net/shop/laptops/hp-probook-4g1i-core-ultra-5-16gb-512gb-16-fhd/,1
Mojitech,HP,Probook X360 435 G10 A33TXU8ABA,,,,,,699,New,https://mojitech.net/shop/laptops/hp-probook-x360-435-g10-a33txu8aba/,1
Mojitech,HP,Probook X360 435 G10 A47K8U8ABA,,,,,,736,New,https://mojitech.net/shop/laptops/hp-probook-x360-435-g10-a47k8u8aba/,1
Mojitech,HP,Specter X360 16T F200,Intel Core i7-1360P,Integrated,32GB,1TB SSD,,,New,https://mojitech.net/shop/laptops/hp-specter-x360-16t-f200-core-i7-1360p-32gb-1tb-ssd-16/,1
Mojitech,HP,Victus 15 FA0033DX,,,,,,,New,https://mojitech.net/shop/laptops/hp-victus-15-fa0033dx/,1
Mojitech,HP,Victus 15 FA2013DX,Intel Core i5-13420H,RTX 3050 16GB,,512GB SSD,,789,New,https://mojitech.net/shop/laptops/hp-victus-15-fa2013dx-core-i5-13420h-rtx-3050-16gb-512gb-nvme-15-6-1-year-warranty/,1
Mojitech,HP,Victus 15 FA2014NE C09C1EA,Intel Core i7,RTX 3050 8GB,,512GB SSD,,,New,https://mojitech.net/shop/laptops/hp-victus-15-fa2014ne-c09c1ea-core-i7-rtx-3050-8gb-512gb/,1
Mojitech,HP,Victus 15 FB3001NR,AMD Ryzen AI 7 350,RTX 5060 16GB,,1TB SSD,,1350,New,https://mojitech.net/shop/laptops/hp-victus-15-fb3001nr-ryzen-ai-7-350-rtx-5060-16gb-1tb-nvme-15-tax-included/,1
Mojitech,HP,Victus 15,Intel Core i7,RTX 5050,,1TB SSD,,,New,https://mojitech.net/shop/laptops/hp-victus-15-gaming-laptop-i7-rtx-5050-1tb-ssd/,1
Mojitech,HP,Victus 16 R1065NE B12BVEA,,,,,,,New,https://mojitech.net/shop/laptops/hp-victus-16-r1065ne-b12bvea/,1
Mojitech,HP,Victus 16 S1023 A1SV3UAABA,,,,,,,New,https://mojitech.net/shop/laptops/hp-victus-16-s1023-a1sv3uaaba/,1
Mojitech,HP,15 FD0022NE,Intel Core i7-1355U,Integrated,8GB,512GB SSD,,,New,https://mojitech.net/shop/laptops/hp/hp-15-fd0022ne-core-i7-1355u-8gb-512gb-15-6/,1
Mojitech,HP,15 FD0127DX,Intel Core i7,Integrated,,,,769,New,https://mojitech.net/shop/laptops/hp/hp-15-fd0127dx-core-i7-15-6-fhd-touch/,1
Mojitech,HP,15 FD0142NE,Intel Core i7-1355U,Integrated,16GB,512GB SSD,,,New,https://mojitech.net/shop/laptops/hp/hp-15-fd0142ne-core-i7-1355u-16gb-512gb-15-6/,1
Mojitech,HP,15 FD0237NIA,Intel Core i7-1355U,Integrated,8GB,512GB SSD,,,New,https://mojitech.net/shop/laptops/hp/hp-15-fd0237nia-core-i7-1355u-8gb-512gb-15-6/,1
Mojitech,Lenovo,Ideapad Slim 3X,,,,,,,New,https://mojitech.net/shop/laptops/ideapad-slim-3x-laptop/,1
Mojitech,Lenovo,Lenovo Thinkpad P16S Gen 1,Intel Core i7-1260P,Integrated,16GB,,,1969,New,https://mojitech.net/shop/laptops/laptop-lenovo-thinkpad-p16s-gen-1-core-i7-1260p-16gb-ddr4-seller-lebanon/,1
Mojitech,HP,Lebanon 15 1033NE Victus 15 1033NE,,,,,,,New,https://mojitech.net/shop/laptops/lebanon-15-1033ne-victus-15-1033ne/,1
Mojitech,Lenovo,Lebanon 21CB009HUS Lenovo Thinkpad X1,,,,,,1439,New,https://mojitech.net/shop/laptops/lebanon-21cb009hus-lenovo-thinkpad-x1/,1
Mojitech,Lenovo,Legion Pro 5 16IRX8 82WK000DUS,,,,,,1580,New,https://mojitech.net/shop/laptops/legion-pro-5-16irx8-82wk000dus/,1
Mojitech,Lenovo,Legion Slim 5 16AHP9 83DH003TUS,,,,,,1440,New,https://mojitech.net/shop/laptops/legion-slim-5-16ahp9-83dh003tus/,1
Mojitech,Lenovo,21BR008GED Lebanon Seller Thinkpad T14S,,,,,,1794,New,https://mojitech.net/shop/laptops/lenovo-21br008ged-lebanon-seller-thinkpad-t14s-laptop-14/,1
Mojitech,Lenovo,21E6007GUS 15 6 Thinkpad Gen 4,,,,,,959,New,https://mojitech.net/shop/laptops/lenovo-21e6007gus-15-6-thinkpad-gen-4-notebook-seller-lebanon/,1
Mojitech,Lenovo,Flex 5 14IRU8,Intel Core i5-1335U,Integrated,16GB,512GB SSD,,723,New,https://mojitech.net/shop/laptops/lenovo-flex-5-14iru8-core-i5-1335u-512gb-nvme-16gb-14-tax-included/,1
Mojitech,Lenovo,Ideapad 3 15IAU7 82RK00U5AK,,,,,,544,New,https://mojitech.net/shop/laptops/lenovo-ideapad-3-15iau7-82rk00u5ak/,1
Mojitech,Lenovo,Ideapad 5 2 In 1 14AGP11,AMD Ryzen AI 5,Integrated AMD Radeon,,,,949,New,https://mojitech.net/shop/laptops/lenovo-ideapad-5-2-in-1-14agp11-ryzen-ai-5/,1
Mojitech,Lenovo,Ideapad 5 2 In 1 14IRU9 83DT0002US,,,,,,,New,https://mojitech.net/shop/laptops/lenovo-ideapad-5-2-in-1-14iru9-83dt0002us/,1
Mojitech,Lenovo,Ideapad 5 2 In 1 16,Intel Ultra 7 255u,Integrated,,,,1339,New,https://mojitech.net/shop/laptops/lenovo-ideapad-5-2-in-1-16-ultra-7-255u-touch/,1
Mojitech,Lenovo,Ideapad 5I Pro 16IRH8 83AQ004HUS,,,,,,,New,https://mojitech.net/shop/laptops/lenovo-ideapad-5i-pro-16irh8-83aq004hus/,1
Mojitech,Lenovo,Ideapad Gaming 3 15ACH6 82K2027ARM,,,,,,,New,https://mojitech.net/shop/laptops/lenovo-ideapad-gaming-3-15ach6-82k2027arm/,1
Mojitech,Lenovo,Ideapad Gaming 3 15IAH7 82S900Y8DP,,,,,,998,New,https://mojitech.net/shop/laptops/lenovo-ideapad-gaming-3-15iah7-82s900y8dp/,1
Mojitech,Lenovo,Ideapad Slim 3 14IRU8,Intel Core i3,Integrated,,,,,New,https://mojitech.net/shop/laptops/lenovo-ideapad-slim-3-14iru8-core-i3-14-fhd/,1
Mojitech,Lenovo,Ideapad Slim 3 15IPH11,Intel Ultra 7,Integrated,16GB,512GB SSD,,804,New,https://mojitech.net/shop/laptops/lenovo-ideapad-slim-3-15iph11-core-ultra-7-16gb-512gb/,1
Mojitech,Lenovo,Ideapad Slim 3 15IRH10 83K100E7DP,,,,,,734,New,https://mojitech.net/shop/laptops/lenovo-ideapad-slim-3-15irh10-83k100e7dp/,1
Mojitech,Lenovo,Ideapad Slim 3 15IRH10,Intel Core i7,Integrated,16GB,512GB SSD,,798,New,https://mojitech.net/shop/laptops/lenovo-ideapad-slim-3-15irh10-core-i7-16gb-512gb/,1
Mojitech,Lenovo,Ideapad Slim 3 15IRU8 82X7006LAX,,,,,,,New,https://mojitech.net/shop/laptops/lenovo-ideapad-slim-3-15iru8-82x7006lax/,1
Mojitech,Lenovo,Ideapad Slim 3 15IRU8 82X700HRAX,,,,,,444,New,https://mojitech.net/shop/laptops/lenovo-ideapad-slim-3-15iru8-82x700hrax/,1
Mojitech,Lenovo,Ideapad Slim 3 15IRU8 82X700JBDP,,,,,,,New,https://mojitech.net/shop/laptops/lenovo-ideapad-slim-3-15iru8-82x700jbdp/,1
Mojitech,Lenovo,Ideapad Slim 3 15IWC11,,,,,,909,New,https://mojitech.net/shop/laptops/lenovo-ideapad-slim-3-15iwc11-laptop/,1
Mojitech,Lenovo,Ideapad Slim 3 82X700BTAX,,,,,,,New,https://mojitech.net/shop/laptops/lenovo-ideapad-slim-3-82x700btax/,1
Mojitech,Lenovo,Ideapad Slim 3,Intel Core i3-1305U,Integrated,8GB,256GB SSD,,,New,https://mojitech.net/shop/laptops/lenovo-ideapad-slim-3-core-i3-1305u-8gb-256gb-nvme-15-6-tax-included-2/,1
Mojitech,Lenovo,Ideapad Slim 3,Intel Core i3-1305U,Integrated,8GB,256GB SSD,,439,New,https://mojitech.net/shop/laptops/lenovo-ideapad-slim-3-core-i3-1305u-8gb-256gb-nvme-15-6-tax-included/,1
Mojitech,Lenovo,Ideapad Slim 3,Intel Core i3,Integrated,,512GB SSD,,449,New,https://mojitech.net/shop/laptops/lenovo-ideapad-slim-3-laptop-core-i3-512gb-nvme/,1
Mojitech,Lenovo,Ideapad Slim 3,Intel Core i7,Integrated,16GB,1TB SSD,,796,New,https://mojitech.net/shop/laptops/lenovo-ideapad-slim-3-laptop-i7-16gb-1tb-touch/,1
Mojitech,Lenovo,Ideapad Slim 3,,,,,,,New,https://mojitech.net/shop/laptops/lenovo-ideapad-slim-3/,1
Mojitech,Lenovo,Ideapad Slim 3X 83N30010US,Snapdragon x,Integrated Adreno,16GB,256GB SSD,,,New,https://mojitech.net/shop/laptops/lenovo-ideapad-slim-3x-83n30010us-snapdragon-x-x1-26-100-16gb-ddr5-256gb-ssd-qualcomm-adreno-15-3-1920x1200-1-year-warranty/,1
Mojitech,Lenovo,Ideapad Slim 5,Intel Core i7-1355U,Integrated,16GB,512GB SSD,,,New,https://mojitech.net/shop/laptops/lenovo-ideapad-slim-5-core-i7-1355u-16gb-512gb-nvme-16/,1
Mojitech,Lenovo,Ideapad Slim 5I 16IRH10R 83J1002SUS,,,,,,775,New,https://mojitech.net/shop/laptops/lenovo-ideapad-slim-5i-16irh10r-83j1002sus/,1
Mojitech,Lenovo,Flex 5,Intel Core i3-1215U,Integrated,8GB,256GB SSD,"14""",,New,https://mojitech.net/shop/laptops/lenovo-laptop-flex-5-core-i3-1215u-8gb-256gb-ssd-14%e2%80%b3-tax-free/,1
Mojitech,Lenovo,Legion 5 15AKP10,,RTX 5070,,,,,New,https://mojitech.net/shop/laptops/lenovo-legion-5-15akp10-rtx-5070-oled/,1
Mojitech,Lenovo,Legion 5 16IRX9 83DF00A8US,,,,,,,New,https://mojitech.net/shop/laptops/lenovo-legion-5-16irx9-83df00a8us/,1
Mojitech,Lenovo,Legion Pro 5 16IRX10 83NN005UDP,,,,,,,New,https://mojitech.net/shop/laptops/lenovo-legion-pro-5-16irx10-83nn005udp/,1
Mojitech,Lenovo,Loq 15AHP10,AMD Ryzen 7,RTX 5050,,,,,New,https://mojitech.net/shop/laptops/lenovo-loq-15ahp10-ryzen-7-rtx-5050/,1
Mojitech,Lenovo,Loq 15AHP9,AMD Ryzen 7,RTX 3050,,,,,New,https://mojitech.net/shop/laptops/lenovo-loq-15ahp9-ryzen-7-rtx-3050/,1
Mojitech,Lenovo,Loq 15IAX9 83GS001CUS,,,,,,,New,https://mojitech.net/shop/laptops/lenovo-loq-15iax9-83gs001cus/,1
Mojitech,Lenovo,Loq 15IAX9 83GS00ANPS,,,,,,,New,https://mojitech.net/shop/laptops/lenovo-loq-15iax9-83gs00anps/,1
Mojitech,Lenovo,Loq 15IAX9 83GS00G7D,,,,,,,New,https://mojitech.net/shop/laptops/lenovo-loq-15iax9-83gs00g7d/,1
Mojitech,Lenovo,Loq 15IAX9 83GS00K2FE,,,,,,,New,https://mojitech.net/shop/laptops/lenovo-loq-15iax9-83gs00k2fe/,1
Mojitech,Lenovo,Loq 15IAX9E 83LK0000US,,,,,,,New,https://mojitech.net/shop/laptops/lenovo-loq-15iax9e-83lk0000us/,1
Mojitech,Lenovo,Loq 15IAX9E 83LK0062DP,,,,,,,New,https://mojitech.net/shop/laptops/lenovo-loq-15iax9e-83lk0062dp/,1
Mojitech,Lenovo,Loq 15IAX9E 83LK006DAX,,,,,,,New,https://mojitech.net/shop/laptops/lenovo-loq-15iax9e-83lk006dax/,1
Mojitech,Lenovo,Loq 15IAX9E 83LK0074AX,,,,,,,New,https://mojitech.net/shop/laptops/lenovo-loq-15iax9e-83lk0074ax/,1
Mojitech,Lenovo,Loq 15IAX9E,Intel Core i5,RTX 4050,,,,,New,https://mojitech.net/shop/laptops/lenovo-loq-15iax9e-gaming-laptop-i5-rtx-4050/,1
Mojitech,Lenovo,Loq 15IRH8 82XV00ARDP,,,,,,911,New,https://mojitech.net/shop/laptops/lenovo-loq-15irh8-82xv00ardp/,1
Mojitech,Lenovo,Loq 15IRH8 82XV00NCLK,,,,,,919,New,https://mojitech.net/shop/laptops/lenovo-loq-15irh8-82xv00nclk/,1
Mojitech,Lenovo,Loq 15IRH8 82XV00UEAK,,,,,,,New,https://mojitech.net/shop/laptops/lenovo-loq-15irh8-82xv00ueak/,1
Mojitech,Lenovo,Loq 15IRH8 82XVX017US,,,,,,,New,https://mojitech.net/shop/laptops/lenovo-loq-15irh8-82xvx017us/,1
Mojitech,Lenovo,Loq 15IRH8,Intel Core i7-13620H,RTX 4050,16GB,512GB SSD,"15.6""",999,New,https://mojitech.net/shop/laptops/lenovo-loq-15irh8-core-i7-13620h-16gb-512gb-nvme-rtx-4050-15-6%e2%80%b3-tax-included/,1
Mojitech,Lenovo,Loq 15IRX9 83DV0072PS,,,,,,1072,New,https://mojitech.net/shop/laptops/lenovo-loq-15irx9-83dv0072ps/,1
Mojitech,Lenovo,Loq 15IRX9,Intel Core i7,RTX 4050 16GB,,512GB SSD,,,New,https://mojitech.net/shop/laptops/lenovo-loq-15irx9-i7-rtx-4050-16gb-512gb/,1
Mojitech,Lenovo,Loq 82XV00KDAK,,,,,,1019,New,https://mojitech.net/shop/laptops/lenovo-loq-82xv00kdak/,1
Mojitech,Lenovo,Loq 83DV000DAX,Intel Core i7-13650HX,RTX 4050 16GB,16GB,512GB SSD,,1159,New,https://mojitech.net/shop/laptops/lenovo-loq-83dv000dax-core-i7-13650hx-rtx-4050-16gb-ddr5-512gb-nvme-15-6-fhd-1920x1080-ips-144hz-1-year-warranty/,1
Mojitech,Lenovo,Loq 83DV00RFAX,,,,,,,New,https://mojitech.net/shop/laptops/lenovo-loq-83dv00rfax/,1
Mojitech,Lenovo,Loq 83DV01HPSA,Intel Core i7,RTX 4050,,,,1179,New,https://mojitech.net/shop/laptops/lenovo-loq-83dv01hpsa-gaming-laptop-i7-rtx-4050/,1
Mojitech,Lenovo,Loq 83GS002K2FE,,,,,,,New,https://mojitech.net/shop/laptops/lenovo-loq-83gs002k2fe/,1
Mojitech,Lenovo,Loq,Intel Core i7,RTX 3050,,,,1099,New,https://mojitech.net/shop/laptops/lenovo-loq-gaming-laptop-i7-rtx-3050-144hz/,1
Mojitech,Lenovo,Loq,Intel Core i7,RTX 4050,,,,1017,New,https://mojitech.net/shop/laptops/lenovo-loq-gaming-laptop-i7-rtx-4050-144hz/,1
Mojitech,Lenovo,Slim 7 Pro X 14ARH7,AMD Ryzen 7 6800hs,RTX 3050,16GB,1TB SSD,,994,New,https://mojitech.net/shop/laptops/lenovo-slim-7-pro-x-14arh7-ryzen-7-6800hs-16gb-1tb-ssd-rtx3050-14-5/,1
Mojitech,Lenovo,Thinkpad 21SSS499 Ai U7,,,16GB,512GB SSD,,999,New,https://mojitech.net/shop/laptops/lenovo-thinkpad-21sss499-ai-u7-16gb-512gb-16-wuxga/,1
Mojitech,Lenovo,Thinkpad Carbon G11,,,,,,,New,https://mojitech.net/shop/laptops/lenovo-thinkpad-carbon-g11/,1
Mojitech,Lenovo,Thinkpad E14,Intel Core i7-1255U,Integrated,8GB,512GB SSD,,765,New,https://mojitech.net/shop/laptops/lenovo-thinkpad-e14-core-i7-1255u-8gb-512gb-nvme-14-tax-included/,1
Mojitech,Lenovo,Thinkpad E14,Intel Core i7-1355U,Integrated,8GB,512GB SSD,,853,New,https://mojitech.net/shop/laptops/lenovo-thinkpad-e14-core-i7-1355u-8gb-512gb-nvme-14-tax-included/,1
Mojitech,Lenovo,Thinkpad E14 Gen 3 21AH00BQUS,,,,,,814,New,https://mojitech.net/shop/laptops/lenovo-thinkpad-e14-gen-3-21ah00bqus/,1
Mojitech,Lenovo,Thinkpad E14 Gen 5 21JK001TED,,,,,,657,New,https://mojitech.net/shop/laptops/lenovo-thinkpad-e14-gen-5-21jk001ted/,1
Mojitech,Lenovo,Thinkpad E14 Gen 5 21JK00D9ED,,,,,,894,New,https://mojitech.net/shop/laptops/lenovo-thinkpad-e14-gen-5-21jk00d9ed/,1
Mojitech,Lenovo,Thinkpad E14 U5,,,8GB,512GB SSD,,780,New,https://mojitech.net/shop/laptops/lenovo-thinkpad-e14-u5-8gb-512gb-14-fhd/,1
Mojitech,Lenovo,Thinkpad E16 21JN005BUS,,,,,,,New,https://mojitech.net/shop/laptops/lenovo-thinkpad-e16-21jn005bus/,1
Mojitech,Lenovo,Thinkpad E16 21SR005LED,,,,,,,New,https://mojitech.net/shop/laptops/lenovo-thinkpad-e16-21sr005led/,1
Mojitech,Lenovo,Thinkpad E16 Gen 1 21JN001RGR,,,,,,,New,https://mojitech.net/shop/laptops/lenovo-thinkpad-e16-gen-1-21jn001rgr/,1
Mojitech,Lenovo,Thinkpad E16 Gen 1 21JN00CFED,,,,,,,New,https://mojitech.net/shop/laptops/lenovo-thinkpad-e16-gen-1-21jn00cfed/,1
Mojitech,Lenovo,Thinkpad E16 Gen 1 21JN00CVUE,,,,,,885,New,https://mojitech.net/shop/laptops/lenovo-thinkpad-e16-gen-1-21jn00cvue/,1
Mojitech,Lenovo,Thinkpad E16 Gen 3,Intel Core 7 240h,Integrated,16GB,512GB SSD,,,New,https://mojitech.net/shop/laptops/lenovo-thinkpad-e16-gen-3-core-7-240h-16gb-512gb/,1
Mojitech,Lenovo,Thinkpad E16,Intel Core 5 512gb,Integrated,,512GB SSD,,819,New,https://mojitech.net/shop/laptops/lenovo-thinkpad-e16-laptop-core-5-512gb-nvme/,1
Mojitech,Lenovo,Thinkpad E16,Intel Ultra 7,Integrated,16GB,512GB SSD,,999,New,https://mojitech.net/shop/laptops/lenovo-thinkpad-e16-laptop-ultra-7-16gb-512gb/,1
Mojitech,Lenovo,Thinkpad E16,,,,,,714,New,https://mojitech.net/shop/laptops/lenovo-thinkpad-e16/,1
Mojitech,Lenovo,Thinkpad P1 G4,Intel Core i7-11850H,Integrated,,,,1289,New,https://mojitech.net/shop/laptops/lenovo-thinkpad-p1-g4-core-i7-11850h-rtx-t1200/,1
Mojitech,Lenovo,Thinkpad P16 21FA002BUS,,,,,,,New,https://mojitech.net/shop/laptops/lenovo-thinkpad-p16-21fa002bus/,1
Mojitech,Lenovo,Thinkpad P16 21FA0050US,,,,,,,New,https://mojitech.net/shop/laptops/lenovo-thinkpad-p16-21fa0050us/,1
Mojitech,Lenovo,Thinkpad P16 G2,,,,,,3569,New,https://mojitech.net/shop/laptops/lenovo-thinkpad-p16-g2/,1
Mojitech,Lenovo,Thinkpad P16S 21HK003JUS,,,,,,,New,https://mojitech.net/shop/laptops/lenovo-thinkpad-p16s-21hk003jus/,1
Mojitech,Lenovo,Thinkpad P16S Gen 3 21KS000RED,,,,,,,New,https://mojitech.net/shop/laptops/lenovo-thinkpad-p16s-gen-3-21ks000red/,1
Mojitech,Lenovo,Thinkpad P16V 21KX002NUS,,,,,,,New,https://mojitech.net/shop/laptops/lenovo-thinkpad-p16v-21kx002nus/,1
Mojitech,Lenovo,Thinkpad P16V G2,Intel Ultra 7 165h,RTX 2000,,,,2589,New,https://mojitech.net/shop/laptops/lenovo-thinkpad-p16v-g2-ultra-7-165h-rtx-2000/,1
Mojitech,Lenovo,Thinkpad P16V G2,Intel Ultra 9 185h,RTX 3000,,,,2789,New,https://mojitech.net/shop/laptops/lenovo-thinkpad-p16v-g2-ultra-9-185h-rtx-3000/,1
Mojitech,Lenovo,Thinkpad T14 G3 Model 21AH00BLUS Seller Lebanon,,,,,,874,New,https://mojitech.net/shop/laptops/lenovo-thinkpad-t14-g3-model-21ah00blus-seller-lebanon/,1
Mojitech,Lenovo,Thinkpad T14S G3 21BR002TCA,,,,,,1124,New,https://mojitech.net/shop/laptops/lenovo-thinkpad-t14s-g3-21br002tca/,1
Mojitech,Lenovo,Thinkpad T16 21BV0096US,Intel Core i7-1270P,Integrated,16GB,512GB SSD,,1399,New,https://mojitech.net/shop/laptops/lenovo-thinkpad-t16-21bv0096us-core-i7-1270p-16gb-ddr4-512gb-nvme-16-seller-lebanon/,1
Mojitech,Lenovo,Thinkpad T16 21CH0040CA,,,,,,,New,https://mojitech.net/shop/laptops/lenovo-thinkpad-t16-21ch0040ca/,1
Mojitech,Lenovo,Thinkpad X1 Carbon 21HMS19Q00 2,,,,,,,New,https://mojitech.net/shop/laptops/lenovo-thinkpad-x1-carbon-21hms19q00-2/,1
Mojitech,Lenovo,Thinkpad X1 Carbon Gen 11,Intel Core i7-1355U,Integrated,16GB,512GB SSD,,1499,New,https://mojitech.net/shop/laptops/lenovo-thinkpad-x1-carbon-gen-11-core-i7-1355u-16gb-512gb-nvme-14-wuxga-tax-included/,1
Mojitech,Lenovo,Thinkpad X1 Extreme 21DE001DUS,,,,,,,New,https://mojitech.net/shop/laptops/lenovo-thinkpad-x1-extreme-21de001dus/,1
Mojitech,Lenovo,Thinkpad Z16 Gen 1 21D4001XCA,,,,,,838,New,https://mojitech.net/shop/laptops/lenovo-thinkpad-z16-gen-1-21d4001xca/,1
Mojitech,Lenovo,V15 82C3001NAK,,,,,,198,New,https://mojitech.net/shop/laptops/lenovo-v15-82c3001nak/,1
Mojitech,Lenovo,V15 G3,,,,,,,New,https://mojitech.net/shop/laptops/lenovo-v15-g3/,1
Mojitech,Lenovo,V15 G3IAP,Intel Core i3-1215U,Integrated,8GB,256GB SSD,,,New,https://mojitech.net/shop/laptops/lenovo-v15-g3iap-core-i3-1215u-8gb-256gb-nvme-15-6-fhd-tax-included/,1
Mojitech,Lenovo,V15 G5 Irl,,,,,,1775,New,https://mojitech.net/shop/laptops/lenovo-v15-g5-irl-laptop-2/,1
Mojitech,Lenovo,Yoga Tablet 2IN1 ZAG60266US SNAPDRAGON8GEN3,Snapdragon,Integrated Adreno,,,,589,New,https://mojitech.net/shop/laptops/lenovo-yoga-tablet-2in1-zag60266us-snapdragon8gen3/,1
Mojitech,Lenovo,Legion S7 16IAH7 82TF009TDP,,,,,,1299,New,https://mojitech.net/shop/laptops/lenovo/legion-s7-16iah7-82tf009tdp/,1
Mojitech,Lenovo,Ideapad 1 15IAU7 82QD00BSAD,,,,,,,New,https://mojitech.net/shop/laptops/lenovo/lenovo-ideapad-1-15iau7-82qd00bsad/,1
Mojitech,Lenovo,Ideapad 1 15IAU7 82QD00GNUS,,,,,,,New,https://mojitech.net/shop/laptops/lenovo/lenovo-ideapad-1-15iau7-82qd00gnus/,1
Mojitech,Lenovo,Ideapad 3 15IAU7 82RK00H4AX,,,,,,,New,https://mojitech.net/shop/laptops/lenovo/lenovo-ideapad-3-15iau7-82rk00h4ax/,1
Mojitech,Lenovo,Ideapad Pro 5 16IMH9 83D4001HUS,,,,,,1488,New,https://mojitech.net/shop/laptops/lenovo/lenovo-ideapad-pro-5-16imh9-83d4001hus/,1
Mojitech,Lenovo,Ideapad Slim 3 14AMN8 82XN006TIN,,,,,,,New,https://mojitech.net/shop/laptops/lenovo/lenovo-ideapad-slim-3-14amn8-82xn006tin/,1
Mojitech,Lenovo,Ideapad Slim 3 15IRH10 83K100C1DP,,,,,,629,New,https://mojitech.net/shop/laptops/lenovo/lenovo-ideapad-slim-3-15irh10-83k100c1dp/,1
Mojitech,Lenovo,Ideapad Slim 3 15IRH10 83K100E6DP,,,,,,550,New,https://mojitech.net/shop/laptops/lenovo/lenovo-ideapad-slim-3-15irh10-83k100e6dp/,1
Mojitech,Lenovo,Ideapad Slim 3 15IRH8 83EM0088AX,,,,,,,New,https://mojitech.net/shop/laptops/lenovo/lenovo-ideapad-slim-3-15irh8-83em0088ax/,1
Mojitech,Lenovo,Ideapad Slim 3 15IRH8 83EM00DKIN,,,,,,,New,https://mojitech.net/shop/laptops/lenovo/lenovo-ideapad-slim-3-15irh8-83em00dkin/,1
Mojitech,Lenovo,Ideapad Slim 3 83K700TUUS,AMD Ryzen 7,Integrated AMD Radeon,16GB,512GB SSD,,,New,https://mojitech.net/shop/laptops/lenovo/lenovo-ideapad-slim-3-83k700tuus-ryzen-7-16gb-512gb-touch/,1
Mojitech,Lenovo,Ideapad Slim 3,Intel Core i7,Integrated,16GB,512GB SSD,,698,New,https://mojitech.net/shop/laptops/lenovo/lenovo-ideapad-slim-3-i7-16gb-512gb-ssd/,1
Mojitech,Lenovo,Ideapad Slim 3,Intel Core i5,Integrated,,512GB SSD,,558,New,https://mojitech.net/shop/laptops/lenovo/lenovo-ideapad-slim-3-laptop-core-i5-512gb-nvme/,1
Mojitech,Lenovo,Ideapad Slim 3,Intel Core i7,Integrated,,512GB SSD,,710,New,https://mojitech.net/shop/laptops/lenovo/lenovo-ideapad-slim-3-laptop-core-i7-512gb-nvme/,1
Mojitech,Lenovo,Thinkpad E14 Gen 5,Intel Core i7-1355U,Integrated,8GB,512GB SSD,,979,New,https://mojitech.net/shop/laptops/lenovo/lenovo-thinkpad-e14-gen-5-core-i7-1355u-8gb-512gb-nvme-14-tax-included/,1
Mojitech,Lenovo,Thinkpad T14 GEN4,Intel Core i7-1365U,Integrated,16GB,512GB SSD,,,New,https://mojitech.net/shop/laptops/lenovo/lenovo-thinkpad-t14-gen4-core-i7-1365u-16gb-512gb-nvme-14/,1
Mojitech,Lenovo,Thinkpad T14 GEN4,Intel Core i7-1365U,Integrated,16GB,512GB SSD,,,New,https://mojitech.net/shop/laptops/lenovo/lenovo-thinkpad-t14-gen4-i7-1365u-16gb-512gb/,1
Mojitech,Lenovo,V14 G3 Iap,Intel Core i3-1215U,Integrated,8GB,256GB SSD,,,New,https://mojitech.net/shop/laptops/lenovo/lenovo-v14-g3-iap-core-i3-1215u-8gb-256gb-nvme-15-6fhd-tax-included/,1
Mojitech,Lenovo,V14 G5 Irl 83HDA06JUS,Intel Core 7,Integrated,,,,859,New,https://mojitech.net/shop/laptops/lenovo/lenovo-v14-g5-irl-83hda06jus-core-7-laptop/,1
Mojitech,Lenovo,V15 82C3000GAK,Intel Celeron,Integrated,4GB,,,200,New,https://mojitech.net/shop/laptops/lenovo/lenovo-v15-82c3000gak-celeron-15-6-4gb/,1
Mojitech,Thinkbook,13X G2,,,,,,1500,New,https://mojitech.net/shop/laptops/lenovo/thinkbook-13x-g2/,1
Mojitech,Lenovo,Thinkpad X13 G3 2,,,,,,1900,New,https://mojitech.net/shop/laptops/lenovo/thinkpad-x13-g3-2/,1
Mojitech,Microsoft,Surface,Snapdragon x plus,Integrated Adreno,16GB,512GB SSD,,1139,New,https://mojitech.net/shop/laptops/microsoft-surface-laptop-13-snapdragon-x-plus-16gb-512gb/,1
Mojitech,Microsoft,Surface,,,,,,980,New,https://mojitech.net/shop/laptops/microsoft-surface-laptop-5-r1s-00001/,1
Mojitech,Microsoft,Surface,,,,,,,New,https://mojitech.net/shop/laptops/microsoft-surface-laptop-5-rbg-00026/,1
Mojitech,Microsoft,Surface,,,,,,1378,New,https://mojitech.net/shop/laptops/microsoft-surface-laptop-ep2-33426/,1
Mojitech,Microsoft,Surface Pro 9 2,,,,,,,New,https://mojitech.net/shop/laptops/microsoft-surface-pro-9-2/,1
Mojitech,Microsoft,Surface Pro 9 3,,,,,,,New,https://mojitech.net/shop/laptops/microsoft-surface-pro-9-3/,1
Mojitech,Microsoft,Surface Pro 9 Vq1 0001 Seller Lebanon,,,,,,2150,New,https://mojitech.net/shop/laptops/microsoft-surface-pro-9-vq1-0001-seller-lebanon/,1
Mojitech,MSI,Crosshair 16 E14WGK 038US,Intel Core i9-14900HX,RTX 5070 16GB,,512GB SSD,,1689,New,https://mojitech.net/shop/laptops/msi-crosshair-16-e14wgk-038us-i9-14900hx-rtx-5070-16gb-512gb/,1
Mojitech,MSI,Crosshair 16 Max 9S7 26532 028,Intel Ultra 9,RTX 5070 32GB,,1TB SSD,,2659,New,https://mojitech.net/shop/laptops/msi-crosshair-16-max-9s7-26532-028-ultra-9-rtx-5070-32gb-1tb/,1
Mojitech,MSI,Crosshair 18 Hx Ai A2XWGKG012US,,RTX 5070,,,,2039,New,https://mojitech.net/shop/laptops/msi-crosshair-18-hx-ai-a2xwgkg012us-rtx-5070/,1
Mojitech,MSI,Crosshair 18 Hx Ai,,RTX 5070,,,,,New,https://mojitech.net/shop/laptops/msi-crosshair-18-hx-ai-rtx-5070-240hz/,1
Mojitech,MSI,Crosshair A13VGK,Intel Core i7-13620H,RTX 4070,16GB,1TB SSD,"16""",1199,New,https://mojitech.net/shop/laptops/msi-crosshair-a13vgk-core-i7-13620h-16gb-1tb-ssd-rtx-4070-16%e2%80%b3/,1
Mojitech,MSI,Cyborg 15 9S7 15K111 459,,,,,,,New,https://mojitech.net/shop/laptops/msi-cyborg-15-9s7-15k111-459/,1
Mojitech,MSI,Cyborg 15 A13VE 9S7 15K111 1872,Intel Core i7-13620H,RTX 4050 16GB,,512GB SSD,,1019,New,https://mojitech.net/shop/laptops/msi-cyborg-15-a13ve-9s7-15k111-1872-i7-13620h-rtx-4050-16gb-512gb/,1
Mojitech,MSI,Cyborg 15 A13VE,Intel Core i7-13620H,RTX 4050,16GB,512GB SSD,,,New,https://mojitech.net/shop/laptops/msi-cyborg-15-a13ve-core-i7-13620h-16gb-512gb-nvme-rtx4050-15-6-tax-included/,1
Mojitech,MSI,Cyborg 15 B2RWFKG 071,,,,,,1128,New,https://mojitech.net/shop/laptops/msi-cyborg-15-b2rwfkg-071/,1
Mojitech,MSI,Cyborg 15 B2RWFKG 073XRO,Intel Core 7,RTX 5060 16GB,,1TB SSD,,1264,New,https://mojitech.net/shop/laptops/msi-cyborg-15-b2rwfkg-073xro-core-7-rtx-5060-16gb-1tb/,1
Mojitech,MSI,Cyborg 15 B2RWGKG 409US,Intel Core 7 240h,RTX 5070,,,,1439,New,https://mojitech.net/shop/laptops/msi-cyborg-15-b2rwgkg-409us-core-7-240h-rtx-5070/,1
Mojitech,MSI,Cyborg 15,Intel Core i7,RTX 3050,,,,988,New,https://mojitech.net/shop/laptops/msi-cyborg-15-gaming-laptop-i7-rtx-3050/,1
Mojitech,MSI,GV15 11SC 633,Intel Core i5-11400H,GTX 1650,,256GB SSD,,578,New,https://mojitech.net/shop/laptops/msi-gv15-11sc-633-i5-11400h-gtx-1650-8gb-256gb/,1
Mojitech,MSI,Katana 15 B13VGK,Intel Core i9,,,,,,New,https://mojitech.net/shop/laptops/msi-katana-15-b13vgk-i9/,1
Mojitech,MSI,Katana 15 Hx B14WEK 001US,,,,,,1225,New,https://mojitech.net/shop/laptops/msi-katana-15-hx-b14wek-001us-gaming-laptop/,1
Mojitech,MSI,Katana 15 Hx B14WEK 002US,Intel Core i7-14650HX,RTX 5050 16GB,,1TB SSD,,,New,https://mojitech.net/shop/laptops/msi-katana-15-hx-b14wek-002us-core-i7-14650hx-rtx-5050-16gb-1tb-nvme-15-6-tax-included/,1
Mojitech,MSI,Katana 15 Hx B14WEK,,,,,,,New,https://mojitech.net/shop/laptops/msi-katana-15-hx-b14wek/,1
Mojitech,MSI,Katana 15 Hx B14WFK,,,,,,,New,https://mojitech.net/shop/laptops/msi-katana-15-hx-b14wfk/,1
Mojitech,MSI,Katana 15 Hx B14WGK 061XPL,,,,,,1609,New,https://mojitech.net/shop/laptops/msi-katana-15-hx-b14wgk-061xpl/,1
Mojitech,MSI,Katana 15 Hx B14WGK 821XPL,,,,,,1609,New,https://mojitech.net/shop/laptops/msi-katana-15-hx-b14wgk-821xpl/,1
Mojitech,MSI,Katana 15 Hx B14WGK,,RTX 5070,,,,1639,New,https://mojitech.net/shop/laptops/msi-katana-15-hx-b14wgk-rtx-5070/,1
Mojitech,MSI,Katana GF66 12UE 457,Intel Core i7-12700H,RTX 3060 16GB,,1TB SSD,,1054,New,https://mojitech.net/shop/laptops/msi-katana-gf66-12ue-457-i7-12700h-rtx-3060-16gb-1tb/,1
Mojitech,MSI,Modern 14 H D13MG,,,,,,,New,https://mojitech.net/shop/laptops/msi-modern-14-h-d13mg/,1
Mojitech,MSI,Modern 15 B13M 9S7 15H411 010,,,,,,,New,https://mojitech.net/shop/laptops/msi-modern-15-b13m-9s7-15h411-010/,1
Mojitech,MSI,Modern 15 H Ai C1MG,Intel Ultra 7,Integrated,,,,,New,https://mojitech.net/shop/laptops/msi-modern-15-h-ai-c1mg-ultra-7/,1
Mojitech,MSI,Modern 15 H Ai C1MG,,,,,,,New,https://mojitech.net/shop/laptops/msi-modern-15-h-ai-c1mg/,1
Mojitech,MSI,Modern 15H B13M,Intel Core i9-13900H,Integrated,32GB,1TB SSD,,,New,https://mojitech.net/shop/laptops/msi-modern-15h-b13m-core-i9-13900h-32gb-1tb-15-6/,1
Mojitech,MSI,Modern 15H C2RMTG 406US,,,,,,1189,New,https://mojitech.net/shop/laptops/msi-modern-15h-c2rmtg-406us-laptop/,1
Mojitech,MSI,Prestige 14 H B13UCX,Intel Core i7-1360P,RTX 2050 16GB,,1TB SSD,,,New,https://mojitech.net/shop/laptops/msi-prestige-14-h-b13ucx-i7-1360p-rtx-2050-16gb-1tb-nvme-14/,1
Mojitech,MSI,Prestige Prestige A16 Ai 9S7 159K12 016,,,,,,1259,New,https://mojitech.net/shop/laptops/msi-prestige-prestige-a16-ai-9s7-159k12-016/,1
Mojitech,MSI,Pulse GL76 12UGK 258 GL7612258 R,,,,,,1078,New,https://mojitech.net/shop/laptops/msi-pulse-gl76-12ugk-258-gl7612258-r/,1
Mojitech,MSI,RAIDERGE78 Hx,,,,,,2315,New,https://mojitech.net/shop/laptops/msi-raiderge78-hx/,1
Mojitech,MSI,Stealth GS77 9S7 17P112 231,,,,,,,New,https://mojitech.net/shop/laptops/msi-stealth-gs77-9s7-17p112-231/,1
Mojitech,MSI,Summit E13 Flip Evo,Intel Core i7-1360P,Integrated,32GB,1TB SSD,,1033,New,https://mojitech.net/shop/laptops/msi-summit-e13-flip-evo-core-i7-1360p-32gb-1tb-nvme-13-4-tax-included/,1
Mojitech,MSI,Thin GF63 9S7 16R831 1298,,,,,,,New,https://mojitech.net/shop/laptops/msi-thin-gf63-9s7-16r831-1298/,1
Mojitech,MSI,Vector 16 Hx 9S7 15M352 499,,,,,,,New,https://mojitech.net/shop/laptops/msi-vector-16-hx-9s7-15m352-499/,1
Mojitech,MSI,Vector 16 Hx Ai 9S7 15M352 272,,,,,,1839,New,https://mojitech.net/shop/laptops/msi-vector-16-hx-ai-9s7-15m352-272/,1
Mojitech,MSI,Vector 16 Hx Ai 9S7 15M352 288,,,,,,2169,New,https://mojitech.net/shop/laptops/msi-vector-16-hx-ai-9s7-15m352-288/,1
Mojitech,MSI,Vector 16 Hx Ai A2XWHG,,,,,,,New,https://mojitech.net/shop/laptops/msi-vector-16-hx-ai-a2xwhg/,1
Mojitech,MSI,Vector 16 Hx,Intel Ultra 9,RTX 5090,,,,3599,New,https://mojitech.net/shop/laptops/msi-vector-16-hx-gaming-laptop-ultra-9-rtx-5090/,1
Mojitech,MSI,Vector 17 Hx Ai A2XWIG,,,,,,,New,https://mojitech.net/shop/laptops/msi-vector-17-hx-ai-a2xwig/,1
Mojitech,MSI,Vector A16 Hx RYZEN9 RTX5070TI,AMD Ryzen 9,RTX 5070 Ti,,,,1965,New,https://mojitech.net/shop/laptops/msi-vector-a16-hx-ryzen9-rtx5070ti-gaming-laptop/,1
Mojitech,MSI,Venturepro 15 A2RWFG,,,,,,1149,New,https://mojitech.net/shop/laptops/msi-venturepro-15-a2rwfg-laptop/,1
Mojitech,MSI,GF63 Thin,Intel Core i7-12650H,RTX 3050,16GB,512GB SSD,"15.6""",964,New,https://mojitech.net/shop/laptops/msi/msi-gf63-thin-core-i7-12650h-16gb-512gb-ssd-rtx-3050-15-6%e2%80%b3/,1
Mojitech,MSI,Katana 15 KATANA1512813,,,,,,,New,https://mojitech.net/shop/laptops/msi/msi-katana-15-katana1512813/,1
Mojitech,Nec,Versapro VEE11,,,,,,148,New,https://mojitech.net/shop/laptops/nec-versapro-vee11-laptop-intel-n5100-touch-x360/,1
Mojitech,Razer,Blade 14,AMD Ryzen AI 9,RTX 5070,,,,2589,New,https://mojitech.net/shop/laptops/razer-blade-14-ryzen-ai-9-rtx-5070-gaming-laptop-rz09-05306es3-r3u1/,1
Mojitech,Razer,Blade 14 RZ09 05081ED3 R3U1,,,,,,,New,https://mojitech.net/shop/laptops/razer-blade-14-rz09-05081ed3-r3u1/,1
Mojitech,Samsung,Galaxy Book 4 Edge NP960XMB K B1US,,,,,,,New,https://mojitech.net/shop/laptops/samsung-galaxy-book-4-edge-np960xmb-k-b1us/,1
Mojitech,Samsung,Galaxy Book 4,Intel Core 7 150u,Integrated,,,,679,New,https://mojitech.net/shop/laptops/samsung-galaxy-book-4-intel-core-7-150u/,1
Mojitech,Samsung,Galaxy Book 5 Pro 14 Oled,,,,,,1215,New,https://mojitech.net/shop/laptops/samsung-galaxy-book-5-pro-14-oled/,1
Mojitech,Samsung,Galaxy BOOK3,,,,,,,New,https://mojitech.net/shop/laptops/samsung-galaxy-book3-ultra-np964xfh-xa2us/,1
Mojitech,Samsung,Galaxy BOOK4 EDC8L122US,,,,,,,New,https://mojitech.net/shop/laptops/samsung-galaxy-book4-edc8l122us/,1
Mojitech,Samsung,Galaxy BOOK4 Edge P960XMB KB1US,,,,,,1389,New,https://mojitech.net/shop/laptops/samsung-galaxy-book4-edge-p960xmb-kb1us/,1
Mojitech,Samsung,Galaxy BOOK4 Pro PROC8L12,,,,,,,New,https://mojitech.net/shop/laptops/samsung-galaxy-book4-pro-proc8l12/,1
Mojitech,Samsung,Galaxy BOOK4,,,,,,2839,New,https://mojitech.net/shop/laptops/samsung-galaxy-book4-ultra-np960xgl-xg1us-4070/,1
Mojitech,Samsung,Galaxy BOOK4,,,,,,,New,https://mojitech.net/shop/laptops/samsung-galaxy-book4-ultra-np964xgl-xg2us/,1
Mojitech,Samsung,Galaxy BOOK4,,,,,,,New,https://mojitech.net/shop/laptops/samsung-galaxy-book4-ultra-np964xgl-xg5us/,1
Mojitech,Microsoft,Seller Lebanon Microsoft 13 Qlp 00001 Multi Touch Surface Pro 9,,,,,,1899,New,https://mojitech.net/shop/laptops/seller-lebanon-microsoft-13-qlp-00001-multi-touch-surface-pro-9/,1
Mojitech,Stealth,Stealth,,,,,,1900,New,https://mojitech.net/shop/laptops/stealth/,1
Mojitech,Lenovo,Thinkpad E14 G4 2,,,,,,,New,https://mojitech.net/shop/laptops/thinkpad-e14-g4-2/,1
Mojitech,Lenovo,Thinkpad E14 G4,,,,,,900,New,https://mojitech.net/shop/laptops/thinkpad-e14-g4/,1
Mojitech,Lenovo,Thinkpad Ideapad Slim 3I,,,,,,,New,https://mojitech.net/shop/laptops/thinkpad-ideapad-slim-3i-laptop/,1
Mojitech,Lenovo,Thinkpad P14S Mobile Workstation,,,,,,1525,New,https://mojitech.net/shop/laptops/thinkpad-p14s-mobile-workstation/,1
Mojitech,Lenovo,Thinkpad P16 Gen 2 Mobile Workstation 2,,,,,,2750,New,https://mojitech.net/shop/laptops/thinkpad-p16-gen-2-mobile-workstation-2/,1
Mojitech,Lenovo,Thinkpad P16 Gen 2 Mobile Workstation,,,,,,2350,New,https://mojitech.net/shop/laptops/thinkpad-p16-gen-2-mobile-workstation/,1
Mojitech,Lenovo,Thinkpad P16S G4 Mobile Workstation,,,,,,2050,New,https://mojitech.net/shop/laptops/thinkpad-p16s-g4-mobile-workstation/,1
Mojitech,Lenovo,Thinkpad X13 G3,,,,,,1650,New,https://mojitech.net/shop/laptops/thinkpad-x13-g3/,1
Mojitech,HP,Victus 15 FA1038NE,,,,,,1090,New,https://mojitech.net/shop/laptops/victus-15-fa1038ne/,1
Mojitech,HP,Victus 15 FA1039NE,,,,,,1073,New,https://mojitech.net/shop/laptops/victus-15-fa1039ne/,1
Mojitech,Vivobook,15 X1504,,,,,,527,New,https://mojitech.net/shop/laptops/vivobook-15-x1504/,1
Mojitech,Yoga,7I,,,,,,1200,New,https://mojitech.net/shop/laptops/yoga-7i/,1
Jak Computer,Acer,Aspire 14 Ai,,,,,,1127,New,https://jakcomputer.com/products/acer-aspire-14-ai,1
Jak Computer,Acer,Nitro V 16S NHU29EM003,,,,,,1600,New,https://jakcomputer.com/products/acer-nitro-v-16s-nhu29em003,1
Jak Computer,Acer,Nitro V15,Intel Core i9,,,,,1127,New,https://jakcomputer.com/products/acer-nitro-v15-i9-rtx-tm-5050,1
Jak Computer,Acer,Predator Helios 18 PH18 73 974G,,,,,,3244,New,https://jakcomputer.com/products/acer-predator-helios-18-ph18-73-974g,1
Jak Computer,Acer,Predator Helios Neo,,,,,,2433,New,https://jakcomputer.com/products/acer-predator-helios-neo,1
Jak Computer,Acer,Swift Go 16 TOUCHSCREENSFG16A71TR87F,,,,,,1352,New,https://jakcomputer.com/products/acer-swift-go-16-touchscreensfg16a71tr87f,1
Jak Computer,Acer,Travelmate P2 Nx VPQEM008,,,,,,496,New,https://jakcomputer.com/products/acer-travelmate-p2-nx-vpqem008,1
Jak Computer,ASUS,Proart Gopro Edition 2IN1,,,,,,4055,New,https://jakcomputer.com/products/asus-proart-gopro-edition-2in1,1
Jak Computer,ASUS,Rog Flow Z13 GZ302EARU056W,,,,,,2095,New,https://jakcomputer.com/products/asus-rog-flow-z13-gz302earu056w,1
Jak Computer,ASUS,Rog Strix G16,,,,,,2568,New,https://jakcomputer.com/products/asus-rog-strix-g16,1
Jak Computer,ASUS,Rog Strix G16 G614FRRV008,,,,,,2028,New,https://jakcomputer.com/products/asus-rog-strix-g16-g614frrv008,1
Jak Computer,ASUS,Rog Strix G16 G615LRS5328,,,,,,2658,New,https://jakcomputer.com/products/asus-rog-strix-g16-g615lrs5328,1
Jak Computer,ASUS,Rog Strix G16 G635LXS5156,,,,,,4055,New,https://jakcomputer.com/products/asus-rog-strix-g16-g635lxs5156,1
Jak Computer,ASUS,Rog Strix G16 G635LXS5200,,,,,,4505,New,https://jakcomputer.com/products/asus-rog-strix-g16-g635lxs5200,1
Jak Computer,ASUS,Rog Strix G16ULTRA9RTX 5080,Intel Ultra 9,RTX 5080,,,,3694,New,https://jakcomputer.com/products/asus-rog-strix-g16ultra9rtx-5080,1
Jak Computer,ASUS,Rog Strix G18 G815LMIS96,,,,,,2028,New,https://jakcomputer.com/products/asus-rog-strix-g18-g815lmis96,1
Jak Computer,ASUS,Rog Strix G18 G815LR,,,,,,2523,New,https://jakcomputer.com/products/asus-rog-strix-g18-g815lr,1
Jak Computer,ASUS,Rog Strix G18 G815LRS9227,,,,,,2838,New,https://jakcomputer.com/products/asus-rog-strix-g18-g815lrs9227,1
Jak Computer,ASUS,Rog Strix G18 G835LXS9113,,,,,,4955,New,https://jakcomputer.com/products/asus-rog-strix-g18-g835lxs9113,1
Jak Computer,ASUS,Rog Strix Scar G18,,,,,,3694,New,https://jakcomputer.com/products/asus-rog-strix-scar-g18,1
Jak Computer,ASUS,Rog Strix SCARG18 G835LXXS97,,,,,,4415,New,https://jakcomputer.com/products/asus-rog-strix-scarg18-g835lxxs97,1
Jak Computer,ASUS,Rog STRIXG16RYZEN 9RTX 5070TI,AMD Ryzen 9,RTX 5070 Ti,,,,2658,New,https://jakcomputer.com/products/asus-rog-strixg16ryzen-9rtx-5070ti,1
Jak Computer,ASUS,Rog Zephyrus DUO16TOUCH Screen,,,,,,6487,New,https://jakcomputer.com/products/asus-rog-zephyrus-duo16touch-screen,1
Jak Computer,ASUS,Rog Zephyrus G14 GA403WR,,,,,,2793,New,https://jakcomputer.com/products/asus-rog-zephyrus-g14-ga403wr,1
Jak Computer,ASUS,Rog Zephyrus G16 Gamingg,,,,,,4550,New,https://jakcomputer.com/products/asus-rog-zephyrus-g16-gamingg,1
Jak Computer,ASUS,Rog Zephyrus G16 GU605CXQR099,,,,,,4460,New,https://jakcomputer.com/products/asus-rog-zephyrus-g16-gu605cxqr099,1
Jak Computer,ASUS,Tuf FA808UM IS74,,,,,,1532,New,https://jakcomputer.com/products/asus-tuf-fa808um-is74,1
Jak Computer,ASUS,Tuf GAMINGF16FX608JMR F16,Intel Core i7-5060,,,,,1577,New,https://jakcomputer.com/products/asus-tuf-gamingf16fx608jmr-f16-i75060,1
Jak Computer,ASUS,Vivobook 16 F1605VA,,,,,,630,New,https://jakcomputer.com/products/asus-vivobook-16-f1605va,1
Jak Computer,ASUS,Vivobook 16 F1605VA WS74,Intel Core i7-1355U,Integrated,,,,721,New,https://jakcomputer.com/products/asus-vivobook-16-f1605va-ws74-core-tm-i7-1355u,1
Jak Computer,ASUS,Vivobook 16 Wuxga F1605VA WS96 Lntel®,Intel Core i9-13900H,Integrated,,,,991,New,https://jakcomputer.com/products/asus-vivobook-16-wuxga-f1605va-ws96-lntel%C2%AE-core-tm-i9-13900h,1
Jak Computer,ASUS,Vivobook 18 M1807HA MS78,,,,,,1127,New,https://jakcomputer.com/products/asus-vivobook-18-m1807ha-ms78,1
Jak Computer,ASUS,Vivobook 18 M1807HA SS71,,,,,,1036,New,https://jakcomputer.com/products/asus-vivobook-18-m1807ha-ss71,1
Jak Computer,ASUS,Vivobook S 14 S5406SA,,,,,,856,New,https://jakcomputer.com/products/asus-vivobook-s-14-s5406sa,1
Jak Computer,ASUS,Vivobook S 15 S5506MA,,,,,,703,New,https://jakcomputer.com/products/asus-vivobook-s-15-s5506ma,1
Jak Computer,ASUS,Zenbook 14 UM3405GA,,,,,,1262,New,https://jakcomputer.com/products/asus-zenbook-14-um3405ga,1
Jak Computer,ASUS,Zenbook S14 UX5406AA,,,,,,1982,New,https://jakcomputer.com/products/asus-zenbook-s14-ux5406aa,1
961souq,Acer,TMP215 Travelmate TMP215 53G 53ZU 15 6 Inch,Intel Core i5,GeForce MX330,8GB,1TB HDD,"15.6""",450,New,https://961souq.com/products/acer-tmp215-travelmate-tmp215-53g-53zu-15-6-inch-core-i5-1135g7-8gb-ram-1tb-hdd-mx330-2gb-ddr5,1
961souq,Apple,Macbook Hardshell With Anti Shock Edge Protection Available For Macbook Air And Pro M1 M2,,Apple GPU,,,,,New,https://961souq.com/products/apple-macbook-hardshell-with-anti-shock-edge-protection-available-for-macbook-air-and-pro-m1-m2,1
961souq,ASUS,Rog Strix G17 G713PI 17 3 Inch,AMD Ryzen 9 7845hx,RTX 4070 8GB,16GB,1TB SSD,"17.3""",2253,New,https://961souq.com/products/asus-rog-strix-g17-g713pi-17-3-inch-ryzen-9-7845hx-16gb-ram-1tb-ssd-rtx-4070-8gb,1
961souq,Dell,Latitude 5420 18BFDB3,Intel Core i5,Integrated,16GB,512GB SSD,"14""",604,New,https://961souq.com/products/dell-latitude-5420-18bfdb3-14-inch-core-i5-1145g7-16gb-ram-512gb-ssd-intel-iris-xe,1
961souq,HP,Probook 440 G9 5Y3R5EA,Intel Core i7-1255U,Integrated,8GB,512GB SSD,"14""",790,New,https://961souq.com/products/hp-probook-440-g9-5y3r5ea-14-inch-core-i7-1255u-8gb-ram-512gb-ssd-intel-iris-xe,1
961souq,HP,Probook 450 G9 5Y3T5EA 15 6 Inch,Intel Core i7-1255U,GeForce MX570,16GB,512GB SSD,"15.6""",790,New,https://961souq.com/products/hp-probook-450-g9-5y3t5ea-15-6-inch-core-i7-1255u-16gb-ram-512gb-ssd-mx570-2gb,1
961souq,HP,Probook 455 G7 7JN03AV 15 6 Inch,AMD Ryzen 7 4700u,Integrated AMD Radeon,8GB,1TB HDD,"15.6""",560,New,https://961souq.com/products/hp-probook-455-g7-7jn03av-15-6-inch-ryzen-7-4700u-8gb-ram-1tb-hdd-radeon-rx-vega-10,1
961souq,MSI,Prestige 14 H B13UCX 14,Intel Core i7-1360P,RTX 2050 4GB,16GB,1TB SSD,,1300,New,https://961souq.com/products/msi-prestige-14-h-b13ucx-14-core-i7-1360p-16gb-ram-1tb-ssd-rtx-2050-4gb,1
961souq,MSI,Stealth 15M 9S7 15B111 039 15 6 Inch,Intel Core i7-1280P,RTX 3060 6GB,16GB,512GB SSD,"15.6""",1037,New,https://961souq.com/products/msi-stealth-15m-9s7-15b111-039-15-6-inch-core-i7-1280p-16gb-ram-512gb-ssd-rtx-3060-6gb,1
DSLR Zone,Acer,Aspire 14 Ai A14 52M 72FH Copilot Pc,Intel Ultra 7 256v,Integrated Intel Arc,16GB,1TB SSD,,850,New,https://www.dslr-zone.com/product/acer-aspire-14-ai-a14-52m-72fh-copilot-pc-intel-core-ultra-7-256v-16gb-lpddr5x-ram-1tb-nvme-ssd-intel-arc-140v-graphics-14-fhd-windows-11-iron-gray/,1
DSLR Zone,Acer,Aspire 14 Ai A14 52MT 94H5,Intel Ultra 9 288v,Integrated,32GB,1TB SSD,,1200,New,https://www.dslr-zone.com/product/acer-aspire-14-ai-a14-52mt-94h5-core-ultra-9-288v-32gb-ram-1tb-ssd-touchscreen/,1
DSLR Zone,Acer,Aspire A315,Intel Core i5,GeForce MX350,,,,455,New,https://www.dslr-zone.com/product/acer-aspire-a315-core-i5-1135g7-mx-350/,1
DSLR Zone,Acer,Aspire Go 15 15 6 Full Hd,AMD Ryzen 7 7730u,Integrated AMD Radeon,16GB,512GB SSD,,725,New,https://www.dslr-zone.com/product/acer-aspire-go-15-15-6-full-hd-laptop-amd-ryzen-7-7730u-16gb-ram-512gb-ssd-pure-silver/,1
DSLR Zone,Acer,Nitro Lite NL16 71G,Intel Core i7-13620H,RTX 3050 6GB,16GB,512GB SSD,,1049,New,https://www.dslr-zone.com/product/acer-nitro-lite-nl16-71g-intel-core-i7-13620h-16gb-ram-512gb-ssd-16-wuxga-165hz-rtx-3050-6gb-gaming-laptop-black/,1
DSLR Zone,Acer,Nitro V15 ANV15 51 90DS,Intel Core i9-13900H,RTX 5060 8GB,16GB,512GB SSD,,1300,New,https://www.dslr-zone.com/product/acer-nitro-v15-anv15-51-90ds-core-i9-gaming-laptop-core-i9-13900h-16gb-ddr4-512gb-nvme-15-6-fhd-165hz-rtx-5060-8gb/,1
DSLR Zone,Acer,Nitro V15 ANV15 52 778V,Intel Core i7-13620H,RTX 5050 8GB,16GB,512GB SSD,,1249,New,https://www.dslr-zone.com/product/acer-nitro-v15-anv15-52-778v-intel-core-i7-13620h-16gb-ram-512gb-ssd-15-6-fhd-165hz-rtx-5050-8gb-gaming-laptop/,1
DSLR Zone,Acer,Nitro V15,Intel Core i9-13900H,RTX 5060 8GB,16GB,512GB SSD,,1450,New,https://www.dslr-zone.com/product/acer-nitro-v15-gaming-laptop-core-i9-13900h-16gb-ram-512gb-ssd-rtx-5060-8gb-15-6-fhd-165hz-1-year-warranty/,1
DSLR Zone,Acer,Nitro V16S ANV16S 71 97BE,Intel Ultra 9,RTX 5070,16GB,1TB SSD,,1600,New,https://www.dslr-zone.com/product/acer-nitro-v16s-anv16s-71-97be-core-ultra-9-16gb-ram-1tb-nvme-ssd-rtx-5070/,1
DSLR Zone,Acer,Predator Helios Neo 16S Ai,Intel Ultra 9 275hx,RTX 5060 8GB,16GB,1TB SSD,,1825,New,https://www.dslr-zone.com/product/acer-predator-helios-neo-16s-ai-core-ultra-9-275hx-16gb-ram-1tb-ssd-rtx-5060-8gb/,1
DSLR Zone,Acer,Predator Helios Neo 16S Ai,Intel Ultra 9 275hx,RTX 5070 Ti 12GB,32GB,1TB SSD,,2650,New,https://www.dslr-zone.com/product/acer-predator-helios-neo-16s-ai-core-ultra-9-275hx-32gb-ram-1tb-ssd-rtx-5070-ti-12gb/,1
DSLR Zone,Dell,Alienware 16 Area 51 AA16250,Intel Ultra 9,RTX 5070 Ti,,,,2399,New,https://www.dslr-zone.com/product/alienware-16-area-51-aa16250-intel-core-ultra-9-rtx-5070-ti-gaming-laptop/,1
DSLR Zone,Apple,14 Macbook Pro M5 Pro Chip,Apple M5 Pro,Apple GPU,24GB,2TB SSD,,3249,New,https://www.dslr-zone.com/product/apple-14-macbook-pro-m5-pro-chip-24gb-ram-2tb-ssd-20-core-gpu/,1
DSLR Zone,Apple,Macbook Pro 14,Apple M5,Apple GPU,,,,2099,New,https://www.dslr-zone.com/product/apple-macbook-pro-14-m5-chip/,1
DSLR Zone,Apple,Macbook Pro 16 M5 Max Chip,Apple M5 Max,Apple GPU,36GB,,,4799,New,https://www.dslr-zone.com/product/apple-macbook-pro-16-m5-max-chip-36gb/,1
DSLR Zone,ASUS,Proart PZ13 HT5306,Snapdragon x plus,Integrated Adreno,16GB,1TB SSD,,1225,New,https://www.dslr-zone.com/product/asus-proart-pz13-ht5306-snapdragon-x-plus-16gb-ram-1tb-ssd-adreno-gpu/,1
DSLR Zone,ASUS,Rog Flow Z13 2025 Gaming Tablet,AMD Ryzen AI Max+ 395,,32GB,1TB SSD,,2275,New,https://www.dslr-zone.com/product/asus-rog-flow-z13-2025-gaming-tablet-ryzen-ai-max-395-32gb-ram-1tb-ssd-amd-radeon-8060s-13-4-2-5k-180hz-touch/,1
DSLR Zone,ASUS,Rog Flow Z13 Detachable Touchscreen,AMD Ryzen AI Max+ 395,,64GB,1TB SSD,,2550,New,https://www.dslr-zone.com/product/asus-rog-flow-z13-detachable-touchscreen-gaming-laptop-amd-ryzen-ai-max-395-64gb-ram-1tb-ssd-amd-radeon-8060s/,1
DSLR Zone,ASUS,Rog Strix 18 Volt Green,Intel Ultra 9,RTX 5070 Ti 12GB,32GB,2TB SSD,,3100,New,https://www.dslr-zone.com/product/asus-rog-strix-18-volt-green-gaming-laptop-core-ultra-9-32gb-ram-2tb-ssd-rtx-5070-ti-12gb-18-2-5k-240hz-2-year-warranty/,1
DSLR Zone,ASUS,Rog Strix G16 2025 G614PP,AMD Ryzen 9 8940hx,RTX 5070 8GB,16GB,1TB SSD,,1950,New,https://www.dslr-zone.com/product/asus-rog-strix-g16-2025-g614pp-ryzen-9-8940hx-16gb-ram-1tb-ssd-rtx-5070-8gb/,1
DSLR Zone,ASUS,Rog Strix G16 G614FM WS94,,,,,,1699,New,https://www.dslr-zone.com/product/asus-rog-strix-g16-g614fm-ws94/,1
DSLR Zone,ASUS,Rog Strix G16 G614FR RV008,AMD Ryzen 9 9955hx,RTX 5070 Ti 12GB,16GB,1TB SSD,,2200,New,https://www.dslr-zone.com/product/asus-rog-strix-g16-g614fr-rv008-gaming-laptop-ryzen-9-9955hx-16gb-ram-1tb-ssd-rtx-5070-ti-12gb-16-wuxga-165hz-2-year-warranty/,1
DSLR Zone,ASUS,Rog Strix G16 G615LW CS94,,,,,,2699,New,https://www.dslr-zone.com/product/asus-rog-strix-g16-g615lw-cs94/,1
DSLR Zone,ASUS,Rog Strix G16 Volt Green,Intel Ultra 9,RTX 5080 16GB,32GB,1TB SSD,,3500,New,https://www.dslr-zone.com/product/asus-rog-strix-g16-volt-green-gaming-laptop-core-ultra-9-32gb-ram-1tb-ssd-rtx-5080-16gb-16-qhd-240hz-2-year-warranty/,1
DSLR Zone,ASUS,Rog Strix G18 G815LM IS96,Intel Ultra 9 285hx,RTX 5060,32GB,,,2200,New,https://www.dslr-zone.com/product/asus-rog-strix-g18-g815lm-is96-core-ultra-9-285hx-32gb-ram-rtx-5060/,1
DSLR Zone,ASUS,Rog Strix Scar 16 G635LX S5200,Intel Ultra 9,RTX 5090 24GB,64GB,2TB SSD,,4950,New,https://www.dslr-zone.com/product/asus-rog-strix-scar-16-g635lx-s5200-gaming-laptop-core-ultra-9-64gb-ram-2tb-ssd-rtx-5090-24gb-16-2-5k-240hz-2-year-warranty/,1
DSLR Zone,ASUS,Rog Strix Scar 18,Intel Ultra 9,RTX 5090 24GB,64GB,2TB SSD,,5250,New,https://www.dslr-zone.com/product/asus-rog-strix-scar-18-gaming-laptop-core-ultra-9-64gb-ram-2tb-ssd-rtx-5090-24gb-18-2-5k-240hz-rog-bundle/,1
DSLR Zone,ASUS,Rog Strix Scar G16 G635LX S5156,,,,,,4249,New,https://www.dslr-zone.com/product/asus-rog-strix-scar-g16-g635lx-s5156/,1
DSLR Zone,ASUS,Rog Zephyrus G14 14 3K Oled 120HZ,AMD Ryzen AI 9 370,RTX 5070 Ti,32GB,1TB SSD,,2625,New,https://www.dslr-zone.com/product/asus-rog-zephyrus-g14-14-3k-oled-120hz-ryzen-ai-9-hx-370-32gb-ram-1tb-ssd-rtx-5070-ti-platinum-white/,1
DSLR Zone,ASUS,Tuf A18 FA808UM,AMD Ryzen 7 260,RTX 5060 8GB,16GB,1TB SSD,,1600,New,https://www.dslr-zone.com/product/asus-tuf-a18-fa808um-amd-ryzen-7-260-16gb-ram-1tb-ssd-rtx-5060-8gb/,1
DSLR Zone,ASUS,Tuf Gaming F16 FX608,Intel Core i7-14650HX,RTX 5060,,,,1725,New,https://www.dslr-zone.com/product/asus-tuf-gaming-f16-fx608-core-i7-14650hx-rtx-5060-gaming-laptop/,1
DSLR Zone,ASUS,Vivobook 14 M1407KA,,,,,,749,New,https://www.dslr-zone.com/product/asus-vivobook-14-m1407ka/,1
DSLR Zone,ASUS,Vivobook 14 X1404VA,Intel Core i7-1355U,Integrated,12GB,512GB SSD,,700,New,https://www.dslr-zone.com/product/asus-vivobook-14-x1404va-core-i7-1355u-12gb-ram-512gb-ssd/,1
DSLR Zone,ASUS,Vivobook 14 X1404VA,,,,,,539,New,https://www.dslr-zone.com/product/asus-vivobook-14-x1404va/,1
DSLR Zone,ASUS,Vivobook 14 X1404VAP V14 C58256,Intel Core 5 120u,Integrated,8GB,256GB SSD,,600,New,https://www.dslr-zone.com/product/asus-vivobook-14-x1404vap-v14-c58256-intel-core-5-120u-8gb-ddr4-ram-256gb-nvme-ssd-intel-graphics-14-fhd-windows-11-quiet-blue/,1
DSLR Zone,ASUS,Vivobook 16 F1605VA,Intel Core i7-13620H,Integrated,16GB,512GB SSD,,725,New,https://www.dslr-zone.com/product/asus-vivobook-16-f1605va-core-i7-13620h-16gb-ram-512gb-ssd/,1
DSLR Zone,ASUS,Vivobook 18 M1807HA DS79,AMD Ryzen 7 260,Integrated AMD Radeon,32GB,1TB SSD,,1199,New,https://www.dslr-zone.com/product/asus-vivobook-18-m1807ha-ds79-amd-ryzen-7-260-32gb-ram-1tb-ssd-18-wuxga-144hz-amd-radeon-laptop-quiet-blue/,1
DSLR Zone,ASUS,Vivobook Flip 14 Oled 2 In 1,Intel Ultra 7 256v,Integrated Intel Arc,16GB,1TB SSD,,1125,New,https://www.dslr-zone.com/product/asus-vivobook-flip-14-oled-2-in-1-laptop-gray-14-wuxga-touchscreen-intel-core-ultra-7-256v-16gb-ram-1tb-ssd-intel-arc/,1
DSLR Zone,ASUS,Zenbook 14 UX3405CA,Intel Ultra 7 255h,Integrated,16GB,512GB SSD,,1100,New,https://www.dslr-zone.com/product/asus-zenbook-14-ux3405ca-core-ultra-7-255h-16gb-ram-512gb-ssd/,1
DSLR Zone,Dell,15 6 Full Hd Touchscreen,Intel Core i5-1334U,Integrated,8GB,512GB SSD,,675,New,https://www.dslr-zone.com/product/dell-15-6-full-hd-touchscreen-laptop-intel-core-i5-1334u-8gb-ram-512gb-ssd-windows-11-carbon-black/,1
DSLR Zone,Dell,Alienware 16 Aurora AC16250,,RTX 5050,,,,1299,New,https://www.dslr-zone.com/product/dell-alienware-16-aurora-ac16250-rtx-5050/,1
DSLR Zone,Dell,Alienware Aurora 16 LAC16250 7568BLU Pus,Intel Core 7 240h,RTX 5060 8GB,32GB,1TB SSD,,1625,New,https://www.dslr-zone.com/product/dell-alienware-aurora-16-lac16250-7568blu-pus-core-7-240h-32gb-ram-1tb-ssd-rtx-5060-8gb/,1
DSLR Zone,Dell,Inspiron 14 7440 2 In 1,Intel Core 5 120u,Integrated,16GB,512GB SSD,,900,New,https://www.dslr-zone.com/product/dell-inspiron-14-7440-2-in-1-core-5-120u-16gb-ram-512gb-ssd/,1
DSLR Zone,Dell,Inspiron 15 Plus LD15260 7140BLK Pus,Intel Ultra 7 255u,Integrated,16GB,1TB SSD,,925,New,https://www.dslr-zone.com/product/dell-inspiron-15-plus-ld15260-7140blk-pus-intel-core-ultra-7-255u-16gb-ddr5-ram-1tb-nvme-ssd-15-6-fhd-touchscreen-windows-11-black/,1
DSLR Zone,Dell,Inspiron 16 5640,Intel Core 7 150u,Integrated,32GB,1TB SSD,,1125,New,https://www.dslr-zone.com/product/dell-inspiron-16-5640-core-7-150u-32gb-ram-1tb-ssd/,1
DSLR Zone,Dell,Inspiron Plus 16 7640,Intel Ultra 9 288v,Integrated Intel Arc,32GB,1TB SSD,,1349,New,https://www.dslr-zone.com/product/dell-inspiron-plus-16-7640-intel-core-ultra-9-288v-32gb-lpddr5x-1tb-ssd-16-fhd-touch-intel-arc-copilot-pc-ice-blue/,1
DSLR Zone,Dell,Latitude 5420 Rugged,Intel Core i5-8350U,Integrated,,,,399,Used,https://www.dslr-zone.com/product/dell-latitude-5420-rugged-core-i5-8350u-14-field-laptop-quality-used-laptop/,1
DSLR Zone,Dell,Latitude 7030 Rugged Extreme,Intel Core i5-1240U,Integrated,,,,649,New,https://www.dslr-zone.com/product/dell-latitude-7030-rugged-extreme-intel-core-i5-1240u-10-1-outdoor-touch-tablet/,1
DSLR Zone,Dell,Latitude 7350 2 In 1,Intel Ultra 5 135u,Integrated,,,,549,New,https://www.dslr-zone.com/product/dell-latitude-7350-2-in-1-intel-core-ultra-5-135u-13-3-touch-convertible/,1
DSLR Zone,Dell,Latitude 9420,Intel Core i7,Integrated,,,,499,Used,https://www.dslr-zone.com/product/dell-latitude-9420-intel-core-i7-1185g7-14-qhd-touch-business-laptop-quality-used-laptop/,1
DSLR Zone,Dell,Latitude 9440 2 In 1,Intel Core i5-1345U,Integrated,,,,699,Used,https://www.dslr-zone.com/product/dell-latitude-9440-2-in-1-intel-core-i5-1345u-14-qhd-touch-convertible-quality-used-laptop/,1
DSLR Zone,Dell,Precision 5570,Intel Core i7-12800H,RTX A2000,,,,849,Used,https://www.dslr-zone.com/product/dell-precision-5570-core-i7-12800h-rtx-a2000-15-6-4k-touch-workstation-quality-used-laptop/,1
DSLR Zone,Dell,Precision 7770,Intel Core i5-12600HX,RTX A1000,,,,749,Used,https://www.dslr-zone.com/product/dell-precision-7770-core-i5-12600hx-rtx-a1000-17-3-4k-workstation-quality-used-laptop/,1
DSLR Zone,Dell,Xps 16 9640,Intel Ultra 7,RTX 4050,,,,1949,New,https://www.dslr-zone.com/product/dell-xps-16-9640-ultra-7-rtx-4050/,1
DSLR Zone,HP,15 Fhd Touch,Intel Ultra 5 225u,Integrated,8GB,512GB SSD,,650,New,https://www.dslr-zone.com/product/hp-15-fhd-touch-laptop-intel-core-ultra-5-225u-8gb-ram-512gb-ssd-natural-silver/,1
DSLR Zone,HP,B3ER6AV 17 3,Intel Ultra 5 225u,Integrated,8GB,256GB SSD,,800,New,https://www.dslr-zone.com/product/hp-b3er6av-17-3-laptop-core-ultra-5-225u-8gb-ddr5-256gb-nvme-ssd-jet-black/,1
DSLR Zone,HP,Elitebook X360 830 G8,Intel Core i5,Integrated,,,,399,Used,https://www.dslr-zone.com/product/hp-elitebook-x360-830-g8-intel-core-i5-1135g7-13-3-touch-2-in-1-laptop-quality-used-laptop/,1
DSLR Zone,HP,Omen 16 AM0073DX,Intel Ultra 7 255h,RTX 5060 8GB,16GB,1TB SSD,,1550,New,https://www.dslr-zone.com/product/hp-omen-16-am0073dx-core-ultra-7-255h-16gb-ram-1tb-ssd-rtx-5060-8gb/,1
DSLR Zone,HP,Omen 16 AN0119,Intel Ultra 9 285h,RTX 5070,,,,1925,New,https://www.dslr-zone.com/product/hp-omen-16-an0119-intel-core-ultra-9-285h-rtx-5070-16-240hz-gaming-laptop/,1
DSLR Zone,HP,Omen 16 AP0053DX,AMD Ryzen 9 8940hx,RTX 5060 8GB,32GB,1TB SSD,,1750,New,https://www.dslr-zone.com/product/hp-omen-16-ap0053dx-amd-ryzen-9-8940hx-32gb-ram-1tb-ssd-rtx-5060-8gb/,1
DSLR Zone,HP,Omen 17 DB1095CL,AMD Ryzen AI 9 365,RTX 5060,32GB,,,1825,New,https://www.dslr-zone.com/product/hp-omen-17-db1095cl-amd-ryzen-ai-9-365-32gb-ram-rtx-5060/,1
DSLR Zone,HP,Omen Slim 16 AN0075CL,Intel Ultra 9 285h,RTX 5070,32GB,,,1925,New,https://www.dslr-zone.com/product/hp-omen-slim-16-an0075cl-core-ultra-9-285h-32gb-ram-rtx-5070/,1
DSLR Zone,HP,Omnibook 3 16 BU0007DX,Intel Ultra 7 255u,Integrated,,,,925,New,https://www.dslr-zone.com/product/hp-omnibook-3-16-bu0007dx-intel-core-ultra-7-255u-16-touch-laptop/,1
DSLR Zone,HP,Omnibook 5 16 AF1017WM,Intel Ultra 7 255u,Integrated,16GB,1TB SSD,,1000,New,https://www.dslr-zone.com/product/hp-omnibook-5-16-af1017wm-core-ultra-7-255u-16gb-1tb-nvme/,1
DSLR Zone,HP,Omnibook 5 16 AF1055CL,Intel Ultra 5 225u,Integrated,16GB,1TB SSD,,900,New,https://www.dslr-zone.com/product/hp-omnibook-5-16-af1055cl-core-ultra-5-225u-16gb-ram-1tb-ssd/,1
DSLR Zone,HP,Omnibook 5 16 AF1173CL,Intel Ultra 7 255u,Integrated,32GB,1TB SSD,,1350,New,https://www.dslr-zone.com/product/hp-omnibook-5-16-af1173cl-core-ultra-7-255u-32gb-ram-1tb-nvme-ssd-16-2k-touch/,1
DSLR Zone,HP,Omnibook 5 16 AG1175CL,AMD Ryzen AI 7 350,Integrated AMD Radeon,16GB,1TB SSD,,950,New,https://www.dslr-zone.com/product/hp-omnibook-5-16-ag1175cl-amd-ryzen-ai-7-350-16gb-ram-1tb-ssd/,1
DSLR Zone,HP,Omnibook 5 16 Ai,Intel Ultra 7 255u,Integrated,16GB,512GB SSD,,975,New,https://www.dslr-zone.com/product/hp-omnibook-5-16-ai-laptop-core-ultra-7-255u-16gb-ram-512gb-ssd-glacier-silver/,1
DSLR Zone,HP,Omnibook 5 16 Next Gen Ai Pc 16 AG1075CL,AMD Ryzen AI 7 350,Integrated AMD Radeon,32GB,1TB SSD,,1200,New,https://www.dslr-zone.com/product/hp-omnibook-5-16-next-gen-ai-pc-16-ag1075cl-amd-ryzen-ai-7-350-32gb-lpddr5x-ram-1tb-nvme-ssd-amd-radeon-860m-graphics-16-2k-touchscreen-windows-11-glacier-silver/,1
DSLR Zone,HP,Omnibook 5 Ai 16 AF1095CL,Intel Ultra 9 285h,Integrated,32GB,1TB SSD,,1550,New,https://www.dslr-zone.com/product/hp-omnibook-5-ai-16-af1095cl-core-ultra-9-285h-32gb-ram-1tb-ssd/,1
DSLR Zone,HP,Omnibook 7 16 AY0001NB,Intel Ultra 7 255h,Integrated,32GB,1TB SSD,,1300,New,https://www.dslr-zone.com/product/hp-omnibook-7-16-ay0001nb-intel-core-ultra-7-255h-32gb-ram-1tb-ssd/,1
DSLR Zone,HP,Omnibook 7 16 AZ0595CL,Intel Core 9 270h,Integrated,32GB,1TB SSD,,1400,New,https://www.dslr-zone.com/product/hp-omnibook-7-16-az0595cl-core-9-270h-32gb-1tb-nvme/,1
DSLR Zone,HP,Omnibook 7 Flip 16 AU0773CL,Intel Ultra 7 258v,Integrated,32GB,1TB SSD,,1450,New,https://www.dslr-zone.com/product/hp-omnibook-7-flip-16-au0773cl-core-ultra-7-258v-32gb-ram-1tb-ssd/,1
DSLR Zone,HP,Omnibook,Intel Ultra 7 256v,Integrated,16GB,1TB SSD,,1549,New,https://www.dslr-zone.com/product/hp-omnibook-ultra-flip-14-fh0013dx-core-ultra-7-256v-16gb-1tb-nvme/,1
DSLR Zone,HP,Omnibook,Intel Ultra 7 258v,Integrated,32GB,512GB SSD,,1325,New,https://www.dslr-zone.com/product/hp-omnibook-ultra-flip-14-next-gen-ai-pc-core-ultra-7-258v-32gb-ram-512gb-ssd-glacier-silver/,1
DSLR Zone,HP,Omnibook X 17 DD0047NR,Intel Ultra 7 256v,Integrated,16GB,512GB SSD,,1150,New,https://www.dslr-zone.com/product/hp-omnibook-x-17-dd0047nr-core-ultra-7-256v-16gb-512gb-nvme/,1
DSLR Zone,HP,Omnibook X 17 DD0057NR,,,,,,1279,New,https://www.dslr-zone.com/product/hp-omnibook-x-17-dd0057nr/,1
DSLR Zone,HP,Omnibook X Flip 14 2K Oled Touch 360 Convertible,AMD Ryzen AI 5 430,Integrated AMD Radeon,16GB,512GB SSD,,950,New,https://www.dslr-zone.com/product/hp-omnibook-x-flip-14-2k-oled-touch-360-convertible-laptop-amd-ryzen-ai-5-430-16gb-ram-512gb-ssd-deep-espresso/,1
DSLR Zone,HP,Omnibook X Flip 14 2K Touch 360 Convertible,Intel Ultra 7 355,Integrated,24GB,512GB SSD,,1200,New,https://www.dslr-zone.com/product/hp-omnibook-x-flip-14-2k-touch-360-convertible-laptop-intel-core-ultra-7-355-24gb-ram-512gb-ssd-atmospheric-blue/,1
DSLR Zone,HP,Omnibook X Flip 14 Wuxga Touch 360 Convertible,Intel Ultra 7 258v,Integrated,32GB,512GB SSD,,1350,New,https://www.dslr-zone.com/product/hp-omnibook-x-flip-14-wuxga-touch-360-convertible-laptop-intel-core-ultra-7-258v-32gb-ram-512gb-ssd-natural-silver/,1
DSLR Zone,HP,Omnibook X Flip 16 AS0023DX,Intel Ultra 7 256v,Integrated,16GB,1TB SSD,,1050,New,https://www.dslr-zone.com/product/hp-omnibook-x-flip-16-as0023dx-core-ultra-7-256v-16gb-1tb-nvme/,1
DSLR Zone,HP,Omnibook X Flip 16 CC0013DX,AMD Ryzen AI 5 430,Integrated AMD Radeon,,,,1000,New,https://www.dslr-zone.com/product/hp-omnibook-x-flip-16-cc0013dx-amd-ryzen-ai-5-430-16-touch-360-laptop/,1
DSLR Zone,HP,Omnibook X Flip 16 CC0033DX,AMD Ryzen AI 9 465,Integrated AMD Radeon,,,,1450,New,https://www.dslr-zone.com/product/hp-omnibook-x-flip-16-cc0033dx-amd-ryzen-ai-9-465-16-2k-oled-touch-360-laptop/,1
DSLR Zone,HP,Omnibook X Flip,AMD Ryzen AI 5 220,Integrated AMD Radeon,8GB,512GB SSD,"16"" touch",750,New,https://www.dslr-zone.com/product/hp-omnibook-x-flip-16-inch-2k-touch-360-convertible-laptop-amd-ryzen-ai-5-220-8gb-ram-512gb-ssd-glacier-silver/,1
DSLR Zone,HP,Probook 460 G11,Intel Ultra 7 255h,Integrated,16GB,512GB SSD,,1050,New,https://www.dslr-zone.com/product/hp-probook-460-g11-intel-core-ultra-7-255h-16gb-ddr5-512gb-ssd-16-wuxga/,1
DSLR Zone,HP,Victus 15 FA2013DX,Intel Core i5-13420H,RTX 3050 6GB,8GB,512GB SSD,,840,New,https://www.dslr-zone.com/product/hp-victus-15-fa2013dx-gaming-laptop-core-i5-13420h-8gb-ram-512gb-ssd-rtx-3050-6gb/,1
DSLR Zone,HP,Victus 15 FA2787,Intel Core i7-13620H,RTX 5060 8GB,16GB,512GB SSD,,1275,New,https://www.dslr-zone.com/product/hp-victus-15-fa2787-core-i7-13620h-16gb-ram-512gb-ssd-rtx-5060-8gb/,1
DSLR Zone,HP,Victus 15 FB3093,AMD Ryzen 7 7445hs,RTX 4050 6GB,16GB,512GB SSD,,1100,New,https://www.dslr-zone.com/product/hp-victus-15-fb3093-ryzen-7-7445hs-16gb-ram-512gb-ssd-rtx-4050-6gb/,1
DSLR Zone,HP,Victus,,,,,,1399,New,https://www.dslr-zone.com/product/hp-victus/,1
DSLR Zone,HP,Zbook Firefly 14 G8,Intel Core i7,Integrated,,,,449,Used,https://www.dslr-zone.com/product/hp-zbook-firefly-14-g8-intel-core-i7-1185g7-14-mobile-workstation-quality-used-laptop/,1
DSLR Zone,HP,Zbook Firefly 15 6 G8,Intel Core i7,Integrated,,,,549,Used,https://www.dslr-zone.com/product/hp-zbook-firefly-15-6-g8-intel-core-i7-1185g7-nvidia-t500-mobile-workstation-quality-used-laptop/,1
DSLR Zone,Lenovo,Ideapad 1 15AMN7 82VG00WXUS,AMD Ryzen 5 7520u,Integrated AMD Radeon,8GB,256GB SSD,,525,New,https://www.dslr-zone.com/product/lenovo-ideapad-1-15amn7-82vg00wxus-amd-ryzen-5-7520u-8gb-ddr5-ram-256gb-nvme-ssd-amd-radeon-610m-graphics-15-6-fhd-windows-11-abyss-blue/,1
DSLR Zone,Lenovo,Ideapad 1 15IRU7,Intel Core i5-1334U,Integrated,16GB,512GB SSD,,675,New,https://www.dslr-zone.com/product/lenovo-ideapad-1-15iru7-core-i5-1334u-16gb-ram-512gb-ssd/,1
DSLR Zone,Lenovo,Ideapad 1 15IRU7,Intel Core i5-1335U,Integrated,16GB,256GB SSD,,625,New,https://www.dslr-zone.com/product/lenovo-ideapad-1-15iru7-core-i5-1335u-16gb-ram-256gb-ssd/,1
DSLR Zone,Lenovo,Ideapad 5 2 In 1 14 Wuxga Touch Convertible,AMD Ryzen AI 5 430,Integrated AMD Radeon,16GB,512GB SSD,,1000,New,https://www.dslr-zone.com/product/lenovo-ideapad-5-2-in-1-14-wuxga-touch-convertible-laptop-amd-ryzen-ai-5-430-16gb-ram-512gb-ssd-cosmic-blue-includes-lenovo-pen-gen-2/,1
DSLR Zone,Lenovo,Ideapad 5 2 In 1 14IAL10,Intel Ultra 5 225u,Integrated,8GB,512GB SSD,,725,New,https://www.dslr-zone.com/product/lenovo-ideapad-5-2-in-1-14ial10-core-ultra-5-225u-8gb-ram-512gb-ssd/,1
DSLR Zone,Lenovo,Ideapad 5 2 In 1 16 Touchscreen,Intel Ultra 7 255u,Integrated,32GB,1TB SSD,,1400,New,https://www.dslr-zone.com/product/lenovo-ideapad-5-2-in-1-16-touchscreen-laptop-cosmic-blue-intel-core-ultra-7-255u-32gb-ram-1tb-ssd-lenovo-digital-pen-2/,1
DSLR Zone,Lenovo,Ideapad Slim 3 14IRU8,Intel Core i3-1315U,Integrated,8GB,512GB SSD,,540,New,https://www.dslr-zone.com/product/lenovo-ideapad-slim-3-14iru8-core-i3-1315u-8gb-ram-512gb-ssd/,1
DSLR Zone,Lenovo,Ideapad Slim 3 15ABR8,AMD Ryzen 7 5825u,Integrated AMD Radeon,16GB,512GB SSD,,750,New,https://www.dslr-zone.com/product/lenovo-ideapad-slim-3-15abr8-ryzen-7-5825u-16gb-ram-512gb-ssd/,1
DSLR Zone,Lenovo,Ideapad Slim 3 15IAN8,Intel N100,Integrated,8GB,256GB SSD,,430,New,https://www.dslr-zone.com/product/lenovo-ideapad-slim-3-15ian8-intel-n100-8gb-ram-256gb-ssd/,1
DSLR Zone,Lenovo,Ideapad Slim 3 15IPH11 83UR0042DP,Intel Ultra 7 355,Integrated,16GB,512GB SSD,,850,New,https://www.dslr-zone.com/product/lenovo-ideapad-slim-3-15iph11-83ur0042dp-intel-core-ultra-7-355-16gb-ddr5-ram-512gb-nvme-ssd-intel-graphics-15-3-wuxga-luna-grey/,1
DSLR Zone,Lenovo,Ideapad Slim 3 15IRH10 83K100E9AX,Intel Core i5-13420H,Integrated,8GB,512GB SSD,,590,New,https://www.dslr-zone.com/product/lenovo-ideapad-slim-3-15irh10-83k100e9ax-intel-core-i5-13420h-8gb-ddr5-ram-512gb-nvme-ssd-intel-graphics-15-3-wuxga-luna-grey/,1
DSLR Zone,Lenovo,Ideapad Slim 3 15IRH10,Intel Core i5-13420H,Integrated,16GB,512GB SSD,,700,New,https://www.dslr-zone.com/product/lenovo-ideapad-slim-3-15irh10-core-i5-13420h-16gb-ram-512gb-ssd/,1
DSLR Zone,Lenovo,Ideapad Slim 3 15IRH10,Intel Core i7-13620H,Integrated,16GB,512GB SSD,,765,New,https://www.dslr-zone.com/product/lenovo-ideapad-slim-3-15irh10-core-i7-13620h-16gb-ram-512gb-ssd/,1
DSLR Zone,Lenovo,Ideapad Slim 3 15IRU8,Intel Core i3-1315U,Integrated,8GB,512GB SSD,,525,New,https://www.dslr-zone.com/product/lenovo-ideapad-slim-3-15iru8-core-i3-1315u-8gb-ram-512gb-ssd/,1
DSLR Zone,Lenovo,Ideapad Slim 3 15IWC11 83RR0000US,Intel Core 7 350,Integrated,,,,925,New,https://www.dslr-zone.com/product/lenovo-ideapad-slim-3-15iwc11-83rr0000us-intel-core-7-350-15-3-touch-laptop/,1
DSLR Zone,Lenovo,Legion 5 15IRX10 83LY00MUPS,Intel Core i7-13650HX,RTX 5060,,,,1575,New,https://www.dslr-zone.com/product/lenovo-legion-5-15irx10-83ly00mups-intel-core-i7-13650hx-rtx-5060-gaming-laptop/,1
DSLR Zone,Lenovo,Legion 5 16IAX10,Intel Ultra 9 275hx,RTX 5060,32GB,,,1925,New,https://www.dslr-zone.com/product/lenovo-legion-5-16iax10-core-ultra-9-275hx-32gb-ram-rtx-5060/,1
DSLR Zone,Lenovo,Legion 9 18IAX10 Ai,Intel Ultra 9 275hx,RTX 5090,,4TB SSD,,6899,New,https://www.dslr-zone.com/product/lenovo-legion-9-18iax10-ai-intel-ultra-9-275hx-160gb-ram-4tb-ssd-18-4k-240hz-440hz-rtx-5090-gaming-laptop-eclipse-black/,1
DSLR Zone,Lenovo,Legion 9 18IAX10 Ai,Intel Ultra 9 275hx,RTX 5090,64GB,4TB SSD,,5899,New,https://www.dslr-zone.com/product/lenovo-legion-9-18iax10-ai-intel-ultra-9-275hx-64gb-ram-4tb-ssd-18-4k-240hz-440hz-rtx-5090-gaming-laptop-eclipse-black/,1
DSLR Zone,Lenovo,Legion Pro 5 16IAX10,Intel Ultra 9 275hx,RTX 5070 8GB,32GB,1TB SSD,,2200,New,https://www.dslr-zone.com/product/lenovo-legion-pro-5-16iax10-core-ultra-9-275hx-32gb-ram-1tb-ssd-rtx-5070-8gb/,1
DSLR Zone,Lenovo,Legion Pro 7 16IAX10H,Intel Ultra 9 275hx,RTX 5080 16GB,32GB,1TB SSD,,3200,New,https://www.dslr-zone.com/product/lenovo-legion-pro-7-16iax10h-core-ultra-9-275hx-32gb-ram-1tb-ssd-rtx-5080-16gb/,1
DSLR Zone,Lenovo,Legion Pro 7 16IAX10H,Intel Ultra 9 275hx,RTX 5090 24GB,32GB,1TB SSD,,4000,New,https://www.dslr-zone.com/product/lenovo-legion-pro-7-16iax10h-core-ultra-9-275hx-32gb-ram-1tb-ssd-rtx-5090-24gb/,1
DSLR Zone,Lenovo,Legion Pro 7 16IAX10H,Intel Ultra 9 275hx,RTX 5090,64GB,2TB SSD,,4849,New,https://www.dslr-zone.com/product/lenovo-legion-pro-7-16iax10h-intel-ultra-9-275hx-64gb-ram-2tb-ssd-16-wqxga-oled-240hz-rtx-5090-gaming-laptop-dos-black/,1
DSLR Zone,Lenovo,Legion Pro 83F50012US 7I Gen 10,Intel Ultra 9 275hx,RTX 5080,,,,3800,New,https://www.dslr-zone.com/product/lenovo-legion-pro-83f50012us-7i-gen-10-core-ultra-9-275hx-rtx-5080-oled-gaming-laptop/,1
DSLR Zone,Lenovo,Loq 15 83SC007RUS,Intel Core i7-13650HX,RTX 5060,,,,1450,New,https://www.dslr-zone.com/product/lenovo-loq-15-83sc007rus-core-i7-13650hx-rtx-5060-gaming-laptop/,1
DSLR Zone,Lenovo,Loq 15AHP10,AMD Ryzen 7 250,RTX 5060 8GB,16GB,512GB SSD,,1450,New,https://www.dslr-zone.com/product/lenovo-loq-15ahp10-amd-ryzen-7-250-16gb-ram-512gb-ssd-rtx-5060-8gb/,1
DSLR Zone,Lenovo,Loq 15AHP9 83DX00F1PB,AMD Ryzen 7 7445hs,RTX 3050,,,,975,New,https://www.dslr-zone.com/product/lenovo-loq-15ahp9-83dx00f1pb-amd-ryzen-7-7445hs-rtx-3050-gaming-laptop/,1
DSLR Zone,Lenovo,Loq 15ARP9,AMD Ryzen 5 7235hs,RTX 4050 6GB,16GB,512GB SSD,,1050,New,https://www.dslr-zone.com/product/lenovo-loq-15arp9-ryzen-5-7235hs-16gb-ram-512gb-ssd-rtx-4050-6gb/,1
DSLR Zone,Lenovo,Loq 15IRX10,Intel Core i7-14700HX,RTX 5060 8GB,,,,1525,New,https://www.dslr-zone.com/product/lenovo-loq-15irx10-gaming-laptop-intel-core-i7-14700hx-rtx-5060-8gb-luna-grey/,1
DSLR Zone,Lenovo,Loq 15IRX9 83DV0072PS Cpu,Intel Core i7-13650HX,RTX 3050 6GB,16GB,512GB SSD,,1150,New,https://www.dslr-zone.com/product/lenovo-loq-15irx9-83dv0072ps-cpu-core-i7-13650hx-ram-16gb-ddr5-storage-512gb-nvme-screen-15-6-fhd-144hz-gpu-rtx-3050-6gb/,1
DSLR Zone,Lenovo,Loq 15IRX9,Intel Core i7-13650HX,RTX 3050 6GB,16GB,512GB SSD,,1225,New,https://www.dslr-zone.com/product/lenovo-loq-15irx9-gaming-laptop-83dv000eax-intel-core-i7-13650hx-16gb-ddr5-ram-512gb-nvme-ssd-nvidia-geforce-rtx-3050-6gb-gpu-15-6-fhd-144hz-luna-grey/,1
DSLR Zone,Lenovo,Loq 15IRX9,Intel Core i5-13450HX,RTX 3050 6GB,16GB,512GB SSD,,1050,New,https://www.dslr-zone.com/product/lenovo-loq-15irx9-gaming-laptop-83dv01bcax-intel-core-i5-13450hx-16gb-ddr5-ram-512gb-nvme-ssd-nvidia-geforce-rtx-3050-6gb-gpu-15-6-fhd-144hz-luna-grey/,1
DSLR Zone,Lenovo,Loq 17IRX10 83JH002FDP 17 3 Fhd 165HZ,Intel Core i7-13650HX,RTX 5050 8GB,24GB,512GB SSD,,1475,New,https://www.dslr-zone.com/product/lenovo-loq-17irx10-83jh002fdp-17-3-fhd-165hz-gaming-laptop-intel-core-i7-13650hx-24gb-ddr5-ram-512gb-nvme-ssd-rtx-5050-8gb/,1
DSLR Zone,Lenovo,Loq 17IRX10 83JH00D1DP 17 3 Fhd 165HZ,Intel Core i7-13650HX,RTX 5060 8GB,32GB,512GB SSD,,1650,New,https://www.dslr-zone.com/product/lenovo-loq-17irx10-83jh00d1dp-17-3-fhd-165hz-gaming-laptop-intel-core-i7-13650hx-32gb-ddr5-ram-512gb-nvme-ssd-rtx-5060-8gb/,1
DSLR Zone,Lenovo,Thinkbook 15 Gen 2 Itl,Intel Core i7,Integrated,,,,499,Used,https://www.dslr-zone.com/product/lenovo-thinkbook-15-gen-2-itl-intel-core-i7-1165g7-15-6-business-laptop-quality-used-laptop/,1
DSLR Zone,Lenovo,Thinkbook 16 G8 Ial,Intel Ultra 7 255h,Integrated,16GB,512GB SSD,,1075,New,https://www.dslr-zone.com/product/lenovo-thinkbook-16-g8-ial-core-ultra-7-255h-16gb-ram-512gb-ssd/,1
DSLR Zone,Lenovo,Thinkpad E14 Gen 7 14 Wuxga Business,AMD Ryzen 7 250,Integrated AMD Radeon,16GB,512GB SSD,,1093,New,https://www.dslr-zone.com/product/lenovo-thinkpad-e14-gen-7-14-wuxga-business-laptop-amd-ryzen-7-250-16gb-ram-512gb-ssd/,1
DSLR Zone,Lenovo,Thinkpad E14 Gen 7 21SYS3GB00,Intel Ultra 5 225h,Integrated,,,,925,New,https://www.dslr-zone.com/product/lenovo-thinkpad-e14-gen-7-21sys3gb00-core-ultra-5-225h-14-wuxga-business-laptop/,1
DSLR Zone,Lenovo,Thinkpad E14 Gen 7,Intel Ultra 5 225h,Integrated,8GB,512GB SSD,,900,New,https://www.dslr-zone.com/product/lenovo-thinkpad-e14-gen-7-core-ultra-5-225h-8gb-ram-512gb-ssd/,1
DSLR Zone,Lenovo,Thinkpad E14 Gen 7,Intel Core 7 240h,Integrated,16GB,512GB SSD,,1110,New,https://www.dslr-zone.com/product/lenovo-thinkpad-e14-gen-7-intel-core-7-240h-16gb-ram-512gb-ssd/,1
DSLR Zone,Lenovo,Thinkpad E16 Gen 3 21SSS49A00,Intel Ultra 5 225h,Integrated,,,,925,New,https://www.dslr-zone.com/product/lenovo-thinkpad-e16-gen-3-21sss49a00-core-ultra-5-225h-16-wuxga-business-laptop/,1
DSLR Zone,Lenovo,Thinkpad E16 Gen 3 21SSS65600,Intel Ultra 7 255h,Integrated,,,,1475,New,https://www.dslr-zone.com/product/lenovo-thinkpad-e16-gen-3-21sss65600-core-ultra-7-255h-16-wuxga-business-laptop/,1
DSLR Zone,Lenovo,Thinkpad E16 Gen 3,Intel Ultra 5 225h,Integrated,8GB,512GB SSD,,900,New,https://www.dslr-zone.com/product/lenovo-thinkpad-e16-gen-3-core-ultra-5-225h-8gb-ram-512gb-ssd/,1
DSLR Zone,Lenovo,Thinkpad E16 Gen 3,Intel Ultra 7 255h,Integrated,16GB,512GB SSD,,1150,New,https://www.dslr-zone.com/product/lenovo-thinkpad-e16-gen-3-core-ultra-7-255h-16gb-ram-512gb-ssd/,1
DSLR Zone,Lenovo,Thinkpad E16 Gen 3,Intel Ultra 7 255h,Integrated,32GB,1TB SSD,,1425,New,https://www.dslr-zone.com/product/lenovo-thinkpad-e16-gen-3-core-ultra-7-255h-32gb-ram-1tb-ssd/,1
DSLR Zone,Lenovo,Thinkpad L14 Gen 6,Intel Ultra 7 255u,Integrated,16GB,512GB SSD,,1375,New,https://www.dslr-zone.com/product/lenovo-thinkpad-l14-gen-6-core-ultra-7-255u-16gb-ram-512gb-ssd-14-wuxga-touchscreen-win-11-home/,1
DSLR Zone,Lenovo,Thinkpad T14 Gen 6 21QDS3SL00 14 Wuxga Business,Intel Ultra 5 225u,Integrated,16GB,512GB SSD,,1350,New,https://www.dslr-zone.com/product/lenovo-thinkpad-t14-gen-6-21qds3sl00-14-wuxga-business-laptop-intel-core-ultra-5-225u-16gb-ddr5-ram-512gb-nvme-ssd-intel-graphics/,1
DSLR Zone,Lenovo,Thinkpad T14 Gen 6 21QG0045US,Intel Ultra 7,Integrated,32GB,,,2050,New,https://www.dslr-zone.com/product/lenovo-thinkpad-t14-gen-6-21qg0045us-intel-core-ultra-7-32gb-ram-business-laptop/,1
DSLR Zone,Lenovo,Thinkpad T14 Gen 6,Intel Ultra 7 255u,Integrated,32GB,1TB SSD,,1700,New,https://www.dslr-zone.com/product/lenovo-thinkpad-t14-gen-6-core-ultra-7-255u-32gb-ram-1tb-ssd-2/,1
DSLR Zone,Lenovo,Thinkpad T14 Gen 6,Intel Ultra 7 255u,Integrated,32GB,1TB SSD,,1725,New,https://www.dslr-zone.com/product/lenovo-thinkpad-t14-gen-6-core-ultra-7-255u-32gb-ram-1tb-ssd/,1
DSLR Zone,Lenovo,Thinkpad T14 Gen 6,Intel Ultra 7 258v,Integrated Intel Arc,32GB,1TB SSD,,1970,New,https://www.dslr-zone.com/product/lenovo-thinkpad-t14-gen-6-core-ultra-7-258v-32gb-ram-1tb-ssd-14-wuxga-ips-intel-arc-140v-graphics-dos/,1
DSLR Zone,Lenovo,Thinkpad T14 Gen 6,Intel Ultra 7 265h,Integrated,32GB,1TB SSD,,1800,New,https://www.dslr-zone.com/product/lenovo-thinkpad-t14-gen-6-core-ultra-7-265h-32gb-ram-1tb-ssd/,1
DSLR Zone,Lenovo,Thinkpad T14S Gen 6,Intel Ultra 7 255u,Integrated,32GB,1TB SSD,,1900,New,https://www.dslr-zone.com/product/lenovo-thinkpad-t14s-gen-6-core-ultra-7-255u-32gb-ram-1tb-ssd/,1
DSLR Zone,Lenovo,Thinkpad T16 Gen 4,Intel Ultra 7 255u,Integrated,32GB,1TB SSD,,2050,New,https://www.dslr-zone.com/product/lenovo-thinkpad-t16-gen-4-core-ultra-7-255u-32gb-ram-1tb-ssd/,1
DSLR Zone,Lenovo,Thinkpad X1 Gen 10 Aura Edition 2 In 1,Intel Ultra 7 255u,Integrated,32GB,1TB SSD,,2500,New,https://www.dslr-zone.com/product/lenovo-thinkpad-x1-gen-10-aura-edition-2-in-1-core-ultra-7-255u-32gb-ram-1tb-ssd-touchscreen/,1
DSLR Zone,Lenovo,Thinkpad X1 Yoga 3Rd Gen,Intel Core i7-8650U,Integrated,,,,299,Used,https://www.dslr-zone.com/product/lenovo-thinkpad-x1-yoga-3rd-gen-intel-core-i7-8650u-14-touch-2-in-1-laptop-quality-used-laptop/,1
DSLR Zone,Lenovo,Thinkpad X13 Yoga Gen 2,Intel Core i7,Integrated,,,,449,Used,https://www.dslr-zone.com/product/lenovo-thinkpad-x13-yoga-gen-2-intel-core-i7-1185g7-13-3-touch-2-in-1-laptop-quality-used-laptop/,1
DSLR Zone,Lenovo,Thinkpad X9 14 Gen 1 Aura Edition,Intel Ultra 7 268v,Integrated,32GB,1TB SSD,,1950,New,https://www.dslr-zone.com/product/lenovo-thinkpad-x9-14-gen-1-aura-edition-core-ultra-7-268v-vpro-32gb-ram-1tb-ssd-14-2-8k-oled-touch-win-11-pro/,1
DSLR Zone,Lenovo,Thinkpad X9 15 Gen 1 Aura Edition,Intel Ultra 7 258v,Integrated,32GB,512GB SSD,,2100,New,https://www.dslr-zone.com/product/lenovo-thinkpad-x9-15-gen-1-aura-edition-core-ultra-7-258v-32gb-ram-512gb-ssd-15-3-2-8k-oled-touch-win-11-pro/,1
DSLR Zone,Lenovo,V14 G5 Irl,Intel Core 7 240h,Integrated,16GB,1TB SSD,,875,New,https://www.dslr-zone.com/product/lenovo-v14-g5-irl-core-7-240h-16gb-ram-1tb-ssd/,1
DSLR Zone,Lenovo,V15 G4 15 6 Full Hd Business,Intel Core i3-1315U,Integrated,8GB,256GB SSD,,510,New,https://www.dslr-zone.com/product/lenovo-v15-g4-15-6-full-hd-business-laptop-intel-core-i3-1315u-8gb-ram-256gb-ssd/,1
DSLR Zone,Lenovo,V15 G5,Intel Core 7 240h,Integrated,16GB,1TB SSD,,850,New,https://www.dslr-zone.com/product/lenovo-v15-g5-core-7-240h-16gb-ram-1tb-ssd/,1
DSLR Zone,Lenovo,V15 G5 Irl 15 6 Business,Intel Core i5-13420H,Integrated,8GB,512GB SSD,,615,New,https://www.dslr-zone.com/product/lenovo-v15-g5-irl-15-6-business-laptop-intel-core-i5-13420h-8gb-ddr5-upgradable-dual-slot-512gb-nvme-ssd/,1
DSLR Zone,Lenovo,V15 G5 Irl 15 6 Full Hd Business,Intel Core i7-13620H,Integrated,16GB,512GB SSD,,755,New,https://www.dslr-zone.com/product/lenovo-v15-g5-irl-15-6-full-hd-business-laptop-intel-core-i7-13620h-16gb-ram-512gb-ssd-freedos-business-black/,1
DSLR Zone,Lenovo,V15 G5 Irl 83GW006XUE 15 6 Fhd Business,Intel Core i5-13420H,Integrated,8GB,512GB SSD,,595,New,https://www.dslr-zone.com/product/lenovo-v15-g5-irl-83gw006xue-15-6-fhd-business-laptop-intel-core-i5-13420h-8gb-ddr5-ram-2-slots-512gb-nvme-ssd-intel-uhd-graphics/,1
DSLR Zone,Lenovo,V15 G5 Irl 83GW0076UE 15 6 Fhd Business,Intel Core i3-1315U,Integrated,8GB,256GB SSD,,515,New,https://www.dslr-zone.com/product/lenovo-v15-g5-irl-83gw0076ue-15-6-fhd-business-laptop-intel-core-i3-1315u-8gb-ddr5-ram-256gb-nvme-ssd-intel-uhd-graphics/,1
DSLR Zone,Lenovo,V15 G5 Irl,Intel Core i5-13420H,Integrated,8GB,512GB SSD,,605,New,https://www.dslr-zone.com/product/lenovo-v15-g5-irl-core-i5-13420h-8gb-ddr5-512gb-ssd-15-6-fhd/,1
DSLR Zone,Lenovo,V15 G5 Irl,Intel Core i7-13620H,Integrated,16GB,512GB SSD,,785,New,https://www.dslr-zone.com/product/lenovo-v15-g5-irl-core-i7-13620h-16gb-ddr5-512gb-ssd-15-6-fhd/,1
DSLR Zone,Lenovo,Yoga 7 14 Wuxga Oled Touch 360 Convertible,Intel Ultra 5,Integrated,16GB,512GB SSD,,1150,New,https://www.dslr-zone.com/product/lenovo-yoga-7-14-wuxga-oled-touch-360-convertible-laptop-intel-core-ultra-5-16gb-ram-512gb-ssd-freedos-luna-grey/,1
DSLR Zone,Lenovo,Yoga 7 14 Wuxga Oled Touch 360 Convertible,Intel Ultra 7,Integrated,24GB,512GB SSD,,1400,New,https://www.dslr-zone.com/product/lenovo-yoga-7-14-wuxga-oled-touch-360-convertible-laptop-intel-core-ultra-7-24gb-ram-512gb-ssd/,1
DSLR Zone,Lenovo,Yoga 7 16 Wuxga Touch 360 Convertible,Intel Ultra 7 256v,Integrated,16GB,512GB SSD,,1050,New,https://www.dslr-zone.com/product/lenovo-yoga-7-16-wuxga-touch-360-convertible-laptop-intel-core-ultra-7-256v-16gb-ram-512gb-ssd-luna-grey/,1
DSLR Zone,Lenovo,Yoga 7 2 In 1 16AHP9,AMD Ryzen 7 8840hs,Integrated AMD Radeon,16GB,1TB SSD,,1050,New,https://www.dslr-zone.com/product/lenovo-yoga-7-2-in-1-16ahp9-ryzen-7-8840hs-16gb-ram-1tb-ssd/,1
DSLR Zone,Lenovo,Yoga 7 2 In 1 16IML9,Intel Ultra 7 155u,Integrated,16GB,1TB SSD,,1000,New,https://www.dslr-zone.com/product/lenovo-yoga-7-2-in-1-16iml9-core-ultra-7-155u-16gb-ram-1tb-ssd/,1
DSLR Zone,Lenovo,Yoga 7 Gen 10 Aura Edition 15ILL9 83HM002WUS,Intel Ultra 7 258v,Integrated Intel Arc,32GB,1TB SSD,,1600,New,https://www.dslr-zone.com/product/lenovo-yoga-7-gen-10-aura-edition-15ill9-83hm002wus-intel-core-ultra-7-258v-32gb-lpddr5x-ram-1tb-nvme-ssd-intel-arc-140v-graphics-15-3-2-8k-touchscreen-windows-11-luna-grey/,1
DSLR Zone,Lenovo,Yoga Pro 9I Aura Edition 16IAH10,Intel Ultra 9 285h,RTX 5060,32GB,1TB SSD,,2649,New,https://www.dslr-zone.com/product/lenovo-yoga-pro-9i-aura-edition-16iah10-intel-ultra-9-285h-32gb-ram-1tb-ssd-16-3-2k-tandem-oled-touch-120hz-rtx-5060-creator-laptop/,1
DSLR Zone,LG,Gram Lightweight 16Z90Q K AAB7U1,,,,,,849,New,https://www.dslr-zone.com/product/lg-gram-lightweight-16z90q-k-aab7u1/,1
DSLR Zone,Microsoft,Surface,Snapdragon x elite,Integrated Adreno,32GB,1TB SSD,,1950,New,https://www.dslr-zone.com/product/microsoft-surface-laptop-7-edition-snapdragon-x-elite-32gb-ram-1tb-ssd/,1
DSLR Zone,MSI,Cyborg 15 B2RWFKG 071US,Intel Core 7 240h,RTX 5060,16GB,512GB SSD,,1225,New,https://www.dslr-zone.com/product/msi-cyborg-15-b2rwfkg-071us-intel-core-7-240h-16gb-ddr5-512gb-nvme-rtx-5060/,1
DSLR Zone,MSI,Cyborg 15 B2RWFKG 071US,Intel Core 7 240h,RTX 5060,16GB,512GB SSD,,1349,New,https://www.dslr-zone.com/product/msi-cyborg-15-b2rwfkg-071us-intel-core-7-240h-16gb-ram-512gb-ssd-15-6-fhd-144hz-rtx-5060-gaming-laptop-translucent-black/,1
DSLR Zone,MSI,Katana 15 Hx B14WFK 605XPL,Intel Core i7-14650HX,RTX 5060 8GB,16GB,512GB SSD,,1325,New,https://www.dslr-zone.com/product/msi-katana-15-hx-b14wfk-605xpl-gaming-laptop-core-i7-14650hx-16gb-ddr5-512gb-nvme-15-6-fhd-144hz-rtx-5060-8gb-gddr7/,1
DSLR Zone,MSI,Katana 15 Hx,Intel Core i7-14650HX,RTX 5070,16GB,1TB SSD,,1500,New,https://www.dslr-zone.com/product/msi-katana-15-hx-core-i7-14650hx-16gb-ddr5-1tb-nvme-ssd-rtx-5070-gaming-laptop/,1
DSLR Zone,MSI,Katana 15 Hx,Intel Core i7-14650HX,RTX 5050 8GB,,,,1225,New,https://www.dslr-zone.com/product/msi-katana-15-hx-gaming-laptop-15-6-fhd-144hz-intel-core-i7-14650hx-rtx-5050-8gb-gddr7/,1
DSLR Zone,MSI,Modern 15 H C2RMTG,Intel Core 9 270h,Integrated,32GB,1TB SSD,,1175,New,https://www.dslr-zone.com/product/msi-modern-15-h-c2rmtg-core-9-270h-32gb-ram-1tb-ssd-touchscreen/,1
DSLR Zone,MSI,Modern AM242TP 1M 839US,Intel Core 7 150u,Integrated,16GB,1TB SSD,,1425,New,https://www.dslr-zone.com/product/msi-modern-am242tp-1m-839us-core-7-150u-16gb-ram-1tb-ssd-1tb-hdd/,1
DSLR Zone,MSI,Raider 18 Hx Ai,Intel Ultra 9 285hx,RTX 5070 Ti 12GB,,,,2850,New,https://www.dslr-zone.com/product/msi-raider-18-hx-ai-gaming-laptop-18-qhd-240hz-intel-core-ultra-9-285hx-rtx-5070-ti-12gb-gddr7/,1
DSLR Zone,MSI,Thin A15 B7466,AMD Ryzen 5 7535hs,RTX 4050 6GB,8GB,512GB SSD,,900,New,https://www.dslr-zone.com/product/msi-thin-a15-b7466-ryzen-5-7535hs-8gb-ram-512gb-ssd-rtx-4050-6gb/,1
DSLR Zone,MSI,Vector 16 Hx A2XWHG 275US Cpu,Intel Ultra 7 255hx,RTX 5070 Ti,16GB,1TB SSD,,1925,New,https://www.dslr-zone.com/product/msi-vector-16-hx-a2xwhg-275us-cpu-core-ultra-7-255hx-ram-16gb-ddr5-storage-1tb-nvme-screen-16-fhd-144hz-gpu-rtx-5070ti-ddr7-12gb/,1
DSLR Zone,MSI,Vector A16 Hx A8WHG 004US,AMD Ryzen 9 8940hx,RTX 5070 Ti,16GB,1TB SSD,,2000,New,https://www.dslr-zone.com/product/msi-vector-a16-hx-a8whg-004us-amd-ryzen-9-8940hx-16gb-ddr5-1tb-nvme-rtx-5070-ti/,1
DSLR Zone,Samsung,Galaxy BOOK6 NP760XJG KG2US,Intel Ultra 7 355,Integrated,,,,1200,New,https://www.dslr-zone.com/product/samsung-galaxy-book6-np760xjg-kg2us-core-ultra-7-355-16-120hz-touch-laptop/,1
DSLR Zone,Lenovo,Used Like New Lenovo G50 80 15 6 Inch,Intel Core i3-5005U,Integrated,,,"15.6""",290,Used,https://www.dslr-zone.com/product/used-like-new-lenovo-g50-80-15-6-inch-laptop-core-i3-5005u/,1
M2,ASUS,Rog Strix G16,Intel Ultra 9 275hx,RTX 5070 Ti 12GB,16GB,1TB SSD,"16""",2610,New,https://www.m2.com.lb/shop/apple/asus-rog-strix-g16-16-inch-gaming-laptop-intel-core-ultra-9-275hx-16gb-ddr5-ram-1tb-ssd-nvidia-geforce-rtx-5070-ti-12gb-windows-11/,1
M2,HP,Omnibook 5 Ai Copilot,AMD Ryzen AI 7 350,Integrated AMD Radeon,16GB,512GB SSD,"16.0""",777,New,https://www.m2.com.lb/shop/apple/hp-omnibook-5-ai-copilot-ryzen-ai-7-350-512gb-ssd-16gb-ddr5-16-0-inch-windows-11-silver/,1
M2,Lenovo,Thinkpad T14S Gen 6 21QX00K7ED,Intel Ultra 7 258v,Integrated,32GB,1TB SSD,"14""",2525,New,https://www.m2.com.lb/shop/apple/lenovo-thinkpad-t14s-gen-6-21qx00k7ed-core-ultra-7-258v-32gbram-1tb-nvme-14-in/,1
M2,Apple,Macbook Pro,,Apple GPU,,,"13""",,New,https://www.m2.com.lb/shop/apple/mac/mac-accessories/macbook-pro-13-inch-green/,1
M2,Apple,Macbook Pro,,Apple GPU,,,"15""",,New,https://www.m2.com.lb/shop/apple/mac/mac-accessories/macbook-pro-15-inch-pink/,1
M2,Hyperx,Pulse Fire Haste 2,,,,,,,New,https://www.m2.com.lb/shop/gaming/gaming-gear/gaming-mouse/hyperx-pulse-fire-haste-2-core-wireless-white-gaming-mouse/,1
M2,ASUS,Rog Strix G16 G615JMR,Intel Core i7-14650HX,RTX 5060 8GB,16GB,1TB SSD,,1665,New,https://www.m2.com.lb/shop/gaming/gaming-gear/gaming-webcam-microphone/asus-rog-strix-g16-g615jmr-gaming-laptop-16-fhd-ips-165hz-display-intel-core-i7-14650hx-16gb-ram-1tb-ssd-geforce-rtx-5060-8gb/,1
M2,Gigabyte,Gaming A16 16 165HZ 1920X1200 Wuxga,Intel Core i7-13620H,RTX 4050,16GB,512GB SSD,,990,New,https://www.m2.com.lb/shop/gaming/gaming-gear/gaming-webcam-microphone/gigabyte-gaming-a16-16-165hz-1920x1200-wuxga-intel-core-i7-13620h-512gb-ssd-16gb-ddr5-ram-geforce-rtx-4050-black-steel/,1
M2,Acer,Aspire 14 Ai,Intel Ultra 7,Integrated,,,,950,New,https://www.m2.com.lb/shop/laptops/business/acer-aspire-14-ai-core-ultra-7/,1
M2,ASUS,Proart PZ13,,,,,,1350,New,https://www.m2.com.lb/shop/laptops/business/asus-proart-pz13/,1
M2,ASUS,Vivobook 14 X1404V 2,,,,,,640,New,https://www.m2.com.lb/shop/laptops/business/asus-vivobook-14-x1404v-2/,1
M2,ASUS,Vivobook 14 X1404V,,,,,,485,New,https://www.m2.com.lb/shop/laptops/business/asus-vivobook-14-x1404v/,1
M2,ASUS,Vivobook 16 16 Fhd,,,,,,725,New,https://www.m2.com.lb/shop/laptops/business/asus-vivobook-16-16-fhd/,1
M2,ASUS,Vivobook,Intel Core i7-1355U,Integrated,12GB,512GB SSD,,750,New,https://www.m2.com.lb/shop/laptops/business/asus-vivobook-core-i7-1355u-12gb-ddr4-512gb-nvme-intel-graphics-14-fhd/,1
M2,ASUS,Zenbook 14,,,,,,1170,New,https://www.m2.com.lb/shop/laptops/business/asus-zenbook-14/,1
M2,ASUS,Zenbook,Intel Ultra 9 285h,Integrated Intel Arc,32GB,1TB SSD,,1530,New,https://www.m2.com.lb/shop/laptops/business/asus-zenbook-core-ultra-9-285h-32gb-ddr5-1tb-nvme-intel-arc-graphics-14-fhd-oled-touchscreen/,1
M2,Dell,Inspiron I5640,Intel Core 7,Integrated,,,,1085,New,https://www.m2.com.lb/shop/laptops/business/dell-inspiron-i5640-intel-core-7/,1
M2,HP,14‑EP0355CL Natural Silver,Intel Core i5,Integrated,16GB,1TB SSD,"14""",640,New,https://www.m2.com.lb/shop/laptops/business/hp-14%e2%80%91ep0355cl-natural-silver-intel-core-i5%e2%80%911334u-16-gb-ddr4-1-tb-pcie-nvme-ssd-intel-iris-xe-graphics-14%e2%80%b3-fhd/,1
M2,HP,14 FH0013DX Omnibook,,,,,,1475,New,https://www.m2.com.lb/shop/laptops/business/hp-14-fh0013dx-omnibook-ultra-flip/,1
M2,HP,14 FH0033DX Omnibook Uiltra,,,,,,1920,New,https://www.m2.com.lb/shop/laptops/business/hp-14-fh0033dx-omnibook-uiltra/,1
M2,HP,Elitebook 660 G11,,,,,,1175,New,https://www.m2.com.lb/shop/laptops/business/hp-elitebook-660-g11/,1
M2,HP,Elitebook 840 G11,,,,,,650,New,https://www.m2.com.lb/shop/laptops/business/hp-elitebook-840-g11/,1
M2,HP,Elitebook,Snapdragon x elite,Integrated Adreno,,,,670,New,https://www.m2.com.lb/shop/laptops/business/hp-elitebook-ultra-g1q-14-notebook-2-2k-qualcomm-snapdragon-x-elite/,1
M2,HP,Elitebook X G1I,,,,,,1870,New,https://www.m2.com.lb/shop/laptops/business/hp-elitebook-x-g1i/,1
M2,HP,Omnibook 5 16‑AF1173CL,,,,,,1175,New,https://www.m2.com.lb/shop/laptops/business/hp-omnibook-5-16%e2%80%91af1173cl/,1
M2,HP,Omnibook 5 16 AF1095CL,,,,,,1500,New,https://www.m2.com.lb/shop/laptops/business/hp-omnibook-5-16-af1095cl/,1
M2,HP,Omnibook 5 16 AG1175CL,,,,,,920,New,https://www.m2.com.lb/shop/laptops/business/hp-omnibook-5-16-ag1175cl/,1
M2,HP,Omnibook 5 Ai 16 AF1017WM,,,,,,1150,New,https://www.m2.com.lb/shop/laptops/business/hp-omnibook-5-ai-16-af1017wm/,1
M2,HP,Omnibook 5 Flip 14‑FP0013DX,,,,,,670,New,https://www.m2.com.lb/shop/laptops/business/hp-omnibook-5-flip-14%e2%80%91fp0013dx/,1
M2,HP,Omnibook 5 Flip,,,,,,755,New,https://www.m2.com.lb/shop/laptops/business/hp-omnibook-5-flip/,1
M2,HP,Omnibook 7 16‑AY0000NB,,,,,,1475,New,https://www.m2.com.lb/shop/laptops/business/hp-omnibook-7-16%e2%80%91ay0000nb/,1
M2,HP,Omnibook 7 16‑AY0001NB,,,,,,1175,New,https://www.m2.com.lb/shop/laptops/business/hp-omnibook-7-16%e2%80%91ay0001nb/,1
M2,HP,Omnibook 7 16‑AY0750NG,,,,,,870,New,https://www.m2.com.lb/shop/laptops/business/hp-omnibook-7-16%e2%80%91ay0750ng/,1
M2,HP,Omnibook 7 16 AZ0595CL,,,,,,1450,New,https://www.m2.com.lb/shop/laptops/business/hp-omnibook-7-16-az0595cl/,1
M2,HP,Omnibook 7 Flip 16 2 In 1,,,,,"16.2"" touch",1500,New,https://www.m2.com.lb/shop/laptops/business/hp-omnibook-7-flip-16-2-in-1/,1
M2,HP,Omnibook 7 Flip 16 AU0070,,,,,,1000,New,https://www.m2.com.lb/shop/laptops/business/hp-omnibook-7-flip-16-au0070/,1
M2,HP,Omnibook,,,,,,1500,New,https://www.m2.com.lb/shop/laptops/business/hp-omnibook-ultra-flip-14%e2%80%91fh0000nk/,1
M2,HP,Omnibook X 14 FE0001NE A94ZZEA,,,,,,1230,New,https://www.m2.com.lb/shop/laptops/business/hp-omnibook-x-14-fe0001ne-a94zzea/,1
M2,HP,Omnibook X Flip 14‑FK0013DX,,,,,,755,New,https://www.m2.com.lb/shop/laptops/business/hp-omnibook-x-flip-14%e2%80%91fk0013dx/,1
M2,HP,Omnibook X Flip 14‑FK0033DX,,,,,,995,New,https://www.m2.com.lb/shop/laptops/business/hp-omnibook-x-flip-14%e2%80%91fk0033dx/,1
M2,HP,Omnibook X Flip 14 FM0023DX,Intel Ultra 7 256v,Integrated Intel Arc,16GB,1TB SSD,,1000,New,https://www.m2.com.lb/shop/laptops/business/hp-omnibook-x-flip-14-fm0023dx-intel-core-ultra-7-256v-1tb-ssd-16gb-ddr514-0-inch-touch-intel-arc-140v-atmospheric-blue-windows-11-home/,1
M2,HP,Omnibook X Flip 16 AS0033DX,,,,,,1450,New,https://www.m2.com.lb/shop/laptops/business/hp-omnibook-x-flip-16-as0033dx/,1
M2,HP,Omnibook X Flip 2 In 1 16 AS0023DX,,,,,,1175,New,https://www.m2.com.lb/shop/laptops/business/hp-omnibook-x-flip-2-in-1-16-as0023dx/,1
M2,HP,Omnibook X Next Gen Ai 17 DD0047NR,,,,,,1200,New,https://www.m2.com.lb/shop/laptops/business/hp-omnibook-x-next-gen-ai-17-dd0047nr/,1
M2,HP,Spectre 14 EU‑0067NR,,,,,,1580,New,https://www.m2.com.lb/shop/laptops/business/hp-spectre-14-eu%e2%80%910067nr/,1
M2,HP,Spectre 14 EU0067NR,,,,,,870,New,https://www.m2.com.lb/shop/laptops/business/hp-spectre-14-eu0067nr/,1
M2,Lenovo,Ideapad 5 14 2 In 1,Intel Ultra 7 255u,Integrated,16GB,512GB SSD,"14.2"" touch",975,New,https://www.m2.com.lb/shop/laptops/business/lenovo-ideapad-5-14-2-in-1-intel-core-ultra-7-255u-16gbram-512gbssd-integrated-intel-graphics-windows-11-home/,1
M2,Lenovo,Ideapad 5I 2 In 1 14 Wuxga Touchscreen,Intel Ultra 5,Integrated,8GB,,,650,New,https://www.m2.com.lb/shop/laptops/business/lenovo-ideapad-5i-2-in-1-14-wuxga-touchscreen-intel-core-ultra-5-ai-8gb-ram-512-ssd-luna-grey-windows-11-83kr0047us/,1
M2,Lenovo,Ideapad Slim 3 15ABR8,,,,,,800,New,https://www.m2.com.lb/shop/laptops/business/lenovo-ideapad-slim-3-15abr8/,1
M2,Lenovo,Ideapad SLIM3 83K100E8AX,,,,,,730,New,https://www.m2.com.lb/shop/laptops/business/lenovo-ideapad-slim3-83k100e8ax/,1
M2,Lenovo,Thinkbook 14 G8 Ial,,,,,,975,New,https://www.m2.com.lb/shop/laptops/business/lenovo-thinkbook-14-g8-ial/,1
M2,Lenovo,Thinkbook 16 GEN8,Intel Ultra 7,Integrated,,,,755,New,https://www.m2.com.lb/shop/laptops/business/lenovo-thinkbook-16-gen8-ultra-7-21sk0030gq/,1
M2,Lenovo,Thinkpad E14 Gen 7 21T90053ED 14,,,,,,1000,New,https://www.m2.com.lb/shop/laptops/business/lenovo-thinkpad-e14-gen-7-21t90053ed-14/,1
M2,Lenovo,Thinkpad E14 Gen 721SX006UED,,,,,,1115,New,https://www.m2.com.lb/shop/laptops/business/lenovo-thinkpad-e14-gen-721sx006ued/,1
M2,Lenovo,Thinkpad E16 3,,,,,,760,New,https://www.m2.com.lb/shop/laptops/business/lenovo-thinkpad-e16-3/,1
M2,Lenovo,Thinkpad E16 Gen 2 21MA000DED,,,,,,760,New,https://www.m2.com.lb/shop/laptops/business/lenovo-thinkpad-e16-gen-2-21ma000ded/,1
M2,Lenovo,Thinkpad E16 Gen 3 21TF0057ED,Intel Core 7 240h,Integrated,16GB,512GB SSD,,755,New,https://www.m2.com.lb/shop/laptops/business/lenovo-thinkpad-e16-gen-3-21tf0057ed-core-7-240h-16-gb-dd5-512-gb-ssd-intel-ax211/,1
M2,Lenovo,Thinkpad E16 Specs Features E16 21MA000EED,,,,,,995,New,https://www.m2.com.lb/shop/laptops/business/lenovo-thinkpad-e16-specs-features-e16-21ma000eed/,1
M2,Lenovo,Thinkpad P16 Gen 8 21SK0027GP 16,,,,,,1025,New,https://www.m2.com.lb/shop/laptops/business/lenovo-thinkpad-p16-gen-8-21sk0027gp-16/,1
M2,Lenovo,Thinkpad T14 Gen 5,,,,,,650,New,https://www.m2.com.lb/shop/laptops/business/lenovo-thinkpad-t14-gen-5/,1
Options Megastore,Lenovo,Flex 5 2 In 1 14 Touch,Intel Core i5-1235U,Integrated,,,,570,New,https://optionsmegastore.com/2-in-1-laptops/2025-lenovo-flex-5-2-in-1-14-touch-laptop-i5-1235u,1
Options Megastore,Lenovo,Ideapad 5 X360 14 Touch,,,,,,870,New,https://optionsmegastore.com/2-in-1-laptops/2041-lenovo-ideapad-5-x360-14-touch-laptop,1
Options Megastore,HP,Envy 14 ES1013DX X360 ULTRA5 Touch,Intel Ultra 5,Integrated,,,,740,New,https://optionsmegastore.com/2-in-1-laptops/2099-hp-envy-14-es1013dx-x360-ultra5-touch-laptop,1
Options Megastore,HP,Omnibook X Flip 14 Touchscreen,Intel Ultra 7,Integrated,,,,1039,New,https://optionsmegastore.com/2-in-1-laptops/2109-hp-omnibook-x-flip-14-touchscreen-ultra-7,1
Options Megastore,HP,Omnibook 5 Flip X360 14 Touch,Intel Core 7,Integrated,,,,820,New,https://optionsmegastore.com/2-in-1-laptops/2111-hp-omnibook-5-flip-x360-14-touch-core-7-laptop,1
Options Megastore,Dell,Latitude 7350 2IN1 ULTRA7,Intel Ultra 7,Integrated,32GB,,"13""",1050,New,https://optionsmegastore.com/2-in-1-laptops/2120-dell-latitude-7350-2in1-ultra7-32gb-13inch-laptop,1
Options Megastore,HP,Omnibook 7 Flip 2 In 1,Intel Ultra 7 258v,Integrated,,,,1580,New,https://optionsmegastore.com/2-in-1-laptops/2123-hp-omnibook-7-flip-2-in-1-laptop-ultra-7-258v,1
Options Megastore,Lenovo,Yoga 7I 16IML9 2 In 1,,,,,,999,New,https://optionsmegastore.com/2-in-1-laptops/2134-lenovo-yoga-7i-16iml9-2-in-1-laptop,1
Options Megastore,Lenovo,Thinkpad L13 Yoga GEN3,AMD Ryzen 7,Integrated AMD Radeon,,,,799,New,https://optionsmegastore.com/2-in-1-laptops/2148-lenovo-thinkpad-l13-yoga-gen3-ryzen-7-pro-5875u,1
Options Megastore,Lenovo,Thinkpad L13 Yoga G4,Intel Core i7-1355U,Integrated,,,,850,New,https://optionsmegastore.com/2-in-1-laptops/2149-lenovo-thinkpad-l13-yoga-g4-i7-1355u,1
Options Megastore,Lenovo,Ideapad 5 X360 2 In 1,AMD Ryzen AI 7,Integrated AMD Radeon,,,,999,New,https://optionsmegastore.com/2-in-1-laptops/2163-lenovo-ideapad-5-x360-2-in-1-laptop-ryzen-ai-7,1
Options Megastore,Lenovo,Thinkpad L13 Yoga G3 X360,Intel Core i7-1255U,Integrated,,,,850,New,https://optionsmegastore.com/2-in-1-laptops/2165-lenovo-thinkpad-l13-yoga-g3-x360-i7-1255u,1
Options Megastore,Lenovo,Ideapad 5I 2 In 1,Intel Ultra 7 255u,Integrated,,,"14"" touch",1200,New,https://optionsmegastore.com/2-in-1-laptops/2190-lenovo-ideapad-5i-2-in-1-laptop-ultra-7-255u-14-inch,1
Options Megastore,HP,Omnibook 5 Flip 2 In 1,Intel Core 5,Integrated,8GB,,,650,New,https://optionsmegastore.com/2-in-1-laptops/2199-hp-omnibook-5-flip-2-in-1-laptop-14-intel-core-5-8gb,1
Options Megastore,Lenovo,Ideapad 16 2IN1,AMD Ryzen AI 5 340,Integrated AMD Radeon,,,,750,New,https://optionsmegastore.com/2-in-1-laptops/2246-lenovo-ideapad-16-2in1-ryzen-ai5-340,1
Options Megastore,Lenovo,Yoga 9 14IRP8 X360,Intel Core i7-1360P,Integrated,,,,1150,New,https://optionsmegastore.com/2-in-1-laptops/2267-lenovo-yoga-9-14irp8-x360-i7-1360p,1
Options Megastore,HP,Envy X360 15 FE1073CL,Intel Ultra 7,Integrated,32GB,,,980,New,https://optionsmegastore.com/2-in-1-laptops/2297-hp-envy-x360-15-fe1073cl-ultra-7-32gb,1
Options Megastore,Lenovo,Flex 5 2 In 1 Touch,AMD Ryzen 7,Integrated AMD Radeon,16GB,,,750,New,https://optionsmegastore.com/2-in-1-laptops/2301-lenovo-flex-5-2-in-1-touch-ryzen-7-16gb,1
Options Megastore,Lenovo,Ideapad 5I 14 ULTRA5 225U,Intel Ultra 5 225u,Integrated,,,,650,New,https://optionsmegastore.com/2-in-1-laptops/2356-lenovo-ideapad-5i-14-ultra5-225u,1
Options Megastore,Dell,Plus 16 2IN1,Intel Ultra 7 256v,Integrated,,,,1029,New,https://optionsmegastore.com/2-in-1-laptops/2360-dell-plus-16-2in1-ultra-7-256v,1
Options Megastore,HP,Envy X360 16 AD0007,AMD Ryzen 7 8840hs,Integrated AMD Radeon,,,,999,New,https://optionsmegastore.com/2-in-1-laptops/2419-hp-envy-x360-16-ad0007-ryzen-7-8840hs,1
Options Megastore,MSI,Summit E13 Evo X360,,,,,,965,New,https://optionsmegastore.com/2-in-1-laptops/2438-msi-summit-e13-evo-x360-laptop,1
Options Megastore,Dell,14 Plus X360,AMD Ryzen AI 5 340,Integrated AMD Radeon,,,,899,New,https://optionsmegastore.com/2-in-1-laptops/2439-dell-14-plus-x360-ryzen-ai5-340,1
Options Megastore,Lenovo,Yoga 7 2IN1 L,AMD Ryzen AI 7 350,Integrated AMD Radeon,,,,1100,New,https://optionsmegastore.com/2-in-1-laptops/2480-lenovo-yoga-7-2in1-l-ryzen-ai-7-350,1
Options Megastore,Snapdragon,Snapdragon Laptops,Snapdragon,Integrated Adreno,,,,,New,https://optionsmegastore.com/99-snapdragon-laptops,1
Options Megastore,ASUS,Rog Flow Z13 Ai Max 395,,,,,,2999,New,https://optionsmegastore.com/ai-powered-laptops/2045-asus-rog-flow-z13-ai-max-395,1
Options Megastore,Samsung,Galaxy Book 4 Touch,Intel Ultra 7 155h,Integrated,,,,850,New,https://optionsmegastore.com/ai-powered-laptops/2107-samsung-galaxy-book-4-touch-core-ultra-7-155h,1
Options Megastore,Dell,Xps 16 9640,Intel Ultra 7 155h,Integrated Intel Arc,,,,1455,New,https://optionsmegastore.com/ai-powered-laptops/2114-dell-xps-16-9640-ultra-7-155h-intel-arc,1
Options Megastore,Lenovo,Thinkpad X9 G1,Intel Ultra 7 258v,,,,,1850,New,https://optionsmegastore.com/ai-powered-laptops/2116-lenovo-thinkpad-x9-g1-ultra-7-258v-creator-laptop,1
Options Megastore,Lenovo,Yoga Slim 7 Aura,Intel Ultra 7,Integrated,,,,1199,New,https://optionsmegastore.com/ai-powered-laptops/2127-lenovo-yoga-slim-7-aura-ultra-7-15ill9,1
Options Megastore,HP,Elitebook 8 G1I 16,Intel Ultra 7 225u,Integrated,16GB,,,1450,New,https://optionsmegastore.com/ai-powered-laptops/2168-hp-elitebook-8-g1i-16-ultra-7-225u-16gb-ram,1
Options Megastore,MSI,Modern 15H Ai Touch,Intel Ultra 9 185h,Integrated,,,,990,New,https://optionsmegastore.com/ai-powered-laptops/2182-msi-modern-15h-ai-touch-ultra-9-185h-business-laptop,1
Options Megastore,MSI,Stealth A16 Mercedes Amg Ai,AMD Ryzen AI 9,,,,,2950,New,https://optionsmegastore.com/ai-powered-laptops/2265-msi-stealth-a16-mercedes-amg-ai-ryzen-ai9,1
Options Megastore,Samsung,Galaxy BOOK5 X360 ULTRA7,Intel Ultra 7,Integrated,16GB,,,1845,New,https://optionsmegastore.com/ai-powered-laptops/2283-samsung-galaxy-book5-x360-ultra7-16gb,1
Options Megastore,HP,Omnibook X 14 FE000 Touch,Snapdragon,Integrated Adreno,,,,850,New,https://optionsmegastore.com/ai-powered-laptops/2298-hp-omnibook-x-14-fe000-touch-snapdragon,1
Options Megastore,ASUS,Proart P16,AMD Ryzen AI 9 370,RTX 5070,,,,3450,New,https://optionsmegastore.com/ai-powered-laptops/2299-asus-proart-p16-ryzen-ai-9-hx-370-rtx-5070,1
Options Megastore,Lenovo,X1 Yoga G10 14 ULTRA7,Intel Ultra 7,Integrated,32GB,,,1899,New,https://optionsmegastore.com/ai-powered-laptops/2328-lenovo-x1-yoga-g10-14-ultra7-32gb,1
Options Megastore,Lenovo,Thinkpad X9 Aura ULTRA7 268V,Intel Ultra 7 268v,Integrated,,,,1799,New,https://optionsmegastore.com/ai-powered-laptops/2329-lenovo-thinkpad-x9-aura-ultra7-268v,1
Options Megastore,Lenovo,Yoga Book 9I 2IN1 83KJ0001US,,,,,,2299,New,https://optionsmegastore.com/ai-powered-laptops/2341-lenovo-yoga-book-9i-2in1-83kj0001us,1
Options Megastore,HP,Omnibook 7 Flip,Intel Ultra 9 288v,Integrated,,,,1499,New,https://optionsmegastore.com/ai-powered-laptops/2346-hp-omnibook-7-flip-ultra-9-288v,1
Options Megastore,ASUS,Zenbook UX3405CA Touch ULTRA7 255H,Intel Ultra 7 255h,Integrated,,,,1150,New,https://optionsmegastore.com/ai-powered-laptops/2357-asus-zenbook-ux3405ca-touch-ultra7-255h,1
Options Megastore,HP,Omnibook 5 Copilot Pc 14 HE0245DX,,,,,,799,New,https://optionsmegastore.com/ai-powered-laptops/2358-hp-omnibook-5-copilot-pc-14-he0245dx,1
Options Megastore,LG,Gram 17 Touch,Intel Ultra 7 258v,Integrated,,,,1460,New,https://optionsmegastore.com/ai-powered-laptops/2366-lg-gram-17-touch-ultra-7-258v,1
Options Megastore,HP,Omnibook 7 Flip 16 AU0070,,,,,,1250,New,https://optionsmegastore.com/ai-powered-laptops/2415-hp-omnibook-7-flip-16-au0070,1
Options Megastore,Acer,Aspire 14,Intel Ultra 9 288v,Integrated,,,,1299,New,https://optionsmegastore.com/ai-powered-laptops/2448-acer-aspire-14-ultra-9-288v,1
Options Megastore,Dell,16 Premium ULTRA9,Intel Ultra 9,Integrated Intel Arc,64GB,,,1999,New,https://optionsmegastore.com/ai-powered-laptops/2456-dell-16-premium-ultra9-64gb-intel-arc,1
Options Megastore,Dell,16 Plus LDB16250,Intel Ultra 9 288v,Integrated,,,,1499,New,https://optionsmegastore.com/ai-powered-laptops/2458-dell-16-plus-ldb16250-ultra-9-288v,1
Options Megastore,ASUS,Zenbook Duo,,,,,,2050,New,https://optionsmegastore.com/business-laptops/2044-asus-zenbook-duo-laptop-ux8406ca,1
Options Megastore,Microsoft,Surface Pro 9,Intel Core i5-1235U,Integrated,,,"13""",888,New,https://optionsmegastore.com/business-laptops/2062-microsoft-surface-pro-9-core-i5-1235u-13-inch,1
Options Megastore,Lenovo,Ideapad Slim 3,Intel Core i5-13420H,Integrated,8GB,512GB SSD,,640,New,https://optionsmegastore.com/business-laptops/2068-lenovo-ideapad-slim-3-core-i5-13420h-512gb-8gb-ram-laptop,1
Options Megastore,Lenovo,Thinkpad X13 G5,Intel Ultra 7 155u,Integrated,,,,1299,New,https://optionsmegastore.com/business-laptops/2092-lenovo-thinkpad-x13-g5-ultra-7-155u,1
Options Megastore,Lenovo,Thinkpad X13 G4 Touch,AMD Ryzen 7,Integrated AMD Radeon,,,,930,New,https://optionsmegastore.com/business-laptops/2095-lenovo-thinkpad-x13-g4-touch-ryzen-7,1
Options Megastore,Lenovo,Ideapad Slim 3 14IRH10,Intel Core i5-13420H,Integrated,,,,640,New,https://optionsmegastore.com/business-laptops/2126-lenovo-ideapad-slim-3-14irh10-i5-13420h,1
Options Megastore,Lenovo,Thinkpad X1 Nano G3,Intel Core i7,Integrated,,,"13"" touch",1199,New,https://optionsmegastore.com/business-laptops/2129-lenovo-thinkpad-x1-nano-g3-13-inch-touch-core-i7,1
Options Megastore,Lenovo,Thinkbook 13S G4,AMD Ryzen 5 6600u,Integrated AMD Radeon,,,,620,New,https://optionsmegastore.com/business-laptops/2146-lenovo-thinkbook-13s-g4-ryzen-5-6600u,1
Options Megastore,Microsoft,Surface,Intel Ultra 7 165h,Integrated,,,,1720,New,https://optionsmegastore.com/business-laptops/2161-microsoft-surface-laptop-6-ultra-7-165h-touchscreen,1
Options Megastore,HP,Elitebook 8 G1I,Intel Ultra 5 225u,Integrated,,,"14""",1150,New,https://optionsmegastore.com/business-laptops/2170-hp-elitebook-8-g1i-ultra-5-225u-14-inch,1
Options Megastore,Microsoft,Surface,Intel Core i5-1235U,Integrated,,,,999,New,https://optionsmegastore.com/business-laptops/2205-microsoft-surface-laptop-5-13-5-touch-i5-1235u,1
Options Megastore,Lenovo,Thinkpad E14 GEN7 CORE7 240H,Intel Core 7 240h,Integrated,16GB,512GB SSD,,900,New,https://optionsmegastore.com/business-laptops/2215-lenovo-thinkpad-e14-gen7-core7-240h-16gb-512gb,1
Options Megastore,Lenovo,Thinkpad E14 GEN7 ULTRA7 255H,Intel Ultra 7 255h,Integrated,16GB,512GB SSD,,1100,New,https://optionsmegastore.com/business-laptops/2216-lenovo-thinkpad-e14-gen7-ultra7-255h-16gb-512gb,1
Options Megastore,Lenovo,Thinkpad E14 G7 Business,Intel Ultra 5,Integrated,16GB,,,825,New,https://optionsmegastore.com/business-laptops/2217-lenovo-thinkpad-e14-g7-business-laptop-ultra5-16gb,1
Options Megastore,Lenovo,Thinkpad E16 G3,Intel Ultra 7 255h,Integrated,,,,1150,New,https://optionsmegastore.com/business-laptops/2220-lenovo-thinkpad-e16-g3-ultra-7-255h-business-laptop,1
Options Megastore,Lenovo,Thinkpad X1 Carbon GEN12 Touchscreen ULTRA7,Intel Ultra 7,Integrated,,,,1799,New,https://optionsmegastore.com/business-laptops/2254-lenovo-thinkpad-x1-carbon-gen12-touchscreen-ultra7,1
Options Megastore,Lenovo,Thinkpad X9 GEN1 Aura ULTRA5 226V,Intel Ultra 5 226v,Integrated,,,,1250,New,https://optionsmegastore.com/business-laptops/2260-lenovo-thinkpad-x9-gen1-aura-ultra5-226v,1
Options Megastore,ASUS,Vivobook X1404,Intel Core i5-1334U,Integrated,,,"14""",499,New,https://optionsmegastore.com/business-laptops/2268-asus-vivobook-x1404-i5-1334u-14-inch,1
Options Megastore,Samsung,Galaxy BOOK5,Intel Ultra 7,Integrated,,,"14""",2099,New,https://optionsmegastore.com/business-laptops/2271-samsung-galaxy-book5-14-inch-ultra-7,1
Options Megastore,Lenovo,Thinkpad T14S Gen 5,Intel Ultra 5 125u,Integrated,,,,940,New,https://optionsmegastore.com/business-laptops/2289-lenovo-thinkpad-t14s-gen-5-ultra-5-125u,1
Options Megastore,Lenovo,Thinkpad E14 G6 Touch,Intel Ultra 7 155u,Integrated,,,,950,New,https://optionsmegastore.com/business-laptops/2296-lenovo-thinkpad-e14-g6-touch-ultra-7-155u,1
Options Megastore,Lenovo,Thinkpad E16 G4 Touch ULTRA7 255H,Intel Ultra 7 255h,Integrated,,,,1180,New,https://optionsmegastore.com/business-laptops/2308-lenovo-thinkpad-e16-g4-touch-ultra7-255h,1
Options Megastore,Lenovo,Thinkpad X1 Carbon G10 Touch,,,,,,1899,New,https://optionsmegastore.com/business-laptops/2311-lenovo-thinkpad-x1-carbon-g10-touch,1
Options Megastore,Lenovo,V14 83A000J2UE,,,,,,870,New,https://optionsmegastore.com/business-laptops/2338-lenovo-v14-83a000j2ue,1
Options Megastore,ASUS,Zenbook S13 UX5304VA,Intel Core i7-1355U,Integrated,,,,830,New,https://optionsmegastore.com/business-laptops/2350-asus-zenbook-s13-ux5304va-i7-1355u,1
Options Megastore,Lenovo,Thinkpad X9 15,Intel Ultra 7,Integrated,,,,2100,New,https://optionsmegastore.com/business-laptops/2365-lenovo-thinkpad-x9-15-ultra-7-touch,1
Options Megastore,Lenovo,Thinkpad E16 G2 ULTRA5 125U,Intel Ultra 5 125u,Integrated,,,,770,New,https://optionsmegastore.com/business-laptops/2372-lenovo-thinkpad-e16-g2-ultra5-125u,1
Options Megastore,Dell,Latitude 5330 Touch,Intel Core i5-1245U,Integrated,,,,565,New,https://optionsmegastore.com/business-laptops/2374-dell-latitude-5330-touch-i5-1245u,1
Options Megastore,HP,Omnibook 5 16 BC1052,,,,,,765,New,https://optionsmegastore.com/business-laptops/2401-hp-omnibook-5-16-bc1052,1
Options Megastore,Dell,14 Plus,Intel Ultra 9 288v,Integrated,32GB,,,2100,New,https://optionsmegastore.com/business-laptops/2457-dell-14-plus-ultra-9-288v-32gb-ram,1
Options Megastore,Dell,16 Premium ULTRA9 RTX5070 Touch,Intel Ultra 9,RTX 5070,,,,3599,New,https://optionsmegastore.com/business-laptops/2459-dell-16-premium-ultra9-rtx5070-touch,1
Options Megastore,Dell,XPS16 ULTRA9 RTX5070 Touch,Intel Ultra 9,RTX 5070,,,,3899,New,https://optionsmegastore.com/business-laptops/2460-dell-xps16-ultra9-rtx5070-touch,1
Options Megastore,ASUS,Vivobook Flip 14 Touch,Intel Ultra 7 256v,Integrated,,,,999,New,https://optionsmegastore.com/business-laptops/2479-asus-vivobook-flip-14-touch-ultra-7-256v,1
Options Megastore,Lenovo,Thinkpad X1 Carbon GEN13 ULTRA7 258V,Intel Ultra 7 258v,Integrated,,,,2899,New,https://optionsmegastore.com/business-laptops/2481-lenovo-thinkpad-x1-carbon-gen13-ultra7-258v,1
Options Megastore,Lenovo,Thinkpad E16 GEN3,Intel Ultra 5 226v,Integrated,,,,1050,New,https://optionsmegastore.com/business-laptops/2487-lenovo-thinkpad-e16-gen3-ultra-5-226v,1
Options Megastore,HP,Probook 4 G1I,Intel Ultra 5 225u,Integrated,,,"16""",1050,New,https://optionsmegastore.com/business-laptops/2519-hp-probook-4-g1i-core-ultra-5-225u-16-inch,1
Options Megastore,HP,Elitebook 8 G1I,Intel Ultra 7 255u,Integrated,,,,1400,New,https://optionsmegastore.com/business-laptops/2520-hp-elitebook-8-g1i-core-ultra-7-255u,1
Options Megastore,Microsoft,Surface Pro 13 Copilot,Snapdragon x2 plus,Integrated Adreno,,,,1750,New,https://optionsmegastore.com/business-laptops/2521-microsoft-surface-pro-13-copilot-snapdragon-x2-plus,1
Options Megastore,HP,Elitebook 8 G1A 14 Touch,AMD Ryzen AI 5,Integrated AMD Radeon,,,,850,New,https://optionsmegastore.com/business-laptops/2527-hp-elitebook-8-g1a-14-touch-ryzen-ai-5-pro,1
Options Megastore,Dynabook,Tecra A40 M,Intel Ultra 7 155h,Integrated,,,,899,New,https://optionsmegastore.com/business-laptops/2528-dynabook-tecra-a40-m-core-ultra-7-155h,1
Options Megastore,HP,Elitebook 845 G11,AMD Ryzen 5,Integrated AMD Radeon,,,,690,New,https://optionsmegastore.com/business-laptops/2529-hp-elitebook-845-g11-ryzen-5-pro-8640hs,1
Options Megastore,HP,Probook 445 G11,AMD Ryzen 5 7535u,Integrated AMD Radeon,,,"14""",660,New,https://optionsmegastore.com/business-laptops/2531-hp-probook-445-g11-14-inch-ryzen-5-7535u,1
Options Megastore,HP,250R G10,Intel Core 5 120u,Integrated,,,,615,New,https://optionsmegastore.com/business-laptops/2532-hp-250r-g10-core-5-120u,1
Options Megastore,Lenovo,Thinkpad T14 Gen 6 21QDS6DX00,,,,,,1450,New,https://optionsmegastore.com/business-laptops/2536-lenovo-thinkpad-t14-gen-6-21qds6dx00,1
Options Megastore,Acer,Swift Go 16,AMD Ryzen AI 9 465,Integrated AMD Radeon,32GB,,,1499,New,https://optionsmegastore.com/business-laptops/2537-acer-swift-go-16-ryzen-ai-9-465-32gb,1
Options Megastore,Lenovo,Thinkpad E16 G3,Intel Ultra 7 256v,Integrated,,,,1215,New,https://optionsmegastore.com/business-laptops/2555-lenovo-thinkpad-e16-g3-ultra-7-256v,1
Options Megastore,Lenovo,Thinkpad E14 GEN7,Intel Ultra 5 226v,Integrated,,,,999,New,https://optionsmegastore.com/business-laptops/2556-lenovo-thinkpad-e14-gen7-ultra-5-226v,1
Options Megastore,Lenovo,Thinkpad T14 Gen 7,Intel Ultra 7 355,Integrated,,,,2450,New,https://optionsmegastore.com/business-laptops/2565-lenovo-thinkpad-t14-gen-7-ultra-7-355,1
Options Megastore,Lenovo,Thinkpad X1 Carbon 14 ULTRA7 365,Intel Ultra 7 365,Integrated,,,,3299,New,https://optionsmegastore.com/business-laptops/2567-lenovo-thinkpad-x1-carbon-14-ultra7-365,1
Options Megastore,MSI,Vector 16 Hx Ai ULTRA9,Intel Ultra 9,RTX 5080,,,,2700,New,https://optionsmegastore.com/gaming-laptops/2033-msi-vector-16-hx-ai-ultra9-rtx-5080-gaming-laptop,1
Options Megastore,ASUS,Rog Zephyrus G14,AMD Ryzen AI 9,RTX 5070 Ti,,,,2599,New,https://optionsmegastore.com/gaming-laptops/2056-asus-rog-zephyrus-g14-ryzen-ai9-gaming-laptop-rtx-5070-ti,1
Options Megastore,ASUS,Rog Strix G18 G815LW,Intel Ultra 9 275hx,RTX 5080,,,,3750,New,https://optionsmegastore.com/gaming-laptops/2072-asus-rog-strix-g18-g815lw-ultra-9-275hx-rtx-5080,1
Options Megastore,Lenovo,Legion 5 15IRX10,Intel Core i9,RTX 5070,,,,2050,New,https://optionsmegastore.com/gaming-laptops/2082-lenovo-legion-5-15irx10-i9-rtx-5070,1
Options Megastore,MSI,Katana 15 Hx,Intel Core i9,RTX 5070,,,,1750,New,https://optionsmegastore.com/gaming-laptops/2093-msi-katana-15-hx-gaming-laptop-i9-rtx-5070,1
Options Megastore,HP,Victus 15 FA2013DX,Intel Core i5,RTX 3050,,,,1100,New,https://optionsmegastore.com/gaming-laptops/2100-hp-victus-15-fa2013dx-i5-rtx-3050-gaming-laptop,1
Options Megastore,Dell,Alienware Aurora 16,Intel Core 7,RTX 5060,,,,1620,New,https://optionsmegastore.com/gaming-laptops/2104-alienware-aurora-16-core-7-rtx-5060-gaming-laptop,1
Options Megastore,HP,Omen Max 16,Intel Ultra 9,RTX 5080 32GB,,,,2500,New,https://optionsmegastore.com/gaming-laptops/2124-hp-omen-max-16-core-ultra-9-rtx-5080-32gb-240hz,1
Options Megastore,Dell,Alienware 16X Aurora,Intel Ultra 9 275hx,RTX 5070,,,,2350,New,https://optionsmegastore.com/gaming-laptops/2132-dell-alienware-16x-aurora-rtx-5070-ultra-9-275hx,1
Options Megastore,ASUS,Rog Strix G18 Ai,Intel Ultra 9,RTX 5090,,,,4999,New,https://optionsmegastore.com/gaming-laptops/2133-asus-rog-strix-g18-ai-rtx-5090-intel-ultra-9,1
Options Megastore,ASUS,Tuf F16,Intel Core i7-14650HX,RTX 5060,,,,1550,New,https://optionsmegastore.com/gaming-laptops/2137-asus-tuf-f16-gaming-laptop-i7-14650hx-rtx-5060,1
Options Megastore,HP,Omen Max 16T AH000,Intel Ultra 9,RTX 5090,,,,3599,New,https://optionsmegastore.com/gaming-laptops/2138-hp-omen-max-16t-ah000-rtx-5090-ultra-9,1
Options Megastore,Lenovo,Legion 5I 15IRX10,,RTX 5060,,,,1500,New,https://optionsmegastore.com/gaming-laptops/2142-lenovo-legion-5i-15irx10-gaming-laptop-rtx-5060,1
Options Megastore,Lenovo,Legion 5 17ARH05,AMD Ryzen 7 4800h,RTX 2060,,,,777,New,https://optionsmegastore.com/gaming-laptops/2143-lenovo-legion-5-17arh05-rtx-2060-ryzen-7-4800h,1
Options Megastore,ASUS,Rog Strix G16 RYZEN9,AMD Ryzen 9,RTX 5070 Ti,,,,2400,New,https://optionsmegastore.com/gaming-laptops/2151-asus-rog-strix-g16-ryzen9-rtx-5070-ti-gaming-laptop,1
Options Megastore,ASUS,Rog Strix G16 G614FM WS94,AMD Ryzen 9 9955hx,RTX 5060,,,,1530,New,https://optionsmegastore.com/gaming-laptops/2154-asus-rog-strix-g16-g614fm-ws94-rtx-5060-ryzen-9-9955hx,1
Options Megastore,ASUS,Rog Strix G18,Intel Ultra 9 275hx,RTX 5060,,,,2399,New,https://optionsmegastore.com/gaming-laptops/2175-asus-rog-strix-g18-rtx-5060-ultra-9-275hx,1
Options Megastore,ASUS,Rog Strix G16,Intel Core i7-14650HX,RTX 5060,,,,1750,New,https://optionsmegastore.com/gaming-laptops/2180-asus-rog-strix-g16-rtx-5060-i7-14650hx-gaming-laptop,1
Options Megastore,ASUS,Rog Strix G16,Intel Ultra 9 275hx,RTX 5080,,,,2750,New,https://optionsmegastore.com/gaming-laptops/2181-asus-rog-strix-g16-ultra-9-275hx-rtx-5080-gaming-laptop,1
Options Megastore,HP,Omen 16 Slim,Intel Ultra 7 255h,RTX 5070,,,,1499,New,https://optionsmegastore.com/gaming-laptops/2189-hp-omen-16-slim-gaming-laptop-ultra-7-255h-rtx-5070,1
Options Megastore,Lenovo,Legion Pro 7I GEN10 ULTRA9 RTX5090 16 Oled,Intel Ultra 9,RTX 5090,,,,3999,New,https://optionsmegastore.com/gaming-laptops/2201-lenovo-legion-pro-7i-gen10-ultra9-rtx5090-16-oled-laptop,1
Options Megastore,Dell,Alienware 18 AREA51,Intel Ultra 9,RTX 5090,64GB,2TB SSD,,4599,New,https://optionsmegastore.com/gaming-laptops/2210-alienware-18-area51-gaming-laptop-ultra-9-rtx-5090-2tb-64gb,1
Options Megastore,HP,Omen 16,Intel Ultra 9 285h,RTX 5070 32GB,,,,1799,New,https://optionsmegastore.com/gaming-laptops/2214-hp-omen-16-gaming-laptop-ultra9-285h-rtx5070-32gb,1
Options Megastore,MSI,Venturepro,Intel Core 7 240h,RTX 5060,,,,1250,New,https://optionsmegastore.com/gaming-laptops/2221-msi-venturepro-core-7-240h-rtx-5060-gaming-laptop,1
Options Megastore,MSI,Raider 18HX,Intel Ultra 9,RTX 5090 64GB,,,,4650,New,https://optionsmegastore.com/gaming-laptops/2222-msi-raider-18hx-gaming-laptop-ultra9-rtx5090-64gb,1
Options Megastore,MSI,Katana 15 Hx,Intel Core i7,RTX 5070,,,,1880,New,https://optionsmegastore.com/gaming-laptops/2234-msi-katana-15-hx-i7-rtx-5070-gaming-laptop,1
Options Megastore,MSI,Vector 16 Hx Ai,Intel Ultra 9,RTX 5090,,,,3999,New,https://optionsmegastore.com/gaming-laptops/2237-msi-vector-16-hx-ai-gaming-laptop-ultra9-rtx5090,1
Options Megastore,HP,Victus 15 FA2093DX,Intel Core i7,RTX 5060,,,,1350,New,https://optionsmegastore.com/gaming-laptops/2239-hp-victus-15-fa2093dx-gaming-laptop-i7-rtx5060,1
Options Megastore,Acer,Predator Helios Neo 16S Ai,,RTX 5070 Ti,,,,2200,New,https://optionsmegastore.com/gaming-laptops/2245-acer-predator-helios-neo-16s-ai-rtx-5070ti,1
Options Megastore,Lenovo,Legion 5 ULTRA9 RTX5070 165HZ,Intel Ultra 9,RTX 5070,,,,1780,New,https://optionsmegastore.com/gaming-laptops/2258-lenovo-legion-5-ultra9-rtx5070-165hz,1
Options Megastore,Razer,Blade 18 ULTRA9,Intel Ultra 9,RTX 5090,32GB,,,5699,New,https://optionsmegastore.com/gaming-laptops/2263-razer-blade-18-ultra9-32gb-rtx5090-240hz,1
Options Megastore,Dell,Alienware Aurora LAC16250,,,,,,1575,New,https://optionsmegastore.com/gaming-laptops/2264-dell-alienware-aurora-lac16250-gaming-laptop,1
Options Megastore,HP,Omen Slim,Intel Ultra 7 255h,RTX 5060,,,,1299,New,https://optionsmegastore.com/gaming-laptops/2280-hp-omen-slim-gaming-laptop-ultra-7-255h-rtx-5060,1
Options Megastore,Dell,Alienware 16 Area 51,Intel Ultra 9,RTX 5070 Ti,,,,2899,New,https://optionsmegastore.com/gaming-laptops/2281-dell-alienware-16-area-51-ultra-9-rtx-5070-ti,1
Options Megastore,MSI,Crosshair 18HX ULTRA9 275HX RTX5070,Intel Ultra 9 275hx,RTX 5070,,,,1855,New,https://optionsmegastore.com/gaming-laptops/2292-msi-crosshair-18hx-ultra9-275hx-rtx5070,1
Options Megastore,Lenovo,Legion 5 83M0004AUS RYZEN7 260,AMD Ryzen 7 260,RTX 5060,,,,1499,New,https://optionsmegastore.com/gaming-laptops/2300-lenovo-legion-5-83m0004aus-ryzen7-260-rtx-5060,1
Options Megastore,MSI,Katana 15HX,Intel Core i9-14900HX,RTX 5060,,,,1399,New,https://optionsmegastore.com/gaming-laptops/2304-msi-katana-15hx-i9-14900hx-rtx5060,1
Options Megastore,Lenovo,Loq,AMD Ryzen 7 250,RTX 5060,,,,1299,New,https://optionsmegastore.com/gaming-laptops/2313-lenovo-loq-amd-ryzen-7-250-rtx-5060,1
Options Megastore,Razer,Blade 14,AMD Ryzen AI 9,RTX 5070,,,,2599,New,https://optionsmegastore.com/gaming-laptops/2320-razer-blade-14-ryzen-ai-9-rtx-5070,1
Options Megastore,MSI,Katana 15 Hx,Intel Core i7-14650HX,RTX 5060,,,,1550,New,https://optionsmegastore.com/gaming-laptops/2324-msi-katana-15-hx-i7-14650hx-rtx-5060,1
Options Megastore,HP,Victus 15,AMD Ryzen AI 7 350,RTX 5060,,,,1400,New,https://optionsmegastore.com/gaming-laptops/2351-hp-victus-15-ryzen-ai7-350-rtx-5060,1
Options Megastore,ASUS,Rog Strix G16 ULTRA9,Intel Ultra 9,RTX 5070 Ti,,,,2790,New,https://optionsmegastore.com/gaming-laptops/2353-asus-rog-strix-g16--ultra9-rtx-5070-ti,1
Options Megastore,Acer,Nitro V15,Intel Core i5-13420H,RTX 5050,,,,1150,New,https://optionsmegastore.com/gaming-laptops/2354-acer-nitro-v15-i5-13420h-rtx-5050,1
Options Megastore,HP,Omen 16 League Of Legends,,RTX 5060,,,,1460,New,https://optionsmegastore.com/gaming-laptops/2355-hp-omen-16-league-of-legends-rtx-5060,1
Options Megastore,HP,Omen 16 AP0097NR,,,,,,2000,New,https://optionsmegastore.com/gaming-laptops/2423-hp-omen-16-ap0097nr,1
Options Megastore,Gigabyte,Aorus 16 ULTRA9,Intel Ultra 9,RTX 5090,,,,3650,New,https://optionsmegastore.com/gaming-laptops/2442-gigabyte-aorus-16-ultra9-rtx-5090,1
Options Megastore,Acer,Nitro V16S CORE9 270H RTX5070,Intel Core 9 270h,RTX 5070,,,,1770,New,https://optionsmegastore.com/gaming-laptops/2449-acer-nitro-v16s-core9-270h-rtx5070,1
Options Megastore,Lenovo,Legion 9 18 ULTRA9 RTX5090,Intel Ultra 9,RTX 5090,,,,4999,New,https://optionsmegastore.com/gaming-laptops/2451-lenovo-legion-9-18-ultra9-rtx5090,1
Options Megastore,MSI,Raider 18HX Ai A2XWIG,,,,,,3275,New,https://optionsmegastore.com/gaming-laptops/2469-msi-raider-18hx-ai-a2xwig,1
Options Megastore,ASUS,Rog Strix G16 G614PP WH94,,,,,,1750,New,https://optionsmegastore.com/gaming-laptops/2471-asus-rog-strix-g16-g614pp-wh94,1
Options Megastore,Dell,Alienware 16 Area 51,,RTX 5070,,,,2399,New,https://optionsmegastore.com/gaming-laptops/2478-dell-alienware-16-area-51-rtx-5070,1
Options Megastore,MSI,Vector 16HX 255HX,,RTX 5070 Ti,,,,2299,New,https://optionsmegastore.com/gaming-laptops/2484-msi-vector-16hx-255hx-rtx-5070-ti,1
Options Megastore,Lenovo,Legion PRO7I ULTRA9 275HX RTX5080,Intel Ultra 9 275hx,RTX 5080,,,,3945,New,https://optionsmegastore.com/gaming-laptops/2497-lenovo-legion-pro7i-ultra9-275hx-rtx5080,1
Options Megastore,ASUS,Rog Zephyrus DUO16 ULTRA9 386H RTX5090,Intel Ultra 9 386h,RTX 5090,,,,7499,New,https://optionsmegastore.com/gaming-laptops/2498-asus-rog-zephyrus-duo16-ultra9-386h-rtx5090,1
Options Megastore,MSI,Raider 16 Max Hx B2WJ,,RTX 5090,,,,4299,New,https://optionsmegastore.com/gaming-laptops/2499-msi-raider-16-max-hx-b2wj-rtx-5090,1
Options Megastore,ASUS,Rog Strix G18,Intel Core i9-14900HX,RTX 5070,,,,2199,New,https://optionsmegastore.com/gaming-laptops/2501-asus-rog-strix-g18-i9-14900hx-rtx5070,1
Options Megastore,ASUS,Rog Strix Scar 18,Intel Ultra 9 275hx,RTX 5090,,,,4599,New,https://optionsmegastore.com/gaming-laptops/2512-asus-rog-strix-scar-18-ultra-9-275hx-rtx-5090,1
Options Megastore,ASUS,Rog Strix Scar 16,Intel Ultra 9 275hx,RTX 5080,,,,3950,New,https://optionsmegastore.com/gaming-laptops/2513-asus-rog-strix-scar-16-ultra-9-275hx-rtx-5080,1
Options Megastore,ASUS,V16,Intel Core 7 240h,RTX 5060,,,,1350,New,https://optionsmegastore.com/gaming-laptops/2530-asus-v16-gaming-laptop-core-7-240h-rtx-5060,1
Options Megastore,HP,Victus 15 FA2095NW CORE7 240H,Intel Core 7 240h,RTX 5060,,,,1299,New,https://optionsmegastore.com/gaming-laptops/2534-hp-victus-15-fa2095nw-core7-240h-rtx-5060,1
Options Megastore,Acer,Nitro V 15 ANV15 A31,,RTX 5060,,,,1250,New,https://optionsmegastore.com/gaming-laptops/2535-acer-nitro-v-15-anv15-a31-rtx-5060,1
Options Megastore,Acer,Nitro V16,AMD Ryzen 7 260,RTX 5060,,,,1280,New,https://optionsmegastore.com/gaming-laptops/2539-acer-nitro-v16-ryzen-7-260-rtx-5060,1
Options Megastore,MSI,Katana 17 Hx,Intel Core i7-14650HX,RTX 5060,,,,1440,New,https://optionsmegastore.com/gaming-laptops/2540-msi-katana-17-hx-i7-14650hx-rtx-5060,1
Options Megastore,Acer,Nitro V Slim,Intel Core 9 270h,RTX 5070,,,,1599,New,https://optionsmegastore.com/gaming-laptops/2541-acer-nitro-v-slim-core-9-270h-rtx-5070,1
Options Megastore,Lenovo,Ideapad Pro 5 16,AMD Ryzen AI 5,RTX 5050,,,,1400,New,https://optionsmegastore.com/gaming-laptops/2548-lenovo-ideapad-pro-5-16-ryzen-ai-5-rtx-5050,1
Options Megastore,HP,Hyperx Omen 15,Intel Ultra 9 385h,RTX 5070,,,,2799,New,https://optionsmegastore.com/gaming-laptops/2549-hp-hyperx-omen-15-ultra-9-385h-rtx-5070,1
Options Megastore,ASUS,Tuf A16,AMD Ryzen 7 260,RTX 5050,,,,1280,New,https://optionsmegastore.com/gaming-laptops/2551-asus-tuf-a16-ryzen-7-260-rtx-5050,1
Options Megastore,MSI,Cyborg 15,Intel Core 7 240h,RTX 5060,,,,1199,New,https://optionsmegastore.com/gaming-laptops/2552-msi-cyborg-15-core-7-240h-rtx-5060,1
Options Megastore,MSI,Crosshair 16 Hx E14W,Intel Core i9-14900HX,RTX 5070,,,,1780,New,https://optionsmegastore.com/gaming-laptops/2553-msi-crosshair-16-hx-e14w-i9-14900hx-rtx-5070,1
Options Megastore,HP,Omen 17 DB1041NWR,AMD Ryzen AI 7,RTX 5060,,,,1599,New,https://optionsmegastore.com/gaming-laptops/2554-hp-omen-17-db1041nwr-ryzen-ai7-rtx-5060,1
Options Megastore,HP,Omen Max 16Z,AMD Ryzen AI 9 375,RTX 5080,,,,2040,New,https://optionsmegastore.com/gaming-laptops/2557-hp-omen-max-16z-ryzen-ai-9-hx-375-rtx-5080,1
Options Megastore,HP,Omen Max 16T AH000,Intel Ultra 7 255hx,RTX 5080,,,,1940,New,https://optionsmegastore.com/gaming-laptops/2558-hp-omen-max-16t-ah000-ultra-7-255hx-rtx-5080,1
Options Megastore,HP,Omen Max 16T AH000,Intel Ultra 9 275hx,RTX 5080,,,,2425,New,https://optionsmegastore.com/gaming-laptops/2559-hp-omen-max-16t-ah000-ultra-9-275hx-rtx-5080,1
Options Megastore,HP,Omen Max 16T AH000,,RTX 5090,,,,3090,New,https://optionsmegastore.com/gaming-laptops/2560-hp-omen-max-16t-ah000-rtx-5090,1
Options Megastore,Enovo,Loq 15AHP9,AMD Ryzen 7 7445hs,RTX 3050,,,,999,New,https://optionsmegastore.com/gaming-laptops/2561-enovo-loq-15ahp9-ryzen-7-7445hs-rtx-3050,1
Options Megastore,ASUS,Rog Zephyrus G16 GU605CX,,RTX 5090,,,,4999,New,https://optionsmegastore.com/gaming-laptops/2562-asus-rog-zephyrus-g16-gu605cx-rtx-5090,1
Options Megastore,Acer,Nitro 15 ANV15,Intel Core 7 240h,RTX 4050,,,,1070,New,https://optionsmegastore.com/gaming-laptops/2563-acer-nitro-15-anv15-core-7-240h-rtx-4050,1
Options Megastore,Dell,Alienware 16 Aurora AC16250,Intel Core 7 240h,RTX 5050,,,,1299,New,https://optionsmegastore.com/gaming-laptops/2564-dell-alienware-16-aurora-ac16250-core-7-240h-rtx-5050,1
Options Megastore,HP,14 Quad,Intel Pentium,Integrated,,,,355,New,https://optionsmegastore.com/laptops/1323-hp-notebook-14-quad-core-pentium,1
Options Megastore,HP,14 DQ3005 Pentium Silver,Intel Pentium,Integrated,,,,333,New,https://optionsmegastore.com/laptops/1380-hp-14-dq3005-pentium-silver,1
Options Megastore,Gateway,GWTN156,AMD Ryzen 3,Integrated AMD Radeon,,,,299,New,https://optionsmegastore.com/laptops/1431-gateway-gwtn156-ultra-slim-ryzen-3,1
Options Megastore,HP,17 CN2000,Intel Core i5-1235U,Integrated,,256GB SSD,,655,New,https://optionsmegastore.com/laptops/1440-hp-17-cn2000-core-i5-1235u-256gb,1
Options Megastore,HP,Pavilion X360 15 2 In 1,Intel Core i5,Integrated,,,"15.2"" touch",733,New,https://optionsmegastore.com/laptops/1458-hp-pavilion-x360-15-2-in-1-core-i5,1
Options Megastore,HP,15 EF1183,AMD Ryzen 7 5700u,Integrated AMD Radeon,,,,749,New,https://optionsmegastore.com/laptops/1473-hp-15-ef1183-amd-ryzen-7-5700u,1
Options Megastore,HP,Envy 13 AQ1001,Intel Core i5,Integrated,,,,665,New,https://optionsmegastore.com/laptops/1475-hp-envy-13-aq1001-core-i5-1035g1,1
Options Megastore,HP,Envy X360 15 Ey 2 In 1,,,,,,855,New,https://optionsmegastore.com/laptops/1482-hp-envy-x360-15-ey-2-in-1-amd,1
Options Megastore,Lenovo,3 Pentium Silver,Intel Pentium,Integrated,,,,378,New,https://optionsmegastore.com/laptops/1498-lenovo-3-pentium-silver,1
Options Megastore,HP,15 FD0083 Pentium N200,Intel Pentium,Integrated,128GB,128GB SSD,,367,New,https://optionsmegastore.com/laptops/1503-hp-15-fd0083-pentium-n200-128gb,1
Options Megastore,HP,14 Quad,Intel Pentium,Integrated,,,,385,New,https://optionsmegastore.com/laptops/1507-hp-laptop-14-quad-core-pentium,1
Options Megastore,Acer,3 Spin 2 In 1,Intel Core i3-N305,Integrated,,,,450,New,https://optionsmegastore.com/laptops/1509-acer-3-spin-2-in-1-core-i3-n305,1
Options Megastore,HP,15 FD0707,Intel Core i7-1355U,Integrated,,,,699,New,https://optionsmegastore.com/laptops/1516-hp-15-fd0707-core-i7-1355u,1
Options Megastore,HP,Envy X360 15 ED1055 2 In 1,,,,,,699,New,https://optionsmegastore.com/laptops/1521-hp-envy-x360-15-ed1055-2-in-1,1
Options Megastore,Lenovo,Flex 5 14IAU7,Intel Core i5-1235U,Integrated,,,,599,New,https://optionsmegastore.com/laptops/1522-lenovo-flex-5-14iau7-core-i5-1235u,1
Options Megastore,ASUS,Tuf Gaming A16,,,,,,999,New,https://optionsmegastore.com/laptops/1530-asus-tuf-gaming-a16,1
Options Megastore,MSI,Delta 15,AMD Ryzen 7 5800h,Integrated AMD Radeon,,,,1110,New,https://optionsmegastore.com/laptops/1535-msi-delta-15-ryzen-7-5800h,1
Options Megastore,Lenovo,V15 G3 1255U,,,,,,580,New,https://optionsmegastore.com/laptops/1536-lenovo-v15-g3-1255u,1
Options Megastore,HP,Pavilion 14 EK200,Intel Core 7,Integrated,,,,950,New,https://optionsmegastore.com/laptops/1546-hp-pavilion-14-ek200-core-7,1
Options Megastore,Lenovo,Thinkpad X1 Carbon G12,,,,,,1640,New,https://optionsmegastore.com/laptops/1547-thinkpad-x1-carbon-g12,1
Options Megastore,Lenovo,Yoga 9I 2 In 1 14IMH9,,,,,,1450,New,https://optionsmegastore.com/laptops/1548-lenovo-yoga-9i-2-in-1-14imh9,1
Options Megastore,Dell,Latitude 5350 2 In 1 ULTRA5,Intel Ultra 5,Integrated,,,,780,New,https://optionsmegastore.com/laptops/1549-dell-latitude-5350-2-in-1-ultra5,1
Options Megastore,Dell,Latitude 7340 1365U,,,,,,999,New,https://optionsmegastore.com/laptops/1553-dell-latitude-7340-1365u,1
Options Megastore,Dell,Xps 13 9340,,,,,,1650,New,https://optionsmegastore.com/laptops/1554-dell-xps-13-9340,1
Options Megastore,Lenovo,Thinkpad T14 G2,,,,,,699,New,https://optionsmegastore.com/laptops/1555-thinkpad-t14-g2-amd,1
Options Megastore,Thinkbook,14 Iml,,,,,,750,New,https://optionsmegastore.com/laptops/1557-thinkbook-14-iml,1
Options Megastore,Yoga,7 14AHP9,,,,,,775,New,https://optionsmegastore.com/laptops/1559-yoga-7-14ahp9,1
Options Megastore,ASUS,Zenbook Q425MA,,,,,,999,New,https://optionsmegastore.com/laptops/1561-asus-zenbook-q425ma,1
Options Megastore,Latitude,7320 Detachable,,,,,,800,New,https://optionsmegastore.com/laptops/1562-latitude-7320-detachable,1
Options Megastore,Acer,Swift Go,,,,,,710,New,https://optionsmegastore.com/laptops/1563-acer-swift-go,1
Options Megastore,Vivobook,S 14 Flip,,,,,,830,New,https://optionsmegastore.com/laptops/1564-vivobook-s-14-flip,1
Options Megastore,Lenovo,Loq 15IAX9,,,,,,680,New,https://optionsmegastore.com/laptops/1568-lenovo-loq-15iax9,1
Options Megastore,Lenovo,V15 G4,,,,,,550,New,https://optionsmegastore.com/laptops/1571-lenovo-v15-g4,1
Options Megastore,Lenovo,Ideapad Slim 3,,,,,,399,New,https://optionsmegastore.com/laptops/1572-ideapad-slim-3,1
Options Megastore,Lenovo,V15,,,,,,560,New,https://optionsmegastore.com/laptops/1573-lenovo-laptop-v15,1
Options Megastore,Lenovo,Ideapad Slim 3 H,,,,,,660,New,https://optionsmegastore.com/laptops/1574-ideapad-slim-3-h,1
Options Megastore,Lenovo,Thinkpad X1,Intel Core i5-1245U,Integrated,,,,800,New,https://optionsmegastore.com/laptops/1577-lenovo-thinkpad-x1-core-i5-1245u,1
Options Megastore,Thinkbook,13 G3,,,,,,570,New,https://optionsmegastore.com/laptops/1578-thinkbook-13-g3,1
Options Megastore,Lenovo,Thinkpad E14 5700,,,,,,590,New,https://optionsmegastore.com/laptops/1579-thinkpad-e14-5700,1
Options Megastore,Lenovo,Thinkpad E14 Gen 5,,,,,,599,New,https://optionsmegastore.com/laptops/1581-thinkpad-e14-gen-5,1
Options Megastore,Thinkbook,16 G6,,,,,,650,New,https://optionsmegastore.com/laptops/1583-thinkbook-16-g6,1
Options Megastore,Lenovo,Thinkpad L13 G2,,,,,,599,New,https://optionsmegastore.com/laptops/1584-thinkpad-l13-g2,1
Options Megastore,Lenovo,Thinkpad X1 YOGA8,,,,,,1190,New,https://optionsmegastore.com/laptops/1585-thinkpad-x1-yoga8,1
Options Megastore,Thinkbook,Yoga 1335U,,,,,,860,New,https://optionsmegastore.com/laptops/1586-thinkbook-yoga-1335u,1
Options Megastore,Lenovo,Thinkpad E14 GEN5,,,,,,699,New,https://optionsmegastore.com/laptops/1587-thinkpad-e14-gen5,1
Options Megastore,Yoga,9I 14 X360,,,,,,780,New,https://optionsmegastore.com/laptops/1588-yoga-9i-14-x360,1
Options Megastore,Ideapad3,17ARE05,,,,,,499,New,https://optionsmegastore.com/laptops/1591-ideapad3-17are05,1
Options Megastore,Lenovo,Thinkpad P15V,,,,,,840,New,https://optionsmegastore.com/laptops/1592-thinkpad-p15v,1
Options Megastore,Lenovo,Yoga 6,,,,,,799,New,https://optionsmegastore.com/laptops/1593-lenovo-yoga-6,1
Options Megastore,Thinkbook,13X G2,,,,,,680,New,https://optionsmegastore.com/laptops/1594-thinkbook-13x-g2,1
Options Megastore,Fc0009Ca,RYZEN3,AMD Ryzen 3,Integrated AMD Radeon,,,,380,New,https://optionsmegastore.com/laptops/1597-fc0009ca-ryzen3,1
Options Megastore,Thinkbook,15 G4,,,,,,620,New,https://optionsmegastore.com/laptops/1598-thinkbook-15-g4,1
Options Megastore,Ideapad3,15ARE05,,,,,,420,New,https://optionsmegastore.com/laptops/1599-ideapad3-15are05,1
Options Megastore,Thinkbook,15 G3,,,,,,570,New,https://optionsmegastore.com/laptops/1600-thinkbook-15-g3,1
Options Megastore,Lthinkbook,15 G4,,,,,,730,New,https://optionsmegastore.com/laptops/1601-lthinkbook-15-g4,1
Options Megastore,Lenovo,Thinkpad G2 RYZEN7,AMD Ryzen 7,Integrated AMD Radeon,,,,630,New,https://optionsmegastore.com/laptops/1603-thinkpad-g2-ryzen7,1
Options Megastore,Lenovo,Thinkpad E16,,,,,,599,New,https://optionsmegastore.com/laptops/1604-lenovo-thinkpad-e16,1
Options Megastore,Lenovo,Ideapad Slim 3,Intel Core i3,Integrated,,,,430,New,https://optionsmegastore.com/laptops/1613-ideapad-slim-3-i3,1
Options Megastore,Lenovo,V15 G3,Intel Core i5,Integrated,,,,490,New,https://optionsmegastore.com/laptops/1614-lenovo-v15-g3-i5,1
Options Megastore,HP,Envy X360 14,,,,,,650,New,https://optionsmegastore.com/laptops/1616-hp-envy-x360-14,1
Options Megastore,MSI,Modern 15,,,,,,650,New,https://optionsmegastore.com/laptops/1627-msi-modern-15,1
Options Megastore,Yoga,6 2 In 1,,,,,,640,New,https://optionsmegastore.com/laptops/1632-yoga-6-2-in-1,1
Options Megastore,Slim,7,Intel Ultra 7,Integrated,,,,950,New,https://optionsmegastore.com/laptops/1637-slim-7-ultra-7,1
Options Megastore,Lenovo,Thinkpad X1 Carbon G11,,,,,,1680,New,https://optionsmegastore.com/laptops/1640-thinkpad-x1-carbon-g11,1
Options Megastore,ASUS,X515EA,Intel Core i3,Integrated,,,,370,New,https://optionsmegastore.com/laptops/1641-asus-x515ea-i3,1
Options Megastore,Lenovo,Thinkpad E15 G4,,,,,,680,New,https://optionsmegastore.com/laptops/1643-thinkpad-e15-g4,1
Options Megastore,Lenovo,Thinkpad P15V G3,,,,,,799,New,https://optionsmegastore.com/laptops/1645-thinkpad-p15v-g3,1
Options Megastore,Lenovo,Thinkpad E16 G2,,,,,,999,New,https://optionsmegastore.com/laptops/1647-thinkpad-e16-g2,1
Options Megastore,Aspire,A315,,,,,,444,New,https://optionsmegastore.com/laptops/1667-aspire-a315,1
Options Megastore,Ideapad1,15AMN7,,,,,,333,New,https://optionsmegastore.com/laptops/1668-ideapad1-15amn7,1
Options Megastore,HP,Envy 16T H100,,,,,,870,New,https://optionsmegastore.com/laptops/1681-hp-envy-16t-h100,1
Options Megastore,Lenovo,Thinkpad T14 G5,,,,,,1210,New,https://optionsmegastore.com/laptops/1730-lenovo-thinkpad-t14-g5,1
Options Megastore,Yoga,Book 9 Dual Screens,,,,,,1799,New,https://optionsmegastore.com/laptops/1738-yoga-book-9-dual-screens,1
Options Megastore,HP,Envy 14 Es,,,,,,850,New,https://optionsmegastore.com/laptops/1746-hp-envy-14-es,1
Options Megastore,Lenovo,Thinkbook 16,,,,,,750,New,https://optionsmegastore.com/laptops/1749-lenovo-thinkbook-16,1
Options Megastore,Lenovo,Thinkbook 13X,,,,,,899,New,https://optionsmegastore.com/laptops/1758-lenovo-thinkbook-13x,1
Options Megastore,HP,Probook 460 G11,,,,,,960,New,https://optionsmegastore.com/laptops/1760-hp-probook-460-g11,1
Options Megastore,HP,15FD,Intel Core i5-1235U,Integrated,,,,499,New,https://optionsmegastore.com/laptops/1767-hp-15fd-laptop-core-i5-1235u,1
Options Megastore,HP,17 Cp,AMD Ryzen 7,Integrated AMD Radeon,,,,650,New,https://optionsmegastore.com/laptops/1770-hp-17-cp-laptop-ryzen-7,1
Options Megastore,HP,Omen 16T,Intel Core i7,RTX 4070,,,,1450,New,https://optionsmegastore.com/laptops/1780-hp-omen-16t-core-i7-rtx4070,1
Options Megastore,ASUS,Vivobook S 16 Flip,,,,,,1010,New,https://optionsmegastore.com/laptops/1792-asus-vivobook-s-16-flip,1
Options Megastore,Apple,Macbook Pro MW2W3LLA M4,,Apple GPU,,,,1699,New,https://optionsmegastore.com/laptops/1793-apple-macbook-pro-mw2w3lla-m4,1
Options Megastore,Lenovo,Thinkpad T14 G5 Touch,,,,,,1450,New,https://optionsmegastore.com/laptops/1801-lenovo-thinkpad-t14-g5-touch,1
Options Megastore,HP,17,Intel Ultra 7 155h,Integrated,,,,850,New,https://optionsmegastore.com/laptops/1804-hp-17-ultra-7-155h,1
Options Megastore,ASUS,Zenbook Duo Oled,,,,,,1250,New,https://optionsmegastore.com/laptops/1805-asus-zenbook-duo-oled,1
Options Megastore,Lenovo,Thinkpad P16 G2 Workstation,,,,,,2699,New,https://optionsmegastore.com/laptops/1813-lenovo-thinkpad-p16-g2-workstation,1
Options Megastore,ASUS,Zenbook Duo Oled,Intel Ultra 9,Integrated,,,,2299,New,https://optionsmegastore.com/laptops/1817-asus-zenbook-duo-oled-ultra-9,1
Options Megastore,ASUS,Vivobook Go 15 Slim N100,Intel N100,Integrated,,,,390,New,https://optionsmegastore.com/laptops/1820-asus-vivobook-go-15-slim-n100,1
Options Megastore,Lenovo,Yoga 7 X360,Intel Core i7-1335U,Integrated,,,,880,New,https://optionsmegastore.com/laptops/1821-lenovo-yoga-7-x360-i7-1335u,1
Options Megastore,Lenovo,Thinkpad T14 G3,AMD Ryzen 7,Integrated AMD Radeon,,,,780,New,https://optionsmegastore.com/laptops/1828-lenovo-thinkpad-t14-g3-ryzen-7-pro,1
Options Megastore,Lenovo,Thinkpad T14S G1,AMD Ryzen 5,Integrated AMD Radeon,,,,535,New,https://optionsmegastore.com/laptops/1829-lenovo-thinkpad-t14s-g1-ryzen-5-pro,1
Options Megastore,Lenovo,Thinkpad T16 G2,AMD Ryzen 5,Integrated AMD Radeon,,,,635,New,https://optionsmegastore.com/laptops/1832-lenovo-thinkpad-t16-g2-ryzen-5-pro,1
Options Megastore,Lenovo,Thinkpad T16 G2 Touch,,,,,,799,New,https://optionsmegastore.com/laptops/1833-lenovo-thinkpad-t16-g2-touch,1
Options Megastore,Lenovo,Thinkpad T16 G1,Intel Core i5,Integrated,,,,720,New,https://optionsmegastore.com/laptops/1836-lenovo-thinkpad-t16-g1-i5,1
Options Megastore,Lenovo,Thinkbook 14,AMD Ryzen 7,Integrated AMD Radeon,,,,799,New,https://optionsmegastore.com/laptops/1840-lenovo-thinkbook-14-ryzen-7,1
Options Megastore,Apple,Macbook Pro 14,Apple M4,Apple GPU,,,,2150,New,https://optionsmegastore.com/laptops/1841-apple-macbook-pro-14-m4-chip,1
Options Megastore,Lenovo,Thinkpad X13 Yoga,Intel Core i7,Integrated,,,,899,New,https://optionsmegastore.com/laptops/1845-lenovo-thinkpad-x13-yoga-i7,1
Options Megastore,Lenovo,Ideapad 1 RYZEN7 5700U,AMD Ryzen 7 5700u,Integrated AMD Radeon,,,,480,New,https://optionsmegastore.com/laptops/1848-lenovo-ideapad-1-ryzen7-5700u,1
Options Megastore,HP,Omnibook,AMD Ryzen AI 9,Integrated AMD Radeon,,,,1599,New,https://optionsmegastore.com/laptops/1862-hp-omnibook-ultra-14-ryzen-ai-9,1
Options Megastore,HP,Elite X360 830 G11 ULTRA7,Intel Ultra 7,Integrated,,,,1100,New,https://optionsmegastore.com/laptops/1863-hp-elite-x360-830-g11-ultra7,1
Options Megastore,ASUS,Vivobook F15,Intel Core i5-1235U,Integrated,,,,410,New,https://optionsmegastore.com/laptops/1866-asus-vivobook-f15-i5-1235u,1
Options Megastore,MSI,Modern 15H,Intel Core i9-13900H,Integrated,,,,850,New,https://optionsmegastore.com/laptops/1874-msi-modern-15h-i9-13900h,1
Options Megastore,Lenovo,Thinkpad X1 Carbon G11 1355U,,,,,,1300,New,https://optionsmegastore.com/laptops/1875-lenovo-thinkpad-x1-carbon-g11-1355u,1
Options Megastore,ASUS,Zenbook 14 ULTRA5 125H,Intel Ultra 5 125h,Integrated,,,,699,New,https://optionsmegastore.com/laptops/1879-asus-zenbook-14-ultra5-125h,1
Options Megastore,HP,Dragonfly G4,Intel Core i7-1365U,Integrated,,,,1100,New,https://optionsmegastore.com/laptops/1883-hp-dragonfly-g4-i7-1365u,1
Options Megastore,HP,250 G10 15AK,Intel Core i3-1315U,Integrated,,,,550,New,https://optionsmegastore.com/laptops/1891-hp-250-g10-15ak-core-i3-1315u,1
Options Megastore,Lenovo,Thinkpad L13 Yoga X360 GEN3,,,,,,699,New,https://optionsmegastore.com/laptops/1894-lenovo-thinkpad-l13-yoga-x360-gen3,1
Options Megastore,Microsoft,Surface Pro 10,Intel Ultra 7 165u,Integrated,,,,1610,New,https://optionsmegastore.com/laptops/1901-microsoft-surface-pro-10-ultra-7-165u,1
Options Megastore,Dell,Inspiron 16 Touch,AMD Ryzen 7 8840,Integrated AMD Radeon,,,,899,New,https://optionsmegastore.com/laptops/1904-dell-inspiron-16-touch-ryzen-7-8840,1
Options Megastore,Dell,Inspiron 7445 14 2 In 1,,,,,"14.2"" touch",650,New,https://optionsmegastore.com/laptops/1921-dell-inspiron-7445-14-2-in-1,1
Options Megastore,Acer,Nitro 5,Intel Core i7-13620H,RTX 2050,,,,850,New,https://optionsmegastore.com/laptops/1925-acer-nitro-5-core-i7-13620h-rtx-2050,1
Options Megastore,Lenovo,Ideapad 5 ULTRA5 120U 2 In 1,Intel Ultra 5 120u,Integrated,,,,670,New,https://optionsmegastore.com/laptops/1928-lenovo-ideapad-5-ultra5-120u-2-in-1,1
Options Megastore,Lenovo,YOGA7,Intel Ultra 5 125u,Integrated,,,"16""",770,New,https://optionsmegastore.com/laptops/1935-lenovo-yoga7-16-inch-ultra5-125u,1
Options Megastore,Lenovo,Ideapad SLIM3 N305U,,,,,,399,New,https://optionsmegastore.com/laptops/1936-lenovo-ideapad-slim3-n305u,1
Options Megastore,Gateway,Slim,Intel Core i5-1235U,Integrated,,,,499,New,https://optionsmegastore.com/laptops/1949-gateway-slim-i5-1235u-14-touch,1
Options Megastore,Lenovo,Thinkpad T14 G2 5850U,,,,,,785,New,https://optionsmegastore.com/laptops/1952-lenovo-thinkpad-t14-g2-5850u,1
Options Megastore,Lenovo,1 15AIU7,Intel Core i5-1235U,Integrated,,,,535,New,https://optionsmegastore.com/laptops/1953-lenovo-1-15aiu7-i5-1235u-blue,1
Options Megastore,Lenovo,1 15IAU7,Intel Core i5-1235U,Integrated,,,,555,New,https://optionsmegastore.com/laptops/1954-lenovo-1-15iau7-i5-1235u-grey,1
Options Megastore,HP,17Z CP300,AMD Ryzen 5 7530u,Integrated AMD Radeon,,,,499,New,https://optionsmegastore.com/laptops/1956-hp-17z-cp300-ryzen-5-7530u,1
Options Megastore,HP,15 FD0101DS N100,Intel N100,Integrated,8GB,256GB SSD,,455,New,https://optionsmegastore.com/laptops/1963-hp-15-fd0101ds-n100-8gb-256gb-white,1
Options Megastore,Lenovo,Slim 3 15AMN8,AMD Ryzen 5 7520u,Integrated AMD Radeon,,,,565,New,https://optionsmegastore.com/laptops/1971-lenovo-slim-3-15amn8-ryzen-5-7520u-156,1
Options Megastore,Lenovo,Flex 5 14ITL05 2 In 1,Intel Core i3,Integrated,,,,423,New,https://optionsmegastore.com/laptops/1973-lenovo-flex-5-14itl05-2-in-1-core-i3,1
Options Megastore,HP,Envy X360 15 FH0013,,,,,,620,New,https://optionsmegastore.com/laptops/1976-hp-envy-x360-15-fh0013,1
Options Megastore,Lenovo,3 15IAU7 Touchscreen,Intel Core i7-1255U,Integrated,,,,699,New,https://optionsmegastore.com/laptops/1978-lenovo-3-15iau7-touchscreen-core-i7-1255u,1
Options Megastore,HP,Pavilion 16 AG0070,AMD Ryzen 7 8840hs,Integrated AMD Radeon,,,,720,New,https://optionsmegastore.com/laptops/1979-hp-pavilion-16-ag0070-ryzen-7-8840hs,1
Options Megastore,HP,Pavilion 16T AF000,Intel Ultra 7 155u,Integrated,,,,899,New,https://optionsmegastore.com/laptops/1985-hp-pavilion-16t-af000-ultra-7-155u,1
Options Megastore,Lenovo,Thinkpad X13 Yoga Gen 3,Intel Core i5-1245U,Integrated,,,,790,New,https://optionsmegastore.com/laptops/1987-lenovo-thinkpad-x13-yoga-gen-3-core-i5-1245u,1
Options Megastore,MSI,Vector 16 Hx,Intel Core i9-14900HX,RTX 4090,,,,2799,New,https://optionsmegastore.com/laptops/1988-msi-vector-16-hx-core-i9-14900hx-rtx-4090,1
Options Megastore,Lenovo,Thinkpad T14 G4 Touch,Intel Core i7-1355U,Integrated,,,,1050,New,https://optionsmegastore.com/laptops/1989-lenovo-thinkpad-t14-g4-touch-i7-1355u,1
Options Megastore,Lenovo,Thinkpad T14 G5 Touch ULTRA7 165U,Intel Ultra 7 165u,Integrated,32GB,,,1340,New,https://optionsmegastore.com/laptops/1993-lenovo-thinkpad-t14-g5-touch-ultra7-165u-32gb,1
Options Megastore,MSI,Vector 16 Ai A2WIG,Intel Ultra 9,RTX 5080,,,,2900,New,https://optionsmegastore.com/laptops/2002-msi-vector-16-ai-a2wig-ultra-9-rtx-5080-laptop,1
Options Megastore,MSI,Modern 15,Intel Core i7-1255U,Integrated,16GB,,,699,New,https://optionsmegastore.com/laptops/2015-msi-modern-15-ultra-thin-core-i7-1255u-16gb,1
Options Megastore,MSI,Summit E13 Flip Evo 2 In 1,Intel Core i7,Integrated,,,,899,New,https://optionsmegastore.com/laptops/2016-msi-summit-e13-flip-evo-2-in-1-laptop-core-i7,1
Options Megastore,HP,Omnibook X Copilot,Snapdragon x plus,Integrated Adreno,,,,810,New,https://optionsmegastore.com/laptops/2023-hp-omnibook-x-copilot-snapdragon-x-plus-touch-laptop,1
Options Megastore,Lenovo,Thinkpad X1 Yoga GEN6,Intel Core i7,Integrated,,,,699,New,https://optionsmegastore.com/laptops/2024-lenovo-thinkpad-x1-yoga-gen6-i7-1185g7-laptop,1
Options Megastore,Apple,Air Starlight,,,,,,1250,New,https://optionsmegastore.com/macbook-air/1707-apple-air-starlight,1
Options Megastore,Apple,Air Midnight,,,,,,1440,New,https://optionsmegastore.com/macbook-air/1708-apple-air-midnight,1
Options Megastore,Apple,Macbook Air M1,,Apple GPU,,,,799,New,https://optionsmegastore.com/macbook-air/1710-apple-macbook-air-m1,1
Options Megastore,Apple,Macbook Air 13 MC6U4LLA,Apple M4,Apple GPU,,,,1325,New,https://optionsmegastore.com/macbook-air/2122-apple-macbook-air-13-mc6u4lla-m4-chip,1
Options Megastore,Apple,Macbook Air,,Apple GPU,,,,1299,New,https://optionsmegastore.com/macbook-air/2125-apple-macbook-air-laptop-mc8p4lla,1
Options Megastore,Apple,Macbook Air MC6C4LLA,Apple M4,Apple GPU,,,,1750,New,https://optionsmegastore.com/macbook-air/2191-apple-macbook-air-mc6c4lla-m4-chip,1
Options Megastore,Apple,Macbook Air M4 Z1CX000RW,,Apple GPU,,,,1750,New,https://optionsmegastore.com/macbook-air/2194-apple-macbook-air-m4-z1cx000rw,1
Options Megastore,Apple,Macbook Air 153 M5 Starlight,,Apple GPU,,,,1745,New,https://optionsmegastore.com/macbook-air/2447-apple-macbook-air-153-m5-starlight,1
Options Megastore,Apple,Macbook Air,Apple M5,Apple GPU,,,,1700,New,https://optionsmegastore.com/macbook-air/2502-apple-macbook-air-m5-chip-mdhk4hna,1
Options Megastore,Apple,Macbook Air,Apple M5,Apple GPU,,,,2199,New,https://optionsmegastore.com/macbook-air/2568-apple-macbook-air-m5-chip-mdvn4lla,1
Options Megastore,Apple,Macbook Pro MX2X3 16 M4 Pro,,Apple GPU,,,,2500,New,https://optionsmegastore.com/macbook-pro/1907-apple-macbook-pro-mx2x3-16-m4-pro,1
Options Megastore,Apple,Macbook Pro 142 MR7J3,Apple M3,Apple GPU,,,,1450,New,https://optionsmegastore.com/macbook-pro/1910-macbook-pro-142-mr7j3-m3-chip,1
Options Megastore,Apple,Macbook Pro 14 MX2G3LLA,Apple M4,Apple GPU,,,,3025,New,https://optionsmegastore.com/macbook-pro/2121-apple-macbook-pro-14-mx2g3lla-m4-chip,1
Options Megastore,Apple,Macbook Pro M3 Max MRX53ABA,,Apple GPU,,,,2900,New,https://optionsmegastore.com/macbook-pro/2192-apple-macbook-pro-m3-max-mrx53aba,1
Options Megastore,Apple,Macbook Pro 14 MDE44 M5,,Apple GPU,,,,2100,New,https://optionsmegastore.com/macbook-pro/2340-apple-macbook-pro-14-mde44-m5,1
Options Megastore,Apple,Macbook Pro M5 Z1KH000US,,Apple GPU,,,,2499,New,https://optionsmegastore.com/macbook-pro/2441-apple-macbook-pro-m5-z1kh000us,1
Options Megastore,Apple,Macbook PRO16 M5MAX MGEE4LLA,,Apple GPU,,,,5050,New,https://optionsmegastore.com/macbook-pro/2463-apple-macbook-pro16-m5max-mgee4lla,1
Options Megastore,Apple,Macbook Pro M5 Max MGDU4LLA,,Apple GPU,,,,4250,New,https://optionsmegastore.com/macbook-pro/2489-macbook-pro-m5-max-mgdu4lla,1
Options Megastore,Apple,Macbook Pro M5 Pro Chip MGDR4LLA,Apple M5 Pro,Apple GPU,,,,2700,New,https://optionsmegastore.com/macbook-pro/2504-apple-macbook-pro-m5-pro-chip-mgdr4lla,1
Options Megastore,Apple,Macbook Pro M5 Pro MGEA4LLA,,Apple GPU,,,,2999,New,https://optionsmegastore.com/macbook-pro/2569-macbook-pro-m5-pro-mgea4lla,1
Options Megastore,HP,Zbook Studio 16 G10 Mobile Workstation,,,,,,1350,New,https://optionsmegastore.com/mobile-workstation-laptops/2042-hp-zbook-studio-16-g10-mobile-workstation,1
Options Megastore,Lenovo,Thinkpad P1 Gen 6 Mobile Workstation,Intel Core i9,Integrated,,,,2999,New,https://optionsmegastore.com/mobile-workstation-laptops/2050-lenovo-thinkpad-p1-gen-6-mobile-workstation-core-i9,1
Options Megastore,HP,Zbook Power G10 Mobile Workstation,,,,,,1760,New,https://optionsmegastore.com/mobile-workstation-laptops/2052-hp-zbook-power-g10-mobile-workstation-laptop,1
Options Megastore,HP,Dev One,AMD Ryzen 7,Integrated AMD Radeon,,,,670,New,https://optionsmegastore.com/mobile-workstation-laptops/2086-hp-dev-one-amd-ryzen-7-pro-laptop,1
Options Megastore,Lenovo,Thinkpad P16V G2,Intel Ultra 7,Integrated,,,,2399,New,https://optionsmegastore.com/mobile-workstation-laptops/2108-lenovo-thinkpad-p16v-g2-ultra-7-mobile-workstation,1
Options Megastore,Lenovo,P1 G7 Mobile Workstation,Intel Ultra 7 155h,Integrated,,,,1950,New,https://optionsmegastore.com/mobile-workstation-laptops/2171-lenovo-p1-g7-mobile-workstation-ultra-7-155h,1
Options Megastore,HP,Zbook Studio G11 ULTRA7 165H,Intel Ultra 7 165h,Integrated,32GB,,,2250,New,https://optionsmegastore.com/mobile-workstation-laptops/2253-hp-zbook-studio-g11-ultra7-165h-32gb,1
Options Megastore,Lenovo,Thinkpad T1G G8 ULTRA9,Intel Ultra 9,RTX 5070,,,,4299,New,https://optionsmegastore.com/mobile-workstation-laptops/2421-lenovo-thinkpad-t1g-g8-ultra9-rtx-5070,1
Options Megastore,Lenovo,Thinkpad P14S G6,AMD Ryzen AI 9,Integrated AMD Radeon,64GB,,,2599,New,https://optionsmegastore.com/mobile-workstation-laptops/2444-lenovo-thinkpad-p14s-g6-ryzen-ai9-64gb,1
Options Megastore,HP,Zbook,AMD Ryzen AI Max+ 390,Integrated AMD Radeon,,,,3650,New,https://optionsmegastore.com/mobile-workstation-laptops/2466-hp-zbook-ultra-g1a-ryzen-ai-max-pro-390,1
Options Megastore,Lenovo,Thinkpad P16V,Intel Ultra 9 185h,Integrated,,,,2999,New,https://optionsmegastore.com/mobile-workstation-laptops/2503-lenovo-thinkpad-p16v-ultra-9-185h,1
Options Megastore,Lenovo,Thinkpad P14S Mobile Workstation,AMD Ryzen AI 7 450,Integrated AMD Radeon,,,,2100,New,https://optionsmegastore.com/mobile-workstation-laptops/2518-thinkpad-p14s-mobile-workstation-ryzen-ai-7-pro-450,1
Options Megastore,Lenovo,Thinkpad P16 G3,Intel Ultra 7 255h,Integrated,,,,2699,New,https://optionsmegastore.com/mobile-workstation-laptops/2546-lenovo-thinkpad-p16-g3-ultra-7-255h,1
Options Megastore,ASUS,Proart PZ13 3K Oled Detachable,,,,,,1199,New,https://optionsmegastore.com/snapdragon-laptops/2027-asus-proart-pz13-3k-oled-detachable-laptop,1
Options Megastore,Dell,Inspiron 14 Plus I7441 Touchscreen,,,,,,799,New,https://optionsmegastore.com/snapdragon-laptops/2029-dell-inspiron-14-plus-i7441-touchscreen-laptop,1
Options Megastore,Microsoft,Surface,,,,,,1199,New,https://optionsmegastore.com/snapdragon-laptops/2031-microsoft-surface-laptop-ep2-06079-copilot,1
Options Megastore,Samsung,Galaxy BOOK4,Snapdragon x elite,Integrated Adreno,,,,1399,New,https://optionsmegastore.com/snapdragon-laptops/2037-samsung-galaxy-book4-snapdragon-x-elite,1
Options Megastore,HP,Elitebook,Snapdragon x elite,Integrated Adreno,,,,1699,New,https://optionsmegastore.com/snapdragon-laptops/2038-hp-elitebook-ultra-g1q-14-laptop-snapdragon-x-elite,1
Options Megastore,Microsoft,Surface Pro 11 Copilot Plus 2 In 1,Snapdragon x elite,Integrated Adreno,,,,2500,New,https://optionsmegastore.com/snapdragon-laptops/2070-surface-pro-11-copilot-plus-2-in-1-laptop-snapdragon-x-elite,1
Options Megastore,Microsoft,Surface Pro 12 Ep2 27770,Snapdragon x plus,Integrated Adreno,,,,1149,New,https://optionsmegastore.com/snapdragon-laptops/2202-surface-pro-12-ep2-27770-snapdragon-x-plus,1
Options Megastore,Microsoft,Surface,Snapdragon x elite,Integrated Adreno,,,,1550,New,https://optionsmegastore.com/snapdragon-laptops/2206-surface-laptop-copilotplus-13-8-snapdragon-x-elite,1
Options Megastore,Microsoft,Surface,Snapdragon x elite,Integrated Adreno,,,,1399,New,https://optionsmegastore.com/snapdragon-laptops/2207-surface-laptop-7-15-copilotplus-snapdragon-x-elite-ai,1
Options Megastore,Dell,Xps 9345 13 Touch,Snapdragon x elite,Integrated Adreno,,,,1250,New,https://optionsmegastore.com/snapdragon-laptops/2259-dell-xps-9345-13-touch-snapdragon-x-elite,1
Options Megastore,Dell,Inspiron 14 I5441,Snapdragon x1,Integrated Adreno,16GB,,,699,New,https://optionsmegastore.com/snapdragon-laptops/2288-dell-inspiron-14-i5441-snapdragon-x1-16gb,1
Options Megastore,Lenovo,Yoga Slim 7X,Snapdragon x elite,Integrated Adreno,,,,1180,New,https://optionsmegastore.com/snapdragon-laptops/2428-lenovo-yoga-slim-7x-snapdragon-x-elite,1
Options Megastore,Dell,Inspiron 15 3520 Touch,Intel Core i5-1235U,Integrated,8GB,512GB SSD,,499,New,https://optionsmegastore.com/touchscreen-laptops/2208-dell-inspiron-15-3520-touch-i5-1235u-8gb-512gb,1
Options Megastore,Lenovo,Thinkpad T16 G3 Touch,Intel Ultra 7 155u,Integrated,16GB,,,1299,New,https://optionsmegastore.com/touchscreen-laptops/2218-lenovo-thinkpad-t16-g3-touch-ultra-7-155u-16gb,1
Options Megastore,Lenovo,Thinkpad T14 G6 Touch,Intel Ultra 7 258v,Integrated,,,,1550,New,https://optionsmegastore.com/touchscreen-laptops/2228-lenovo-thinkpad-t14-g6-touch-ultra-7-258v-business,1
Options Megastore,Dell,Inspiron 15 Touch,AMD Ryzen 5 7530u,Integrated AMD Radeon,,,,520,New,https://optionsmegastore.com/touchscreen-laptops/2306-dell-inspiron-15-touch-ryzen-5-7530u,1
Options Megastore,Dell,15 DC15250 Touch,Intel Core i7-1355U,Integrated,,,,699,New,https://optionsmegastore.com/touchscreen-laptops/2370-dell-15-dc15250-touch-core-i7-1355u,1
Options Megastore,Dell,Inspiron 3535 RYZEN7 Touch,AMD Ryzen 7,Integrated AMD Radeon,,,,690,New,https://optionsmegastore.com/touchscreen-laptops/2393-dell-inspiron-3535-ryzen7-touch,1
Options Megastore,HP,15 FC0049 RYZEN7 7730U Touch,AMD Ryzen 7 7730u,Integrated AMD Radeon,,,,775,New,https://optionsmegastore.com/touchscreen-laptops/2400-hp-15-fc0049-ryzen7-7730u-touch,1
Options Megastore,HP,15 EG0081CL,Intel Core i7,Integrated,,,,499,New,https://optionsmegastore.com/traditional-laptops/2066-hp-15-eg0081cl-core-i7-1165g7-laptop,1
Options Megastore,Lenovo,Ideapad 3 14ITL05,Intel Core i3,Integrated,,,,360,New,https://optionsmegastore.com/traditional-laptops/2071-lenovo-ideapad-3-14itl05-core-i3-1115g4-laptop,1
Options Megastore,HP,15 EF2130WM,AMD Ryzen 5 5500u,Integrated AMD Radeon,,,,399,New,https://optionsmegastore.com/traditional-laptops/2090-hp-15-ef2130wm-amd-ryzen-5-5500u,1
Options Megastore,ASUS,Vivobook Go,AMD Ryzen 3 7320u,Integrated AMD Radeon,,,,385,New,https://optionsmegastore.com/traditional-laptops/2091-asus-vivobook-go-ryzen-3-7320u-156,1
Options Megastore,HP,15 FD100,Intel Core 7 150u,Integrated,,,,699,New,https://optionsmegastore.com/traditional-laptops/2172-hp-15-fd100-core-7-150u-laptop,1
Options Megastore,Lenovo,Ideapad 1 15IAU7,Intel Core i3-1215U,Integrated,,,,399,New,https://optionsmegastore.com/traditional-laptops/2178-lenovo-ideapad-1-15iau7-core-i3-1215u-student-laptop,1
Options Megastore,Lenovo,Ideapad Slim 3,Intel Core 5 120u,Integrated,,,,499,New,https://optionsmegastore.com/traditional-laptops/2184-lenovo-ideapad-slim-3-core-5-120u-budget-laptop,1
Options Megastore,HP,17T CN200,Intel Core i5-1334U,Integrated,12GB,,,650,New,https://optionsmegastore.com/traditional-laptops/2225-hp-17t-cn200-laptop-i5-1334u-12gb-ram,1
Options Megastore,HP,15 FD0133WM,Intel Core i3-N305,Integrated,,,,485,New,https://optionsmegastore.com/traditional-laptops/2316-hp-15-fd0133wm-i3-n305,1
Options Megastore,Samsung,Galaxy BOOK5 Ai NP750XHD,,,,,,899,New,https://optionsmegastore.com/traditional-laptops/2344-samsung-galaxy-book5-ai-np750xhd,1
Options Megastore,HP,17 CN400,Intel Core 3 100u,Integrated,,,,430,New,https://optionsmegastore.com/traditional-laptops/2347-hp-17-cn400-core-3-100u,1
Options Megastore,ASUS,Vivobook 15,Intel Core i7-1355U,Integrated,,,,630,New,https://optionsmegastore.com/traditional-laptops/2352-asus-vivobook-15-i7-1355u,1
Options Megastore,Dell,Inspiron 16 5640 Touch,,,,,,785,New,https://optionsmegastore.com/traditional-laptops/2375-dell-inspiron-16-5640-touch,1
Options Megastore,Lenovo,5 14ARE05 RYZEN7 4700,AMD Ryzen 7 4700,Integrated AMD Radeon,,,,670,New,https://optionsmegastore.com/traditional-laptops/2376-lenovo-5-14are05-ryzen7-4700,1
Options Megastore,HP,17 CP2025,AMD Ryzen 5 7520u,Integrated AMD Radeon,,,,590,New,https://optionsmegastore.com/traditional-laptops/2392-hp-17-cp2025-ryzen-5-7520u,1
Options Megastore,HP,17T CN300,Intel Core i5-1334U,Integrated,,,,650,New,https://optionsmegastore.com/traditional-laptops/2395-hp-17t-cn300-i5-1334u-black,1
Options Megastore,HP,15 FC0382 RYZEN3 7320U,AMD Ryzen 3 7320u,Integrated AMD Radeon,,,,540,New,https://optionsmegastore.com/traditional-laptops/2396-hp-15-fc0382-ryzen3-7320u,1
Options Megastore,Dell,15 DC15250 CORE3 100U,Intel Core 3 100u,Integrated,,,,399,New,https://optionsmegastore.com/traditional-laptops/2398-dell-15-dc15250-core3-100u,1
Options Megastore,Lenovo,1 15AMN7,AMD Ryzen 5 7520u,Integrated AMD Radeon,,,,670,New,https://optionsmegastore.com/traditional-laptops/2399-lenovo-1-15amn7-ryzen-5-7520u,1
Options Megastore,HP,15 FD0079,Intel N200,Integrated,,,,399,New,https://optionsmegastore.com/traditional-laptops/2402-hp-15-fd0079-intel-n200-black,1
Options Megastore,HP,15 FD2003NE,Intel Ultra 5 225u,Integrated,,,,745,New,https://optionsmegastore.com/traditional-laptops/2422-hp-15-fd2003ne-ultra-5-225u,1
Options Megastore,Lenovo,V15 G5 Irl,Intel Core i3-1315U,Integrated,,,,550,New,https://optionsmegastore.com/traditional-laptops/2477-lenovo-v15-g5-irl-i3-1315u,1
Options Megastore,Lenovo,Ideapad Slim 3,Intel Ultra 7 355,Integrated,,,,999,New,https://optionsmegastore.com/traditional-laptops/2486-lenovo-ideapad-slim-3-ultra-7-355,1
Options Megastore,HP,15 FD2747NR Touch,Intel Ultra 7 255u,Integrated,,,,999,New,https://optionsmegastore.com/traditional-laptops/2516-hp-15-fd2747nr-touch-core-ultra-7-255u,1
Options Megastore,Lenovo,Ideapad SLIM3 RYZEN7 170,AMD Ryzen 7 170,Integrated AMD Radeon,,,,799,New,https://optionsmegastore.com/traditional-laptops/2526-lenovo-ideapad-slim3-ryzen7-170,1
Options Megastore,HP,15 FD1899NR,Intel Core 7 150u,Integrated,16GB,512GB SSD,,850,New,https://optionsmegastore.com/traditional-laptops/2542-hp-15-fd1899nr-core-7-150u-16gb-512gb,1
Options Megastore,Samsung,Galaxy BOOK6 16,Intel Ultra 7 355,Integrated,,,,1275,New,https://optionsmegastore.com/traditional-laptops/2544-samsung-galaxy-book6-16-ultra-7-355,1
Options Megastore,Lenovo,V15 G4,AMD Ryzen 5 7520u,Integrated AMD Radeon,,,,588,New,https://optionsmegastore.com/traditional-laptops/2545-lenovo-v15-g4-ryzen-5-7520u,1
Options Megastore,HP,Omnibook X Flip 16Z,AMD Ryzen AI 5 340,Integrated AMD Radeon,,,,840,New,https://optionsmegastore.com/traditional-laptops/2547-hp-omnibook-x-flip-16z-ryzen-ai-5-340,1
Techno Media Trade,Acer,Nitro Lite,Intel Core i7-13620H,RTX 3050 6GB,16GB,512GB SSD,"16""",1050,New,https://technomediatrade.com/product/acer-nitro-lite-i7-13620h-16gb-512gb-nvme-rtx-3050-6gb-16-inch-wuxga-165hz/,1
Techno Media Trade,Acer,Nitro V15 ANV15 52 778V,Intel Core i7-13620H,RTX 5050 8GB,16GB,512GB SSD,"15.6""",1249,New,https://technomediatrade.com/product/acer-nitro-v15-anv15-52-778v-i7-13620h-16gb-512gb-nvme-15-6-inch-165hz-rtx-5050-8gb-w11/,1
Techno Media Trade,Acer,Predator Helios Neo 18 Ai,Intel Ultra 9 275hx,RTX 5070 Ti 12GB,32GB,2TB SSD,"18""",2875,New,https://technomediatrade.com/product/acer-predator-helios-neo-18-ai-ultra-9-275hx-32gb-2tb-nvme-18-inch-240hz-rtx5070ti-12gb/,1
Techno Media Trade,Dell,Alienware 16 Aura,,RTX 5050,,,,1300,New,https://technomediatrade.com/product/alienware-16-aura-rtx-5050-gaming-laptop-lebanon/,1
Techno Media Trade,Apple,Ipad Air MV6T3LL,,,8GB,128GB SSD,"13""",730,New,https://technomediatrade.com/product/apple-ipad-air-mv6t3ll-13-inch-m2-wi-fi-cellular-8gb-ram-128gb-ssd-starlight/,1
Techno Media Trade,Apple,Macbook Pro A1398,Intel Core i7,Apple GPU,16GB,256GB SSD,"15""",299,New,https://technomediatrade.com/product/apple-macbook-pro-a1398-15-inch-i7-16gb-256gb-ssd/,1
Techno Media Trade,ASUS,Expertbook B3 Qualcomm,Snapdragon,Integrated Adreno,4GB,128GB SSD,"10.5""",300,New,https://technomediatrade.com/product/asus-expertbook-b3-qualcomm-snapdragon-gen-2-4gb-128gb-nvme-10-5-inch-wuxga-ts-windows-11/,1
Techno Media Trade,ASUS,Rog Flow Z13 90NROJY1 M006Z0,AMD Ryzen AI Max+ 395,,64GB,1TB SSD,"13.4"" touch",2650,Open box,https://technomediatrade.com/product/asus-rog-flow-z13-90nrojy1-m006z0-ryzen-ai-max-395-64gb-ob-1tb-13-4-inch-2-5k-180hz-touchscreen-windows-11/,1
Techno Media Trade,ASUS,Rog Strix G16,Intel Core i9-13980HX,RTX 4070 8GB,16GB,1TB SSD,"16""",1600,New,https://technomediatrade.com/product/asus-rog-strix-g16-core-i9-13980hx-16gb-1tb-16-inch-wqxga-240hz-rtx4070-8gb/,1
Techno Media Trade,ASUS,Rog Strix Scar 18,Intel Ultra 9 275hx,RTX 5090 24GB,64GB,2TB SSD,"18""",5200,New,https://technomediatrade.com/product/asus-rog-strix-scar-18-ultra-9-275hx-64gb-ddr5-2tb-nvme-rtx5090-24gb-18-inch-2-5k-240hz-w11/,1
Techno Media Trade,ASUS,Rog Zephyrus Duo GX651AR DB96,Intel Ultra 9 386h,RTX 5070 Ti 12GB,32GB,1TB SSD,"16""",5350,Open box,https://technomediatrade.com/product/asus-rog-zephyrus-duo-gx651ar-db96-ultra-9-386h-32gb-ob-1tb-16-inch-3k-120hz-rtx5070ti-12gb-windows-11/,1
Techno Media Trade,ASUS,Rog Zephyrus Duo GX651AX DB96,Intel Ultra 9 386h,RTX 5090 24GB,32GB,1TB SSD,"16""",6950,Open box,https://technomediatrade.com/product/asus-rog-zephyrus-duo-gx651ax-db96-ultra-9-386h-32gb-ob-1tb-16-inch-3k-120hz-rtx5090-24gb-windows-11/,1
Techno Media Trade,ASUS,Tuf A18,AMD Ryzen 7 260,RTX 5050 8GB,16GB,1TB SSD,"18""",1475,New,https://technomediatrade.com/product/asus-tuf-a18-ryzen-7-260-16gb-ddr5-1tb-nvme-ssd-18-inch-wuxga-144hz-rtx-5050-8gb-windows-11/,1
Techno Media Trade,ASUS,Tuf Gaming A15 FA506NCR,AMD Ryzen 7 7435hs,RTX 3050 4GB,8GB,512GB SSD,"15.6""",950,New,https://technomediatrade.com/product/asus-tuf-gaming-a15-fa506ncr-ryzen-7-7435hs-8gb-512gb-nvme-15-6-inch-fhd-144hz-nvidia-rtx-3050-4gb-w11-graphite-black/,1
Techno Media Trade,ASUS,Tuf Gaming A16,AMD Ryzen 5 7535hs,RTX 4050 6GB,16GB,512GB SSD,,950,New,https://technomediatrade.com/product/asus-tuf-gaming-a16-ryzen-5-7535hs-16gb-512gb-16-fhd-144hzrtx4050-6gb/,1
Techno Media Trade,ASUS,Tuf Gaming A16,AMD Ryzen 7 7445hs,RTX 4050 6GB,16GB,512GB SSD,,1050,New,https://technomediatrade.com/product/asus-tuf-gaming-a16-ryzen-7-7445hs-16gb-512gb-16-fhd-165hz-rtx4050-6gb/,1
Techno Media Trade,ASUS,Tuf,,RTX 5060,,,,1600,New,https://technomediatrade.com/product/asus-tuf-laptop-rtx-5060-gaming-lebanon/,1
Techno Media Trade,ASUS,Vivobook 14,Intel Core 5 256gb,Integrated,,256GB SSD,,535,New,https://technomediatrade.com/product/asus-vivobook-14-core-5-256gb-laptop-lebanon/,1
Techno Media Trade,ASUS,Vivobook 15 F1502VA,Intel Core i9-13900H,Integrated,16GB,1TB SSD,"15.6""",849,New,https://technomediatrade.com/product/asus-vivobook-15-f1502va-i9-13900h-16gb-1tb-nvme-15-6-inch-windows-11/,1
Techno Media Trade,ASUS,Vivobook 15,Intel Core i7,Integrated,,,,699,New,https://technomediatrade.com/product/asus-vivobook-15-i7-touchscreen-laptop-lebanon/,1
Techno Media Trade,ASUS,Vivobook 16,Intel Core i9,Integrated,,,,850,New,https://technomediatrade.com/product/asus-vivobook-16-core-i9-laptop-lebanon/,1
Techno Media Trade,ASUS,Vivobook 16 F1605VA WS74,Intel Core i7-1355U,Integrated,16GB,512GB SSD,"16""",700,New,https://technomediatrade.com/product/asus-vivobook-16-f1605va-ws74-core-i7-1355u-16gb-512gb-nvme-16-inch-fhd-intel-iris-xe-windows-11/,1
Techno Media Trade,ASUS,Vivobook 16X K3605VU WS96,Intel Core i9-13900H,RTX 4050 6GB,16GB,1TB SSD,"16""",1250,New,https://technomediatrade.com/product/asus-vivobook-16x-k3605vu-ws96-i9-13900h-16gb-1tb-nvme-16-inch-wuxga-rtx4050-6gb-windows-11/,1
Techno Media Trade,ASUS,Vivobook 18 M1807HA DS79,AMD Ryzen 7 260,Integrated AMD Radeon,32GB,1TB SSD,,1200,New,https://technomediatrade.com/product/asus-vivobook-18-m1807ha-ds79-ryzen-7-260-32gb-1tb-nvme-18-wuxga-144hz-amd-radeon-w11-pro-quiet-blue/,1
Techno Media Trade,ASUS,Vivobook Pro 15,,RTX 4060,,,,1400,New,https://technomediatrade.com/product/asus-vivobook-pro-15-rtx-4060-oled-lebanon/,1
Techno Media Trade,ASUS,Vivobook S 14 Oled,,,,,,1050,New,https://technomediatrade.com/product/asus-vivobook-s-14-oled-laptop-lebanon/,1
Techno Media Trade,ASUS,Vivobook S 15 Oled K5504VA PB99 Bape Edition,Intel Core i9-13900H,Integrated,16GB,1TB SSD,"15.6"" OLED",990,Open box,https://technomediatrade.com/product/asus-vivobook-s-15-oled-k5504va-pb99-bape-edition-i9-13900h-16gb-ob-1tb-15-6-inch-oled-120hz-windows-11/,1
Techno Media Trade,ASUS,Vivobook S 16 Flip TP3604VA,Intel Core i5-1335U,Integrated,8GB,512GB SSD,"16"" touch",600,New,https://technomediatrade.com/product/asus-vivobook-s-16-flip-tp3604va-i5-1335u-8gb-512gb-nvme-16-inch-wuxga-touchscreen-windows-11/,1
Techno Media Trade,ASUS,Zenbook Pro Duo UX582,Intel Core i9-12900H,RTX 3070 Ti,32GB,1TB SSD,,1600,New,https://technomediatrade.com/product/asus-zenbook-pro-duo-ux582-i9-12900h-32gb-1tb-rtx3070ti/,1
GoMicroCity,Laptop,Intel,AMD Ryzen 5,Integrated AMD Radeon,,,,,New,https://www.gomicrocity.com/guide/laptop-intel-core-i5-vs-i7-vs-ryzen-5-vs-ryzen-7-which-to-pick,1
GoMicroCity,HP,Hp,Intel Core i7,Integrated,,,,,New,https://www.gomicrocity.com/picks/laptop-hp-core-i7-laptop-price-in-lebanon,1
